person_id,name,gender,date_of_birth,age,city,state,country,community_id,source,source_role,confidence,source_person_id,identity_status
SYN_P_0001,Aarav Bansal,M,2003-06-29,53.0,Bengaluru,Karnataka,India,,synthetic,,1.0,,
SYN_P_0002,Riya Tripathi,F,2004-11-07,59.0,Dehradun,Uttarakhand,India,,synthetic,,1.0,,
SYN_P_0003,Rajat Sethi,F,1982-05-15,48.0,Indore,Madhya Pradesh,India,,synthetic,,1.0,,
SYN_P_0004,Navya Pawar,F,1986-08-31,61.0,Kolkata,West Bengal,India,,synthetic,,1.0,,
SYN_P_0005,Tushar Dutta,M,2018-03-18,56.0,Kolkata,West Bengal,India,,synthetic,,1.0,,
SYN_P_0006,Kritika Trivedi,F,1984-12-20,39.0,Chandigarh,Chandigarh,India,,synthetic,,1.0,,
SYN_P_0007,Atharv Prasad,M,1982-08-03,41.0,Bhubaneswar,Odisha,India,,synthetic,,1.0,,
SYN_P_0008,Snehal Bhardwaj,M,2010-06-18,43.0,Noida,Uttar Pradesh,India,,synthetic,,1.0,,
SYN_P_0009,Rahul Karmakar,F,1970-11-11,29.0,Kolkata,West Bengal,India,,synthetic,,1.0,,
SYN_P_0010,Aditi Singh,F,1987-07-04,56.0,Bengaluru,Karnataka,India,,synthetic,,1.0,,
SYN_P_0011,Ayush Das,F,2015-05-07,47.0,Kanpur,Uttar Pradesh,India,,synthetic,,1.0,,
SYN_P_0012,Nandini Saxena,F,2014-02-11,66.0,Hyderabad,Telangana,India,,synthetic,,1.0,,
SYN_P_0013,Naveen Patil,F,2009-10-27,31.0,Indore,Madhya Pradesh,India,,synthetic,,1.0,,
SYN_P_0014,Jyoti Sinha,M,1977-06-01,35.0,Bhubaneswar,Odisha,India,,synthetic,,1.0,,
SYN_P_0015,Parth Shukla,M,1996-03-16,38.0,Bhopal,Madhya Pradesh,India,,synthetic,,1.0,,
SYN_P_0016,Neha Khatri,F,1990-03-04,31.0,Nagpur,Maharashtra,India,,synthetic,,1.0,,
SYN_P_0017,Nikhil Suri,F,2011-01-11,56.0,Lucknow,Uttar Pradesh,India,,synthetic,,1.0,,
SYN_P_0018,Diya D'Souza,M,2015-10-30,57.0,Patna,Bihar,India,,synthetic,,1.0,,
SYN_P_0019,Ishaan Mehta,F,1980-03-31,55.0,Chandigarh,Chandigarh,India,,synthetic,,1.0,,
SYN_P_0020,Tanvi Mukherjee,M,2002-11-30,67.0,Noida,Uttar Pradesh,India,,synthetic,,1.0,,
SYN_P_0021,Deepak Tiwari,M,2009-08-06,48.0,Kolkata,West Bengal,India,,synthetic,,1.0,,
SYN_P_0022,Manvi Shetty,M,1979-03-10,40.0,Ranchi,Jharkhand,India,,synthetic,,1.0,,
SYN_P_0023,Vihaan Yadav,F,1972-11-22,37.0,Meerut,Uttar Pradesh,India,,synthetic,,1.0,,
SYN_P_0024,Pooja Choudhary,M,2001-04-10,49.0,Jaipur,Rajasthan,India,,synthetic,,1.0,,
SYN_P_0025,Mohit Oberoi,M,1980-07-13,34.0,Delhi,Delhi,India,,synthetic,,1.0,,
SYN_P_0026,Anjali Lal,F,2001-06-16,31.0,Surat,Gujarat,India,,synthetic,,1.0,,
SYN_P_0027,Vivek Varghese,M,1982-06-29,34.0,Mumbai,Maharashtra,India,,synthetic,,1.0,,
SYN_P_0028,Sanya Shah,F,1975-04-30,55.0,Ahmedabad,Gujarat,India,,synthetic,,1.0,,
SYN_P_0029,Shivam Agarwal,M,1995-03-21,41.0,Lucknow,Uttar Pradesh,India,,synthetic,,1.0,,
SYN_P_0030,Trisha Tripathi,F,1996-04-03,57.0,Ahmedabad,Gujarat,India,,synthetic,,1.0,,
SYN_P_0031,Vikram Hegde,M,1993-12-26,29.0,Ranchi,Jharkhand,India,,synthetic,,1.0,,
SYN_P_0032,Simran Chauhan,M,2006-12-05,38.0,Jaipur,Rajasthan,India,,synthetic,,1.0,,
SYN_P_0033,Harsh Bisht,M,1981-05-20,36.0,Ahmedabad,Gujarat,India,,synthetic,,1.0,,
SYN_P_0034,Payal Ahuja,F,1983-02-14,36.0,Hyderabad,Telangana,India,,synthetic,,1.0,,
SYN_P_0035,Piyush Ranjan,F,2005-03-26,30.0,Bhopal,Madhya Pradesh,India,,synthetic,,1.0,,
SYN_P_0036,Preeti Mathew,F,1994-02-09,45.0,Bengaluru,Karnataka,India,,synthetic,,1.0,,
SYN_P_0037,Nitin Rao,M,2010-07-20,61.0,Bhubaneswar,Odisha,India,,synthetic,,1.0,,
SYN_P_0038,Kavya Naik,F,1978-05-09,53.0,Bhubaneswar,Odisha,India,,synthetic,,1.0,,
SYN_P_0039,Siddharth Kumar,F,1994-12-17,50.0,Noida,Uttar Pradesh,India,,synthetic,,1.0,,
SYN_P_0040,Avni Krishnan,F,2013-10-14,58.0,Ranchi,Jharkhand,India,,synthetic,,1.0,,
SYN_P_0041,Kunal Solanki,M,1970-03-23,67.0,Lucknow,Uttar Pradesh,India,,synthetic,,1.0,,
SYN_P_0042,Palak Bhat,F,2011-02-17,25.0,Hyderabad,Telangana,India,,synthetic,,1.0,,
SYN_P_0043,Sanjay Wadhwa,F,2017-12-12,34.0,Jaipur,Rajasthan,India,,synthetic,,1.0,,
SYN_P_0044,Vanshika Bhattacharya,M,2008-07-18,52.0,Chennai,Tamil Nadu,India,,synthetic,,1.0,,
SYN_P_0045,Aditya Abraham,F,1994-02-03,39.0,Mumbai,Maharashtra,India,,synthetic,,1.0,,
SYN_P_0046,Sneha Iyer,M,2000-04-20,57.0,Patna,Bihar,India,,synthetic,,1.0,,
SYN_P_0047,Abhishek Khanna,F,2013-07-17,64.0,Bengaluru,Karnataka,India,,synthetic,,1.0,,
SYN_P_0048,Radhika Deshmukh,M,1974-05-06,27.0,Hyderabad,Telangana,India,,synthetic,,1.0,,
SYN_P_0049,Gaurav Ghosh,M,2011-03-26,28.0,Nagpur,Maharashtra,India,,synthetic,,1.0,,
SYN_P_0050,Srishti Desai,F,1984-03-04,50.0,Mumbai,Maharashtra,India,,synthetic,,1.0,,
SYN_P_0051,Tarun Mandal,F,1970-01-23,33.0,Kanpur,Uttar Pradesh,India,,synthetic,,1.0,,
SYN_P_0052,Aanya Chopra,F,1981-11-01,31.0,Surat,Gujarat,India,,synthetic,,1.0,,
SYN_P_0053,Karan Saha,M,1994-08-02,62.0,Chennai,Tamil Nadu,India,,synthetic,,1.0,,
SYN_P_0054,Sakshi Verma,F,2002-05-03,26.0,Mumbai,Maharashtra,India,,synthetic,,1.0,,
SYN_P_0055,Dev Bose,M,2003-05-12,24.0,Chennai,Tamil Nadu,India,,synthetic,,1.0,,
SYN_P_0056,Sonali Arora,F,2005-07-23,67.0,Pune,Maharashtra,India,,synthetic,,1.0,,
SYN_P_0057,Sameer Jadhav,F,1991-01-03,62.0,Patna,Bihar,India,,synthetic,,1.0,,
SYN_P_0058,Monika Sarkar,M,1978-03-08,21.0,Bhubaneswar,Odisha,India,,synthetic,,1.0,,
SYN_P_0059,Ujjwal Dubey,F,1989-02-23,25.0,Patna,Bihar,India,,synthetic,,1.0,,
SYN_P_0060,Isha Rana,M,1981-11-27,54.0,Indore,Madhya Pradesh,India,,synthetic,,1.0,,
SYN_P_0061,Varun Kohli,M,2009-12-05,21.0,Ranchi,Jharkhand,India,,synthetic,,1.0,,
SYN_P_0062,Ishita Fernandes,M,2000-10-28,48.0,Dehradun,Uttarakhand,India,,synthetic,,1.0,,
SYN_P_0063,Saurabh Gupta,F,1981-11-10,25.0,Bhopal,Madhya Pradesh,India,,synthetic,,1.0,,
SYN_P_0064,Apoorva Chatterjee,F,1990-07-17,26.0,Bengaluru,Karnataka,India,,synthetic,,1.0,,
SYN_P_0065,Rajiv Srivastava,M,1979-03-11,41.0,Jaipur,Rajasthan,India,,synthetic,,1.0,,
SYN_P_0066,Harini Naik,F,2002-12-23,29.0,Chandigarh,Chandigarh,India,,synthetic,,1.0,,
SYN_P_0067,Arjun Kumar,M,2004-05-03,62.0,Dehradun,Uttarakhand,India,,synthetic,,1.0,,
SYN_P_0068,Nisha Agrawal,M,1982-10-26,54.0,Chennai,Tamil Nadu,India,,synthetic,,1.0,,
SYN_P_0069,Akash Bedi,M,1970-10-05,49.0,Haridwar,Uttarakhand,India,,synthetic,,1.0,,
SYN_P_0070,Swati Mistry,M,2001-07-04,61.0,Chandigarh,Chandigarh,India,,synthetic,,1.0,,
SYN_P_0071,Shubham Thomas,F,1983-08-01,60.0,Haridwar,Uttarakhand,India,,synthetic,,1.0,,
SYN_P_0072,Ritika Patel,M,2009-09-09,26.0,Haridwar,Uttarakhand,India,,synthetic,,1.0,,
SYN_P_0073,Lokesh Jain,M,1979-01-06,28.0,Ranchi,Jharkhand,India,,synthetic,,1.0,,
SYN_P_0074,Ananya Mishra,F,2004-06-14,48.0,Jaipur,Rajasthan,India,,synthetic,,1.0,,
SYN_P_0075,Ankit Gowda,M,1998-03-20,36.0,Ranchi,Jharkhand,India,,synthetic,,1.0,,
SYN_P_0076,Muskan Thakur,M,1994-11-06,36.0,Ranchi,Jharkhand,India,,synthetic,,1.0,,
SYN_P_0077,Dhruv Rawat,M,1995-07-25,63.0,Bengaluru,Karnataka,India,,synthetic,,1.0,,
SYN_P_0078,Divya Puri,M,1997-01-23,54.0,Mumbai,Maharashtra,India,,synthetic,,1.0,,
SYN_P_0079,Rohit Mishra,M,2015-09-18,68.0,Bengaluru,Karnataka,India,,synthetic,,1.0,,
SYN_P_0080,Garima George,F,2005-02-22,62.0,Pune,Maharashtra,India,,synthetic,,1.0,,
SYN_P_0081,Varun Reddy,M,1974-11-24,52.0,Chennai,Tamil Nadu,India,,synthetic,,1.0,,
SYN_P_0082,Meera Bansal,M,2004-08-14,36.0,Bhubaneswar,Odisha,India,,synthetic,,1.0,,
SYN_P_0083,Manish Pandey,M,2014-10-27,54.0,Dehradun,Uttarakhand,India,,synthetic,,1.0,,
SYN_P_0084,Mahi Pillai,F,1971-01-31,41.0,Haridwar,Uttarakhand,India,,synthetic,,1.0,,
SYN_P_0085,Pranav Rathore,F,1981-11-03,57.0,Meerut,Uttar Pradesh,India,,synthetic,,1.0,,
SYN_P_0086,Bhavna Negi,F,2007-10-04,55.0,Kolkata,West Bengal,India,,synthetic,,1.0,,
SYN_P_0087,Arnav Bhatia,F,1985-07-02,25.0,Patna,Bihar,India,,synthetic,,1.0,,
SYN_P_0088,Lakshmi Sengupta,M,1971-07-01,21.0,Chennai,Tamil Nadu,India,,synthetic,,1.0,,
SYN_P_0089,Rohan Joseph,M,1993-07-10,23.0,Nagpur,Maharashtra,India,,synthetic,,1.0,,
SYN_P_0090,Shreya Nair,F,1975-06-05,53.0,Nagpur,Maharashtra,India,,synthetic,,1.0,,
SYN_P_0091,Yash Kapoor,F,1995-09-14,48.0,Pune,Maharashtra,India,,synthetic,,1.0,,
SYN_P_0092,Komal Kulkarni,M,2006-02-02,61.0,Lucknow,Uttar Pradesh,India,,synthetic,,1.0,,
SYN_P_0093,Rishabh Banerjee,M,2018-02-20,38.0,Haridwar,Uttarakhand,India,,synthetic,,1.0,,
SYN_P_0094,Pallavi Vora,F,1977-07-02,26.0,Noida,Uttar Pradesh,India,,synthetic,,1.0,,
SYN_P_0095,Mayank Dixit,M,2015-11-15,30.0,Haridwar,Uttarakhand,India,,synthetic,,1.0,,
SYN_P_0096,Priya Madan,F,2018-02-14,46.0,Ranchi,Jharkhand,India,,synthetic,,1.0,,
SYN_P_0097,Amit Roy,F,1975-12-07,65.0,Ghaziabad,Uttar Pradesh,India,,synthetic,,1.0,,
SYN_P_0098,Tanya Verma,M,2009-04-01,24.0,Pune,Maharashtra,India,,synthetic,,1.0,,
SYN_P_0099,Kabir Bose,M,1991-12-08,48.0,Surat,Gujarat,India,,synthetic,,1.0,,
SYN_P_0100,Shruti Arora,F,1980-05-28,60.0,Indore,Madhya Pradesh,India,,synthetic,,1.0,,
SYN_P_0101,Sachin Jadhav,F,1974-12-09,63.0,Dehradun,Uttarakhand,India,,synthetic,,1.0,,
SYN_P_0102,Kirti Sarkar,M,1985-10-04,21.0,Bhubaneswar,Odisha,India,,synthetic,,1.0,,
SYN_P_0103,Aarav Dubey,M,1982-04-24,31.0,Bengaluru,Karnataka,India,,synthetic,,1.0,,
SYN_P_0104,Riya Rana,F,2014-07-15,54.0,Jaipur,Rajasthan,India,,synthetic,,1.0,,
SYN_P_0105,Rajat Kohli,F,2016-05-27,31.0,Jaipur,Rajasthan,India,,synthetic,,1.0,,
SYN_P_0106,Navya Fernandes,M,2003-05-13,68.0,Chennai,Tamil Nadu,India,,synthetic,,1.0,,
SYN_P_0107,Tushar Gupta,M,1994-02-10,22.0,Dehradun,Uttarakhand,India,,synthetic,,1.0,,
SYN_P_0108,Kritika Chatterjee,F,2000-01-21,38.0,Chennai,Tamil Nadu,India,,synthetic,,1.0,,
SYN_P_0109,Atharv Srivastava,M,2016-12-30,37.0,Ranchi,Jharkhand,India,,synthetic,,1.0,,
SYN_P_0110,Snehal Naik,F,1976-11-30,50.0,Dehradun,Uttarakhand,India,,synthetic,,1.0,,
SYN_P_0111,Rahul Kumar,F,2015-10-29,24.0,Lucknow,Uttar Pradesh,India,,synthetic,,1.0,,
SYN_P_0112,Aditi Agrawal,M,2014-10-28,44.0,Meerut,Uttar Pradesh,India,,synthetic,,1.0,,
SYN_P_0113,Ayush Bedi,F,1984-02-11,27.0,Bhopal,Madhya Pradesh,India,,synthetic,,1.0,,
SYN_P_0114,Nandini Mistry,M,1980-05-07,68.0,Bhubaneswar,Odisha,India,,synthetic,,1.0,,
SYN_P_0115,Naveen Thomas,M,2015-08-26,23.0,Kolkata,West Bengal,India,,synthetic,,1.0,,
SYN_P_0116,Jyoti Patel,M,1971-02-07,23.0,Chandigarh,Chandigarh,India,,synthetic,,1.0,,
SYN_P_0117,Parth Jain,F,2012-04-28,45.0,Chandigarh,Chandigarh,India,,synthetic,,1.0,,
SYN_P_0118,Neha Mishra,M,1983-06-19,23.0,Noida,Uttar Pradesh,India,,synthetic,,1.0,,
SYN_P_0119,Nikhil Gowda,M,2007-08-16,41.0,Patna,Bihar,India,,synthetic,,1.0,,
SYN_P_0120,Diya Thakur,F,1992-04-10,67.0,Hyderabad,Telangana,India,,synthetic,,1.0,,
SYN_P_0121,Ishaan Rawat,F,1998-09-14,25.0,Chandigarh,Chandigarh,India,,synthetic,,1.0,,
SYN_P_0122,Tanvi Puri,M,2003-06-13,53.0,Indore,Madhya Pradesh,India,,synthetic,,1.0,,
SYN_P_0123,Deepak Mishra,M,1974-09-22,35.0,Chandigarh,Chandigarh,India,,synthetic,,1.0,,
SYN_P_0124,Manvi George,M,2016-04-09,46.0,Noida,Uttar Pradesh,India,,synthetic,,1.0,,
SYN_P_0125,Vihaan Arora,F,1976-03-08,39.0,Meerut,Uttar Pradesh,India,,synthetic,,1.0,,
SYN_P_0126,Pooja Bansal,F,1997-11-15,26.0,Ahmedabad,Gujarat,India,,synthetic,,1.0,,
SYN_P_0127,Mohit Pandey,M,2010-12-23,44.0,Mumbai,Maharashtra,India,,synthetic,,1.0,,
SYN_P_0128,Anjali Pillai,F,1988-01-02,57.0,Ranchi,Jharkhand,India,,synthetic,,1.0,,
SYN_P_0129,Vivek Rathore,M,1997-04-07,50.0,Bengaluru,Karnataka,India,,synthetic,,1.0,,
SYN_P_0130,Sanya Negi,F,2003-01-15,33.0,Meerut,Uttar Pradesh,India,,synthetic,,1.0,,
SYN_P_0131,Shivam Bhatia,M,2019-01-13,30.0,Patna,Bihar,India,,synthetic,,1.0,,
SYN_P_0132,Trisha Sengupta,F,1970-07-28,22.0,Lucknow,Uttar Pradesh,India,,synthetic,,1.0,,
SYN_P_0133,Vikram Joseph,F,1990-11-26,61.0,Delhi,Delhi,India,,synthetic,,1.0,,
SYN_P_0134,Simran Nair,F,1970-11-11,21.0,Chennai,Tamil Nadu,India,,synthetic,,1.0,,
SYN_P_0135,Harsh Kapoor,F,2003-10-04,27.0,Kanpur,Uttar Pradesh,India,,synthetic,,1.0,,
SYN_P_0136,Payal Kulkarni,M,1988-05-29,47.0,Ahmedabad,Gujarat,India,,synthetic,,1.0,,
SYN_P_0137,Piyush Banerjee,M,2014-02-21,30.0,Indore,Madhya Pradesh,India,,synthetic,,1.0,,
SYN_P_0138,Preeti Vora,M,1995-02-08,23.0,Bengaluru,Karnataka,India,,synthetic,,1.0,,
SYN_P_0139,Nitin Dixit,F,1990-10-07,65.0,Bengaluru,Karnataka,India,,synthetic,,1.0,,
SYN_P_0140,Kavya Madan,F,2003-06-02,68.0,Indore,Madhya Pradesh,India,,synthetic,,1.0,,
SYN_P_0141,Siddharth Roy,M,1977-08-14,53.0,Jaipur,Rajasthan,India,,synthetic,,1.0,,
SYN_P_0142,Avni Sharma,F,1981-12-23,25.0,Haridwar,Uttarakhand,India,,synthetic,,1.0,,
SYN_P_0143,Kunal Menon,F,1975-08-03,63.0,Mumbai,Maharashtra,India,,synthetic,,1.0,,
SYN_P_0144,Palak Sethi,M,1981-09-23,39.0,Haridwar,Uttarakhand,India,,synthetic,,1.0,,
SYN_P_0145,Sanjay Pawar,F,1993-06-01,46.0,Indore,Madhya Pradesh,India,,synthetic,,1.0,,
SYN_P_0146,Vanshika Dutta,F,1999-04-09,49.0,Noida,Uttar Pradesh,India,,synthetic,,1.0,,
SYN_P_0147,Aditya Trivedi,M,1994-05-26,25.0,Ghaziabad,Uttar Pradesh,India,,synthetic,,1.0,,
SYN_P_0148,Sneha Prasad,M,1988-03-09,58.0,Indore,Madhya Pradesh,India,,synthetic,,1.0,,
SYN_P_0149,Abhishek Bhardwaj,M,1979-10-11,27.0,Kolkata,West Bengal,India,,synthetic,,1.0,,
SYN_P_0150,Radhika Karmakar,F,1984-09-30,50.0,Chandigarh,Chandigarh,India,,synthetic,,1.0,,
SYN_P_0151,Gaurav Singh,F,1998-03-05,28.0,Chennai,Tamil Nadu,India,,synthetic,,1.0,,
SYN_P_0152,Srishti Das,F,2018-01-30,34.0,Bhubaneswar,Odisha,India,,synthetic,,1.0,,
SYN_P_0153,Tarun Saxena,F,2010-07-18,50.0,Bhubaneswar,Odisha,India,,synthetic,,1.0,,
SYN_P_0154,Aanya Patil,M,1993-10-10,26.0,Noida,Uttar Pradesh,India,,synthetic,,1.0,,
SYN_P_0155,Karan Sinha,F,1984-02-21,66.0,Kanpur,Uttar Pradesh,India,,synthetic,,1.0,,
SYN_P_0156,Sakshi Shukla,M,1973-08-14,41.0,Ahmedabad,Gujarat,India,,synthetic,,1.0,,
SYN_P_0157,Dev Khatri,M,1983-04-23,66.0,Kanpur,Uttar Pradesh,India,,synthetic,,1.0,,
SYN_P_0158,Sonali Suri,F,1992-04-08,46.0,Noida,Uttar Pradesh,India,,synthetic,,1.0,,
SYN_P_0159,Sameer D'Souza,M,2016-01-25,64.0,Nagpur,Maharashtra,India,,synthetic,,1.0,,
SYN_P_0160,Monika Mehta,F,1996-10-23,32.0,Bengaluru,Karnataka,India,,synthetic,,1.0,,
SYN_P_0161,Ujjwal Mukherjee,F,1972-10-15,49.0,Kanpur,Uttar Pradesh,India,,synthetic,,1.0,,
SYN_P_0162,Isha Tiwari,M,1992-06-01,50.0,Bhubaneswar,Odisha,India,,synthetic,,1.0,,
SYN_P_0163,Varun Shetty,M,1979-02-22,28.0,Haridwar,Uttarakhand,India,,synthetic,,1.0,,
SYN_P_0164,Ishita Yadav,M,1971-01-27,35.0,Noida,Uttar Pradesh,India,,synthetic,,1.0,,
SYN_P_0165,Saurabh Choudhary,M,1981-09-23,46.0,Delhi,Delhi,India,,synthetic,,1.0,,
SYN_P_0166,Apoorva Oberoi,M,2003-05-25,58.0,Haridwar,Uttarakhand,India,,synthetic,,1.0,,
SYN_P_0167,Rajiv Lal,M,1993-03-22,22.0,Kolkata,West Bengal,India,,synthetic,,1.0,,
SYN_P_0168,Harini Varghese,M,1975-10-14,62.0,Bhopal,Madhya Pradesh,India,,synthetic,,1.0,,
SYN_P_0169,Arjun Shah,M,2009-10-13,26.0,Meerut,Uttar Pradesh,India,,synthetic,,1.0,,
SYN_P_0170,Nisha Agarwal,M,1999-09-30,23.0,Mumbai,Maharashtra,India,,synthetic,,1.0,,
SYN_P_0171,Akash Tripathi,M,2011-05-11,31.0,Haridwar,Uttarakhand,India,,synthetic,,1.0,,
SYN_P_0172,Swati Hegde,F,2008-11-10,52.0,Surat,Gujarat,India,,synthetic,,1.0,,
SYN_P_0173,Shubham Chauhan,F,1972-08-24,64.0,Indore,Madhya Pradesh,India,,synthetic,,1.0,,
SYN_P_0174,Ritika Bisht,M,2008-04-11,43.0,Chennai,Tamil Nadu,India,,synthetic,,1.0,,
SYN_P_0175,Lokesh Ahuja,M,1989-04-06,38.0,Hyderabad,Telangana,India,,synthetic,,1.0,,
SYN_P_0176,Ananya Ranjan,F,1995-02-09,30.0,Bengaluru,Karnataka,India,,synthetic,,1.0,,
SYN_P_0177,Ankit Mathew,M,1973-02-09,62.0,Lucknow,Uttar Pradesh,India,,synthetic,,1.0,,
SYN_P_0178,Muskan Rao,F,1996-06-23,47.0,Hyderabad,Telangana,India,,synthetic,,1.0,,
SYN_P_0179,Dhruv Malhotra,M,2012-12-22,26.0,Surat,Gujarat,India,,synthetic,,1.0,,
SYN_P_0180,Divya Joshi,F,1995-02-06,29.0,Dehradun,Uttarakhand,India,,synthetic,,1.0,,
SYN_P_0181,Rohit Krishnan,M,2007-08-12,62.0,Jaipur,Rajasthan,India,,synthetic,,1.0,,
SYN_P_0182,Garima Solanki,M,2017-03-04,61.0,Meerut,Uttar Pradesh,India,,synthetic,,1.0,,
SYN_P_0183,Varun Bhat,M,2018-10-10,45.0,Mumbai,Maharashtra,India,,synthetic,,1.0,,
SYN_P_0184,Meera Wadhwa,F,2002-03-21,55.0,Kanpur,Uttar Pradesh,India,,synthetic,,1.0,,
SYN_P_0185,Manish Bhattacharya,F,2013-06-25,57.0,Bhubaneswar,Odisha,India,,synthetic,,1.0,,
SYN_P_0186,Mahi Abraham,F,2015-01-27,45.0,Surat,Gujarat,India,,synthetic,,1.0,,
SYN_P_0187,Pranav Iyer,M,1994-04-06,22.0,Indore,Madhya Pradesh,India,,synthetic,,1.0,,
SYN_P_0188,Bhavna Khanna,M,1998-08-10,22.0,Dehradun,Uttarakhand,India,,synthetic,,1.0,,
SYN_P_0189,Arnav Deshmukh,M,1995-03-16,51.0,Ranchi,Jharkhand,India,,synthetic,,1.0,,
SYN_P_0190,Lakshmi Ghosh,F,2017-07-01,58.0,Kanpur,Uttar Pradesh,India,,synthetic,,1.0,,
SYN_P_0191,Rohan Desai,M,1990-11-19,27.0,Delhi,Delhi,India,,synthetic,,1.0,,
SYN_P_0192,Shreya Mandal,M,1992-03-27,38.0,Bhubaneswar,Odisha,India,,synthetic,,1.0,,
SYN_P_0193,Yash Chopra,M,2017-11-17,35.0,Mumbai,Maharashtra,India,,synthetic,,1.0,,
SYN_P_0194,Komal Saha,F,2004-11-05,32.0,Haridwar,Uttarakhand,India,,synthetic,,1.0,,
SYN_P_0195,Rishabh Singh,M,1985-10-19,58.0,Kolkata,West Bengal,India,,synthetic,,1.0,,
SYN_P_0196,Pallavi Das,F,1998-07-13,58.0,Patna,Bihar,India,,synthetic,,1.0,,
SYN_P_0197,Mayank Saxena,F,1972-07-13,57.0,Jaipur,Rajasthan,India,,synthetic,,1.0,,
SYN_P_0198,Priya Patil,M,1982-10-01,52.0,Kanpur,Uttar Pradesh,India,,synthetic,,1.0,,
SYN_P_0199,Amit Sinha,F,2018-08-21,32.0,Bhopal,Madhya Pradesh,India,,synthetic,,1.0,,
SYN_P_0200,Tanya Shukla,M,2013-12-31,26.0,Indore,Madhya Pradesh,India,,synthetic,,1.0,,
SYN_P_0201,Kabir Khatri,M,1975-01-15,59.0,Nagpur,Maharashtra,India,,synthetic,,1.0,,
SYN_P_0202,Shruti Suri,M,1989-08-18,54.0,Ahmedabad,Gujarat,India,,synthetic,,1.0,,
SYN_P_0203,Sachin D'Souza,M,2012-11-18,42.0,Hyderabad,Telangana,India,,synthetic,,1.0,,
SYN_P_0204,Kirti Mehta,M,1988-01-28,42.0,Mumbai,Maharashtra,India,,synthetic,,1.0,,
SYN_P_0205,Aarav Mukherjee,F,1985-12-03,24.0,Ghaziabad,Uttar Pradesh,India,,synthetic,,1.0,,
SYN_P_0206,Riya Tiwari,M,1971-12-20,58.0,Nagpur,Maharashtra,India,,synthetic,,1.0,,
SYN_P_0207,Rajat Shetty,M,1982-09-16,54.0,Patna,Bihar,India,,synthetic,,1.0,,
SYN_P_0208,Navya Yadav,M,2002-09-26,44.0,Meerut,Uttar Pradesh,India,,synthetic,,1.0,,
SYN_P_0209,Tushar Choudhary,M,2005-06-28,42.0,Kanpur,Uttar Pradesh,India,,synthetic,,1.0,,
SYN_P_0210,Kritika Oberoi,F,1997-01-27,29.0,Lucknow,Uttar Pradesh,India,,synthetic,,1.0,,
SYN_P_0211,Atharv Lal,F,1984-02-18,61.0,Bengaluru,Karnataka,India,,synthetic,,1.0,,
SYN_P_0212,Snehal Varghese,F,2013-09-16,32.0,Mumbai,Maharashtra,India,,synthetic,,1.0,,
SYN_P_0213,Rahul Shah,M,2002-01-05,63.0,Chandigarh,Chandigarh,India,,synthetic,,1.0,,
SYN_P_0214,Aditi Agarwal,F,1985-09-24,40.0,Delhi,Delhi,India,,synthetic,,1.0,,
SYN_P_0215,Ayush Tripathi,M,1996-06-03,32.0,Dehradun,Uttarakhand,India,,synthetic,,1.0,,
SYN_P_0216,Nandini Hegde,F,1970-02-28,57.0,Nagpur,Maharashtra,India,,synthetic,,1.0,,
SYN_P_0217,Naveen Chauhan,M,1972-11-27,59.0,Chandigarh,Chandigarh,India,,synthetic,,1.0,,
SYN_P_0218,Jyoti Bisht,M,1998-07-20,61.0,Surat,Gujarat,India,,synthetic,,1.0,,
SYN_P_0219,Parth Ahuja,F,1979-05-05,30.0,Dehradun,Uttarakhand,India,,synthetic,,1.0,,
SYN_P_0220,Neha Ranjan,M,1999-09-17,36.0,Mumbai,Maharashtra,India,,synthetic,,1.0,,
SYN_P_0221,Nikhil Mathew,F,2001-02-11,31.0,Haridwar,Uttarakhand,India,,synthetic,,1.0,,
SYN_P_0222,Diya Rao,F,1977-12-17,49.0,Kolkata,West Bengal,India,,synthetic,,1.0,,
SYN_P_0223,Ishaan Malhotra,F,1971-01-09,34.0,Bhubaneswar,Odisha,India,,synthetic,,1.0,,
SYN_P_0224,Tanvi Joshi,M,1992-05-21,43.0,Kolkata,West Bengal,India,,synthetic,,1.0,,
SYN_P_0225,Deepak Krishnan,M,1993-01-10,67.0,Delhi,Delhi,India,,synthetic,,1.0,,
SYN_P_0226,Manvi Solanki,M,1970-02-11,45.0,Dehradun,Uttarakhand,India,,synthetic,,1.0,,
SYN_P_0227,Vihaan Bhat,F,2009-04-25,31.0,Indore,Madhya Pradesh,India,,synthetic,,1.0,,
SYN_P_0228,Pooja Wadhwa,F,2007-02-22,45.0,Pune,Maharashtra,India,,synthetic,,1.0,,
SYN_P_0229,Mohit Bhattacharya,F,2001-07-06,27.0,Ranchi,Jharkhand,India,,synthetic,,1.0,,
SYN_P_0230,Anjali Abraham,M,2013-01-06,31.0,Chandigarh,Chandigarh,India,,synthetic,,1.0,,
SYN_P_0231,Vivek Iyer,M,2010-06-27,23.0,Noida,Uttar Pradesh,India,,synthetic,,1.0,,
SYN_P_0232,Sanya Khanna,M,1996-06-16,41.0,Patna,Bihar,India,,synthetic,,1.0,,
SYN_P_0233,Shivam Deshmukh,M,1993-06-05,25.0,Meerut,Uttar Pradesh,India,,synthetic,,1.0,,
SYN_P_0234,Trisha Ghosh,M,2000-08-31,45.0,Surat,Gujarat,India,,synthetic,,1.0,,
SYN_P_0235,Vikram Desai,M,1984-06-08,56.0,Haridwar,Uttarakhand,India,,synthetic,,1.0,,
SYN_P_0236,Simran Mandal,F,1978-05-09,59.0,Kanpur,Uttar Pradesh,India,,synthetic,,1.0,,
SYN_P_0237,Harsh Chopra,M,2013-04-23,48.0,Nagpur,Maharashtra,India,,synthetic,,1.0,,
SYN_P_0238,Payal Saha,F,1984-10-20,31.0,Patna,Bihar,India,,synthetic,,1.0,,
SYN_P_0239,Piyush Verma,M,1974-10-21,42.0,Hyderabad,Telangana,India,,synthetic,,1.0,,
SYN_P_0240,Preeti Bose,M,1988-06-10,47.0,Ranchi,Jharkhand,India,,synthetic,,1.0,,
SYN_P_0241,Nitin Arora,F,2018-06-16,63.0,Haridwar,Uttarakhand,India,,synthetic,,1.0,,
SYN_P_0242,Kavya Jadhav,F,1995-04-04,36.0,Ranchi,Jharkhand,India,,synthetic,,1.0,,
SYN_P_0243,Siddharth Sarkar,M,1978-08-09,46.0,Meerut,Uttar Pradesh,India,,synthetic,,1.0,,
SYN_P_0244,Avni Dubey,M,2014-01-17,24.0,Indore,Madhya Pradesh,India,,synthetic,,1.0,,
SYN_P_0245,Kunal Rana,M,2002-05-16,48.0,Haridwar,Uttarakhand,India,,synthetic,,1.0,,
SYN_P_0246,Palak Kohli,F,1977-11-11,63.0,Pune,Maharashtra,India,,synthetic,,1.0,,
SYN_P_0247,Sanjay Fernandes,M,2013-02-03,27.0,Bhopal,Madhya Pradesh,India,,synthetic,,1.0,,
SYN_P_0248,Vanshika Gupta,M,1972-04-23,31.0,Chandigarh,Chandigarh,India,,synthetic,,1.0,,
SYN_P_0249,Aditya Chatterjee,M,1996-03-07,51.0,Chandigarh,Chandigarh,India,,synthetic,,1.0,,
SYN_P_0250,Sneha Srivastava,F,1980-05-12,46.0,Lucknow,Uttar Pradesh,India,,synthetic,,1.0,,
SYN_P_0251,Abhishek Naik,F,2012-04-01,63.0,Bengaluru,Karnataka,India,,synthetic,,1.0,,
SYN_P_0252,Radhika Kumar,M,1993-10-10,62.0,Lucknow,Uttar Pradesh,India,,synthetic,,1.0,,
SYN_P_0253,Gaurav Agrawal,F,2018-10-25,32.0,Surat,Gujarat,India,,synthetic,,1.0,,
SYN_P_0254,Srishti Bedi,F,2003-04-15,44.0,Bhubaneswar,Odisha,India,,synthetic,,1.0,,
SYN_P_0255,Tarun Mistry,F,1986-09-27,23.0,Bhopal,Madhya Pradesh,India,,synthetic,,1.0,,
SYN_P_0256,Aanya Thomas,F,1993-08-15,50.0,Pune,Maharashtra,India,,synthetic,,1.0,,
SYN_P_0257,Karan Kapoor,M,1993-08-19,38.0,Ahmedabad,Gujarat,India,,synthetic,,1.0,,
SYN_P_0258,Sakshi Jain,M,1975-07-13,65.0,Ranchi,Jharkhand,India,,synthetic,,1.0,,
SYN_P_0259,Dev Mishra,M,1978-09-04,63.0,Chennai,Tamil Nadu,India,,synthetic,,1.0,,
SYN_P_0260,Sonali Gowda,F,2000-11-04,58.0,Bengaluru,Karnataka,India,,synthetic,,1.0,,
SYN_P_0261,Sameer Thakur,M,1990-05-31,45.0,Chennai,Tamil Nadu,India,,synthetic,,1.0,,
SYN_P_0262,Monika Rawat,F,2016-11-18,55.0,Patna,Bihar,India,,synthetic,,1.0,,
SYN_P_0263,Ujjwal Puri,M,2012-08-07,51.0,Jaipur,Rajasthan,India,,synthetic,,1.0,,
SYN_P_0264,Isha Mishra,M,1996-10-23,46.0,Chandigarh,Chandigarh,India,,synthetic,,1.0,,
SYN_P_0265,Varun George,M,1973-02-11,28.0,Patna,Bihar,India,,synthetic,,1.0,,
SYN_P_0266,Ishita Reddy,M,2010-04-15,31.0,Bhopal,Madhya Pradesh,India,,synthetic,,1.0,,
SYN_P_0267,Saurabh Bansal,M,1989-01-04,29.0,Ghaziabad,Uttar Pradesh,India,,synthetic,,1.0,,
SYN_P_0268,Apoorva Pandey,F,1973-10-30,26.0,Hyderabad,Telangana,India,,synthetic,,1.0,,
SYN_P_0269,Rajiv Pillai,M,2009-01-22,61.0,Surat,Gujarat,India,,synthetic,,1.0,,
SYN_P_0270,Harini Rathore,F,1983-04-08,41.0,Hyderabad,Telangana,India,,synthetic,,1.0,,
SYN_P_0271,Arjun Negi,M,1976-01-05,45.0,Ranchi,Jharkhand,India,,synthetic,,1.0,,
SYN_P_0272,Nisha Bhatia,F,2005-08-25,38.0,Pune,Maharashtra,India,,synthetic,,1.0,,
SYN_P_0273,Akash Sengupta,F,2016-08-16,21.0,Ghaziabad,Uttar Pradesh,India,,synthetic,,1.0,,
SYN_P_0274,Swati Joseph,F,2016-11-18,28.0,Kolkata,West Bengal,India,,synthetic,,1.0,,
SYN_P_0275,Shubham Nair,M,2007-03-08,30.0,Meerut,Uttar Pradesh,India,,synthetic,,1.0,,
SYN_P_0276,Ritika Kapoor,M,1978-12-28,57.0,Noida,Uttar Pradesh,India,,synthetic,,1.0,,
SYN_P_0277,Lokesh Kulkarni,F,1979-01-23,55.0,Chennai,Tamil Nadu,India,,synthetic,,1.0,,
SYN_P_0278,Ananya Banerjee,F,2000-11-06,37.0,Hyderabad,Telangana,India,,synthetic,,1.0,,
SYN_P_0279,Ankit Vora,F,2004-05-13,57.0,Jaipur,Rajasthan,India,,synthetic,,1.0,,
SYN_P_0280,Muskan Dixit,M,2012-06-09,32.0,Kolkata,West Bengal,India,,synthetic,,1.0,,
SYN_P_0281,Dhruv Madan,F,1994-09-16,30.0,Chennai,Tamil Nadu,India,,synthetic,,1.0,,
SYN_P_0282,Divya Roy,M,2006-01-15,46.0,Lucknow,Uttar Pradesh,India,,synthetic,,1.0,,
SYN_P_0283,Rohit Sharma,M,1999-09-28,24.0,Kanpur,Uttar Pradesh,India,,synthetic,,1.0,,
SYN_P_0284,Garima Menon,F,2012-08-19,44.0,Mumbai,Maharashtra,India,,synthetic,,1.0,,
SYN_P_0285,Varun Sethi,F,1971-10-25,40.0,Hyderabad,Telangana,India,,synthetic,,1.0,,
SYN_P_0286,Meera Pawar,F,1997-11-24,52.0,Surat,Gujarat,India,,synthetic,,1.0,,
SYN_P_0287,Manish Dutta,M,1978-10-24,29.0,Meerut,Uttar Pradesh,India,,synthetic,,1.0,,
SYN_P_0288,Mahi Trivedi,F,1996-12-16,41.0,Patna,Bihar,India,,synthetic,,1.0,,
SYN_P_0289,Pranav Prasad,F,1994-03-04,59.0,Jaipur,Rajasthan,India,,synthetic,,1.0,,
SYN_P_0290,Bhavna Bhardwaj,M,1978-01-04,49.0,Ranchi,Jharkhand,India,,synthetic,,1.0,,
SYN_P_0291,Arnav Karmakar,F,1988-12-18,68.0,Kolkata,West Bengal,India,,synthetic,,1.0,,
SYN_P_0292,Lakshmi Gupta,F,2013-06-18,24.0,Bengaluru,Karnataka,India,,synthetic,,1.0,,
SYN_P_0293,Rohan Chatterjee,M,2016-03-24,25.0,Ghaziabad,Uttar Pradesh,India,,synthetic,,1.0,,
SYN_P_0294,Shreya Srivastava,F,1997-11-29,29.0,Hyderabad,Telangana,India,,synthetic,,1.0,,
SYN_P_0295,Yash Naik,M,2017-01-13,32.0,Surat,Gujarat,India,,synthetic,,1.0,,
SYN_P_0296,Komal Kumar,M,1987-04-18,24.0,Noida,Uttar Pradesh,India,,synthetic,,1.0,,
SYN_P_0297,Rishabh Agrawal,M,1992-05-20,50.0,Surat,Gujarat,India,,synthetic,,1.0,,
SYN_P_0298,Pallavi Bedi,F,1974-07-15,66.0,Lucknow,Uttar Pradesh,India,,synthetic,,1.0,,
SYN_P_0299,Mayank Mistry,F,1987-11-12,44.0,Hyderabad,Telangana,India,,synthetic,,1.0,,
SYN_P_0300,Priya Thomas,F,2011-08-25,61.0,Ahmedabad,Gujarat,India,,synthetic,,1.0,,
SYN_P_0301,Amit Patel,M,1981-02-11,36.0,Surat,Gujarat,India,,synthetic,,1.0,,
SYN_P_0302,Tanya Jain,F,2003-06-01,59.0,Kolkata,West Bengal,India,,synthetic,,1.0,,
SYN_P_0303,Kabir Mishra,M,2010-01-08,51.0,Noida,Uttar Pradesh,India,,synthetic,,1.0,,
SYN_P_0304,Shruti Gowda,F,2001-05-18,31.0,Chennai,Tamil Nadu,India,,synthetic,,1.0,,
SYN_P_0305,Sachin Thakur,M,1993-03-16,39.0,Surat,Gujarat,India,,synthetic,,1.0,,
SYN_P_0306,Kirti Rawat,F,1972-06-18,24.0,Patna,Bihar,India,,synthetic,,1.0,,
SYN_P_0307,Aarav Puri,M,1984-08-13,35.0,Haridwar,Uttarakhand,India,,synthetic,,1.0,,
SYN_P_0308,Riya Mishra,M,1990-03-13,38.0,Bhubaneswar,Odisha,India,,synthetic,,1.0,,
SYN_P_0309,Rajat George,M,2006-09-27,64.0,Delhi,Delhi,India,,synthetic,,1.0,,
SYN_P_0310,Navya Reddy,F,1970-10-19,29.0,Nagpur,Maharashtra,India,,synthetic,,1.0,,
SYN_P_0311,Tushar Bansal,M,1985-07-16,35.0,Dehradun,Uttarakhand,India,,synthetic,,1.0,,
SYN_P_0312,Kritika Pandey,F,1992-08-23,66.0,Delhi,Delhi,India,,synthetic,,1.0,,
SYN_P_0313,Atharv Pillai,F,1994-09-15,45.0,Bhubaneswar,Odisha,India,,synthetic,,1.0,,
SYN_P_0314,Snehal Rathore,F,2001-04-14,37.0,Jaipur,Rajasthan,India,,synthetic,,1.0,,
SYN_P_0315,Rahul Negi,F,1989-07-30,40.0,Kolkata,West Bengal,India,,synthetic,,1.0,,
SYN_P_0316,Aditi Bhatia,F,2016-09-16,58.0,Ghaziabad,Uttar Pradesh,India,,synthetic,,1.0,,
SYN_P_0317,Ayush Sengupta,M,1979-03-07,53.0,Noida,Uttar Pradesh,India,,synthetic,,1.0,,
SYN_P_0318,Nandini Joseph,F,2003-07-29,40.0,Ahmedabad,Gujarat,India,,synthetic,,1.0,,
SYN_P_0319,Naveen Nair,F,1979-09-13,25.0,Pune,Maharashtra,India,,synthetic,,1.0,,
SYN_P_0320,Jyoti Kapoor,F,2000-03-03,61.0,Ranchi,Jharkhand,India,,synthetic,,1.0,,
SYN_P_0321,Parth Kulkarni,F,1999-03-04,37.0,Ghaziabad,Uttar Pradesh,India,,synthetic,,1.0,,
SYN_P_0322,Neha Banerjee,M,1996-10-21,30.0,Chennai,Tamil Nadu,India,,synthetic,,1.0,,
SYN_P_0323,Nikhil Vora,M,2016-05-29,24.0,Noida,Uttar Pradesh,India,,synthetic,,1.0,,
SYN_P_0324,Diya Dixit,F,2006-04-03,64.0,Ghaziabad,Uttar Pradesh,India,,synthetic,,1.0,,
SYN_P_0325,Ishaan Madan,M,1982-07-22,62.0,Bengaluru,Karnataka,India,,synthetic,,1.0,,
SYN_P_0326,Tanvi Roy,F,2014-08-15,37.0,Noida,Uttar Pradesh,India,,synthetic,,1.0,,
SYN_P_0327,Deepak Sharma,F,2007-07-21,45.0,Haridwar,Uttarakhand,India,,synthetic,,1.0,,
SYN_P_0328,Manvi Menon,M,1973-03-03,42.0,Ahmedabad,Gujarat,India,,synthetic,,1.0,,
SYN_P_0329,Vihaan Sethi,F,1989-12-13,63.0,Kanpur,Uttar Pradesh,India,,synthetic,,1.0,,
SYN_P_0330,Pooja Pawar,F,2002-03-01,31.0,Lucknow,Uttar Pradesh,India,,synthetic,,1.0,,
SYN_P_0331,Mohit Dutta,F,1986-04-02,27.0,Indore,Madhya Pradesh,India,,synthetic,,1.0,,
SYN_P_0332,Anjali Trivedi,M,2012-03-27,68.0,Bhubaneswar,Odisha,India,,synthetic,,1.0,,
SYN_P_0333,Vivek Prasad,M,1993-03-16,64.0,Indore,Madhya Pradesh,India,,synthetic,,1.0,,
SYN_P_0334,Sanya Bhardwaj,M,2000-02-11,35.0,Ahmedabad,Gujarat,India,,synthetic,,1.0,,
SYN_P_0335,Shivam Karmakar,M,2001-11-15,68.0,Pune,Maharashtra,India,,synthetic,,1.0,,
SYN_P_0336,Trisha Singh,F,1997-07-20,42.0,Nagpur,Maharashtra,India,,synthetic,,1.0,,
SYN_P_0337,Vikram Das,F,2003-05-07,58.0,Surat,Gujarat,India,,synthetic,,1.0,,
SYN_P_0338,Simran Saxena,F,1996-05-19,28.0,Nagpur,Maharashtra,India,,synthetic,,1.0,,
SYN_P_0339,Harsh Patil,M,2012-03-19,61.0,Nagpur,Maharashtra,India,,synthetic,,1.0,,
SYN_P_0340,Payal Sinha,F,1976-05-22,33.0,Ghaziabad,Uttar Pradesh,India,,synthetic,,1.0,,
SYN_P_0341,Piyush Shukla,M,2014-11-25,64.0,Patna,Bihar,India,,synthetic,,1.0,,
SYN_P_0342,Preeti Khatri,F,2004-03-29,47.0,Patna,Bihar,India,,synthetic,,1.0,,
SYN_P_0343,Nitin Suri,M,1974-11-07,29.0,Chennai,Tamil Nadu,India,,synthetic,,1.0,,
SYN_P_0344,Kavya D'Souza,F,1987-12-21,47.0,Lucknow,Uttar Pradesh,India,,synthetic,,1.0,,
SYN_P_0345,Siddharth Mehta,M,2011-01-19,41.0,Indore,Madhya Pradesh,India,,synthetic,,1.0,,
SYN_P_0346,Avni Mukherjee,M,1986-03-07,52.0,Pune,Maharashtra,India,,synthetic,,1.0,,
SYN_P_0347,Kunal Tiwari,M,1999-11-04,41.0,Meerut,Uttar Pradesh,India,,synthetic,,1.0,,
SYN_P_0348,Palak Shetty,M,1975-03-16,49.0,Kanpur,Uttar Pradesh,India,,synthetic,,1.0,,
SYN_P_0349,Sanjay Yadav,M,1994-07-16,31.0,Chennai,Tamil Nadu,India,,synthetic,,1.0,,
SYN_P_0350,Vanshika Choudhary,F,1984-03-19,26.0,Nagpur,Maharashtra,India,,synthetic,,1.0,,
SYN_P_0351,Aditya Oberoi,F,1981-08-11,61.0,Hyderabad,Telangana,India,,synthetic,,1.0,,
SYN_P_0352,Sneha Lal,F,2008-07-10,48.0,Lucknow,Uttar Pradesh,India,,synthetic,,1.0,,
SYN_P_0353,Abhishek Varghese,F,2012-10-30,21.0,Bhubaneswar,Odisha,India,,synthetic,,1.0,,
SYN_P_0354,Radhika Shah,M,1973-05-21,67.0,Chandigarh,Chandigarh,India,,synthetic,,1.0,,
SYN_P_0355,Gaurav Agarwal,M,2003-06-22,41.0,Delhi,Delhi,India,,synthetic,,1.0,,
SYN_P_0356,Srishti Tripathi,M,2017-08-22,22.0,Delhi,Delhi,India,,synthetic,,1.0,,
SYN_P_0357,Tarun Hegde,M,1970-05-16,35.0,Haridwar,Uttarakhand,India,,synthetic,,1.0,,
SYN_P_0358,Aanya Chauhan,F,2000-11-22,29.0,Surat,Gujarat,India,,synthetic,,1.0,,
SYN_P_0359,Karan Bisht,F,1979-03-20,53.0,Patna,Bihar,India,,synthetic,,1.0,,
SYN_P_0360,Sakshi Ahuja,M,1997-06-18,25.0,Bhubaneswar,Odisha,India,,synthetic,,1.0,,
SYN_P_0361,Dev Ranjan,F,1974-02-07,39.0,Chennai,Tamil Nadu,India,,synthetic,,1.0,,
SYN_P_0362,Sonali Mathew,F,2010-11-26,48.0,Ahmedabad,Gujarat,India,,synthetic,,1.0,,
SYN_P_0363,Sameer Rao,F,1982-01-02,52.0,Chennai,Tamil Nadu,India,,synthetic,,1.0,,
SYN_P_0364,Monika Malhotra,M,2002-03-25,31.0,Nagpur,Maharashtra,India,,synthetic,,1.0,,
SYN_P_0365,Ujjwal Joshi,M,2006-03-11,35.0,Chandigarh,Chandigarh,India,,synthetic,,1.0,,
SYN_P_0366,Isha Krishnan,M,1990-02-15,34.0,Chandigarh,Chandigarh,India,,synthetic,,1.0,,
SYN_P_0367,Varun Solanki,M,1971-12-20,28.0,Surat,Gujarat,India,,synthetic,,1.0,,
SYN_P_0368,Ishita Bhat,M,2002-11-21,45.0,Pune,Maharashtra,India,,synthetic,,1.0,,
SYN_P_0369,Saurabh Wadhwa,M,1992-12-12,59.0,Lucknow,Uttar Pradesh,India,,synthetic,,1.0,,
SYN_P_0370,Apoorva Bhattacharya,M,1974-04-21,62.0,Dehradun,Uttarakhand,India,,synthetic,,1.0,,
SYN_P_0371,Rajiv Abraham,M,1971-10-09,65.0,Jaipur,Rajasthan,India,,synthetic,,1.0,,
SYN_P_0372,Harini Iyer,F,1980-05-22,49.0,Bhubaneswar,Odisha,India,,synthetic,,1.0,,
SYN_P_0373,Arjun Khanna,M,2004-02-12,56.0,Meerut,Uttar Pradesh,India,,synthetic,,1.0,,
SYN_P_0374,Nisha Deshmukh,F,1992-09-03,65.0,Noida,Uttar Pradesh,India,,synthetic,,1.0,,
SYN_P_0375,Akash Ghosh,M,1983-09-27,65.0,Patna,Bihar,India,,synthetic,,1.0,,
SYN_P_0376,Swati Desai,F,1970-11-01,47.0,Ahmedabad,Gujarat,India,,synthetic,,1.0,,
SYN_P_0377,Shubham Mandal,F,1979-01-22,60.0,Bhopal,Madhya Pradesh,India,,synthetic,,1.0,,
SYN_P_0378,Ritika Chopra,F,1982-04-22,27.0,Delhi,Delhi,India,,synthetic,,1.0,,
SYN_P_0379,Lokesh Saha,M,2015-11-24,39.0,Chandigarh,Chandigarh,India,,synthetic,,1.0,,
SYN_P_0380,Ananya Verma,M,1980-03-24,52.0,Jaipur,Rajasthan,India,,synthetic,,1.0,,
SYN_P_0381,Ankit Bose,M,1987-10-28,37.0,Ghaziabad,Uttar Pradesh,India,,synthetic,,1.0,,
SYN_P_0382,Muskan Arora,M,2016-12-07,43.0,Meerut,Uttar Pradesh,India,,synthetic,,1.0,,
SYN_P_0383,Dhruv Jadhav,F,2006-10-05,31.0,Bhopal,Madhya Pradesh,India,,synthetic,,1.0,,
SYN_P_0384,Divya Sarkar,F,1973-07-15,34.0,Noida,Uttar Pradesh,India,,synthetic,,1.0,,
SYN_P_0385,Rohit Dubey,F,2013-02-14,36.0,Surat,Gujarat,India,,synthetic,,1.0,,
SYN_P_0386,Garima Rana,M,1970-03-31,63.0,Bhopal,Madhya Pradesh,India,,synthetic,,1.0,,
SYN_P_0387,Meera Fernandes,M,1977-12-26,57.0,Patna,Bihar,India,,synthetic,,1.0,,
SYN_P_0388,Manish Mehta,M,2014-04-30,26.0,Ranchi,Jharkhand,India,,synthetic,,1.0,,
SYN_P_0389,Mahi Mukherjee,M,2015-11-28,67.0,Noida,Uttar Pradesh,India,,synthetic,,1.0,,
SYN_P_0390,Pranav Tiwari,F,1979-02-02,62.0,Chandigarh,Chandigarh,India,,synthetic,,1.0,,
SYN_P_0391,Bhavna Shetty,F,1990-09-27,39.0,Bhubaneswar,Odisha,India,,synthetic,,1.0,,
SYN_P_0392,Arnav Yadav,F,1993-09-11,24.0,Noida,Uttar Pradesh,India,,synthetic,,1.0,,
SYN_P_0393,Lakshmi Choudhary,M,1978-12-15,23.0,Nagpur,Maharashtra,India,,synthetic,,1.0,,
SYN_P_0394,Rohan Oberoi,F,1996-01-26,64.0,Surat,Gujarat,India,,synthetic,,1.0,,
SYN_P_0395,Shreya Lal,F,1998-01-20,68.0,Chandigarh,Chandigarh,India,,synthetic,,1.0,,
SYN_P_0396,Yash Varghese,M,1980-05-25,23.0,Chennai,Tamil Nadu,India,,synthetic,,1.0,,
SYN_P_0397,Komal Shah,M,1970-11-13,63.0,Jaipur,Rajasthan,India,,synthetic,,1.0,,
SYN_P_0398,Rishabh Agarwal,F,1985-04-19,43.0,Noida,Uttar Pradesh,India,,synthetic,,1.0,,
SYN_P_0399,Pallavi Tripathi,F,2009-04-09,67.0,Lucknow,Uttar Pradesh,India,,synthetic,,1.0,,
SYN_P_0400,Mayank Hegde,F,1978-05-04,42.0,Hyderabad,Telangana,India,,synthetic,,1.0,,
SYN_P_0401,Priya Chauhan,M,1986-05-29,46.0,Haridwar,Uttarakhand,India,,synthetic,,1.0,,
SYN_P_0402,Amit Bisht,F,2005-11-28,38.0,Chandigarh,Chandigarh,India,,synthetic,,1.0,,
SYN_P_0403,Tanya Ahuja,F,2004-08-09,47.0,Bhubaneswar,Odisha,India,,synthetic,,1.0,,
SYN_P_0404,Kabir Ranjan,M,1984-12-18,29.0,Kolkata,West Bengal,India,,synthetic,,1.0,,
SYN_P_0405,Shruti Mathew,M,1975-04-06,27.0,Mumbai,Maharashtra,India,,synthetic,,1.0,,
SYN_P_0406,Sachin Rao,F,2007-04-29,57.0,Kolkata,West Bengal,India,,synthetic,,1.0,,
SYN_P_0407,Kirti Malhotra,M,2009-04-23,60.0,Bhopal,Madhya Pradesh,India,,synthetic,,1.0,,
SYN_P_0408,Aarav Joshi,F,2004-01-26,60.0,Patna,Bihar,India,,synthetic,,1.0,,
SYN_P_0409,Riya Krishnan,M,1972-08-02,51.0,Mumbai,Maharashtra,India,,synthetic,,1.0,,
SYN_P_0410,Rajat Solanki,M,2013-10-16,47.0,Chandigarh,Chandigarh,India,,synthetic,,1.0,,
SYN_P_0411,Navya Bhat,M,2009-07-15,25.0,Haridwar,Uttarakhand,India,,synthetic,,1.0,,
SYN_P_0412,Tushar Wadhwa,F,1993-06-21,21.0,Lucknow,Uttar Pradesh,India,,synthetic,,1.0,,
SYN_P_0413,Kritika Bhattacharya,M,2017-01-31,63.0,Patna,Bihar,India,,synthetic,,1.0,,
SYN_P_0414,Atharv Abraham,M,2000-05-08,48.0,Hyderabad,Telangana,India,,synthetic,,1.0,,
SYN_P_0415,Snehal Iyer,F,1992-04-20,43.0,Chandigarh,Chandigarh,India,,synthetic,,1.0,,
SYN_P_0416,Rahul Khanna,M,2004-07-12,56.0,Ahmedabad,Gujarat,India,,synthetic,,1.0,,
SYN_P_0417,Aditi Deshmukh,M,1974-11-24,62.0,Haridwar,Uttarakhand,India,,synthetic,,1.0,,
SYN_P_0418,Ayush Ghosh,F,1984-01-30,52.0,Dehradun,Uttarakhand,India,,synthetic,,1.0,,
SYN_P_0419,Nandini Desai,M,1984-11-02,52.0,Noida,Uttar Pradesh,India,,synthetic,,1.0,,
SYN_P_0420,Naveen Mandal,M,1998-10-07,42.0,Chennai,Tamil Nadu,India,,synthetic,,1.0,,
SYN_P_0421,Jyoti Chopra,M,1994-12-15,53.0,Kolkata,West Bengal,India,,synthetic,,1.0,,
SYN_P_0422,Parth Saha,F,1989-12-24,46.0,Bhubaneswar,Odisha,India,,synthetic,,1.0,,
SYN_P_0423,Neha Verma,M,1991-01-31,50.0,Kanpur,Uttar Pradesh,India,,synthetic,,1.0,,
SYN_P_0424,Nikhil Bose,F,2009-11-07,26.0,Indore,Madhya Pradesh,India,,synthetic,,1.0,,
SYN_P_0425,Diya Arora,F,2014-09-20,41.0,Patna,Bihar,India,,synthetic,,1.0,,
SYN_P_0426,Ishaan Jadhav,F,1980-08-25,68.0,Ahmedabad,Gujarat,India,,synthetic,,1.0,,
SYN_P_0427,Tanvi Sarkar,M,1971-08-06,46.0,Chennai,Tamil Nadu,India,,synthetic,,1.0,,
SYN_P_0428,Deepak Dubey,M,2006-12-29,56.0,Bengaluru,Karnataka,India,,synthetic,,1.0,,
SYN_P_0429,Manvi Rana,M,2019-04-06,26.0,Noida,Uttar Pradesh,India,,synthetic,,1.0,,
SYN_P_0430,Vihaan Kohli,M,1997-04-30,62.0,Pune,Maharashtra,India,,synthetic,,1.0,,
SYN_P_0431,Pooja Fernandes,F,2010-12-06,44.0,Indore,Madhya Pradesh,India,,synthetic,,1.0,,
SYN_P_0432,Mohit Gupta,M,1974-11-14,50.0,Patna,Bihar,India,,synthetic,,1.0,,
SYN_P_0433,Anjali Chatterjee,F,1999-10-14,66.0,Nagpur,Maharashtra,India,,synthetic,,1.0,,
SYN_P_0434,Vivek Srivastava,F,2002-08-05,28.0,Hyderabad,Telangana,India,,synthetic,,1.0,,
SYN_P_0435,Sanya Naik,M,1978-09-28,21.0,Mumbai,Maharashtra,India,,synthetic,,1.0,,
SYN_P_0436,Shivam Kumar,F,2000-08-16,61.0,Ranchi,Jharkhand,India,,synthetic,,1.0,,
SYN_P_0437,Trisha Agrawal,F,1996-03-12,65.0,Ahmedabad,Gujarat,India,,synthetic,,1.0,,
SYN_P_0438,Vikram Bedi,M,1979-07-16,31.0,Ahmedabad,Gujarat,India,,synthetic,,1.0,,
SYN_P_0439,Simran Mistry,M,2014-03-06,66.0,Lucknow,Uttar Pradesh,India,,synthetic,,1.0,,
SYN_P_0440,Harsh Thomas,M,2006-09-18,37.0,Haridwar,Uttarakhand,India,,synthetic,,1.0,,
SYN_P_0441,Payal Patel,M,1987-07-30,28.0,Nagpur,Maharashtra,India,,synthetic,,1.0,,
SYN_P_0442,Piyush Jain,M,2005-04-01,50.0,Kanpur,Uttar Pradesh,India,,synthetic,,1.0,,
SYN_P_0443,Preeti Mishra,F,1987-02-05,27.0,Chennai,Tamil Nadu,India,,synthetic,,1.0,,
SYN_P_0444,Nitin Gowda,M,2007-03-09,61.0,Bengaluru,Karnataka,India,,synthetic,,1.0,,
SYN_P_0445,Kavya Thakur,F,1981-01-20,50.0,Chandigarh,Chandigarh,India,,synthetic,,1.0,,
SYN_P_0446,Siddharth Rawat,M,2015-03-27,52.0,Chandigarh,Chandigarh,India,,synthetic,,1.0,,
SYN_P_0447,Avni Puri,M,1970-05-23,56.0,Haridwar,Uttarakhand,India,,synthetic,,1.0,,
SYN_P_0448,Kunal Mishra,F,2008-10-30,53.0,Ranchi,Jharkhand,India,,synthetic,,1.0,,
SYN_P_0449,Palak George,M,1985-11-24,67.0,Lucknow,Uttar Pradesh,India,,synthetic,,1.0,,
SYN_P_0450,Sanjay Reddy,M,1981-07-08,45.0,Surat,Gujarat,India,,synthetic,,1.0,,
SYN_P_0451,Vanshika Bansal,F,1998-11-16,47.0,Noida,Uttar Pradesh,India,,synthetic,,1.0,,
SYN_P_0452,Aditya Pandey,F,1992-04-09,46.0,Chennai,Tamil Nadu,India,,synthetic,,1.0,,
SYN_P_0453,Sneha Pillai,F,2000-10-04,49.0,Ahmedabad,Gujarat,India,,synthetic,,1.0,,
SYN_P_0454,Abhishek Rathore,M,1981-12-19,47.0,Ahmedabad,Gujarat,India,,synthetic,,1.0,,
SYN_P_0455,Radhika Negi,F,2015-12-17,65.0,Chennai,Tamil Nadu,India,,synthetic,,1.0,,
SYN_P_0456,Gaurav Bhatia,F,2019-02-23,66.0,Hyderabad,Telangana,India,,synthetic,,1.0,,
SYN_P_0457,Srishti Sengupta,M,1989-07-01,34.0,Lucknow,Uttar Pradesh,India,,synthetic,,1.0,,
SYN_P_0458,Tarun Joseph,F,1996-01-26,64.0,Nagpur,Maharashtra,India,,synthetic,,1.0,,
SYN_P_0459,Aanya Nair,M,1981-11-26,53.0,Chandigarh,Chandigarh,India,,synthetic,,1.0,,
SYN_P_0460,Karan Sethi,F,2018-09-02,66.0,Dehradun,Uttarakhand,India,,synthetic,,1.0,,
SYN_P_0461,Sakshi Kulkarni,F,1980-05-09,56.0,Jaipur,Rajasthan,India,,synthetic,,1.0,,
SYN_P_0462,Dev Banerjee,F,2013-02-04,64.0,Mumbai,Maharashtra,India,,synthetic,,1.0,,
SYN_P_0463,Sonali Vora,F,2017-11-24,48.0,Indore,Madhya Pradesh,India,,synthetic,,1.0,,
SYN_P_0464,Sameer Dixit,M,1971-02-23,22.0,Ghaziabad,Uttar Pradesh,India,,synthetic,,1.0,,
SYN_P_0465,Monika Madan,M,2004-03-03,24.0,Surat,Gujarat,India,,synthetic,,1.0,,
SYN_P_0466,Ujjwal Roy,M,1975-01-29,38.0,Pune,Maharashtra,India,,synthetic,,1.0,,
SYN_P_0467,Isha Sharma,F,1984-06-09,64.0,Ghaziabad,Uttar Pradesh,India,,synthetic,,1.0,,
SYN_P_0468,Varun Menon,M,1992-06-24,24.0,Chennai,Tamil Nadu,India,,synthetic,,1.0,,
SYN_P_0469,Ishita Sethi,M,1996-06-24,55.0,Bhubaneswar,Odisha,India,,synthetic,,1.0,,
SYN_P_0470,Saurabh Pawar,F,1972-11-24,49.0,Jaipur,Rajasthan,India,,synthetic,,1.0,,
SYN_P_0471,Apoorva Dutta,M,1979-03-13,68.0,Noida,Uttar Pradesh,India,,synthetic,,1.0,,
SYN_P_0472,Rajiv Trivedi,M,2004-11-21,53.0,Dehradun,Uttarakhand,India,,synthetic,,1.0,,
SYN_P_0473,Harini Prasad,M,1995-10-22,45.0,Nagpur,Maharashtra,India,,synthetic,,1.0,,
SYN_P_0474,Arjun Bhardwaj,F,2004-10-08,64.0,Patna,Bihar,India,,synthetic,,1.0,,
SYN_P_0475,Nisha Karmakar,M,1998-01-19,21.0,Bhopal,Madhya Pradesh,India,,synthetic,,1.0,,
SYN_P_0476,Akash Mehta,M,1992-07-19,60.0,Bhopal,Madhya Pradesh,India,,synthetic,,1.0,,
SYN_P_0477,Swati Das,M,2009-10-01,61.0,Noida,Uttar Pradesh,India,,synthetic,,1.0,,
SYN_P_0478,Shubham Saxena,M,2002-12-29,67.0,Ghaziabad,Uttar Pradesh,India,,synthetic,,1.0,,
SYN_P_0479,Ritika Patil,F,1987-05-12,49.0,Jaipur,Rajasthan,India,,synthetic,,1.0,,
SYN_P_0480,Lokesh Sinha,M,1985-12-01,32.0,Kolkata,West Bengal,India,,synthetic,,1.0,,
SYN_P_0481,Ananya Shukla,M,1985-08-04,45.0,Bhubaneswar,Odisha,India,,synthetic,,1.0,,
SYN_P_0482,Ankit Khatri,F,1973-08-24,38.0,Patna,Bihar,India,,synthetic,,1.0,,
SYN_P_0483,Muskan Suri,M,1993-09-15,31.0,Chennai,Tamil Nadu,India,,synthetic,,1.0,,
SYN_P_0484,Dhruv D'Souza,M,1992-11-17,42.0,Jaipur,Rajasthan,India,,synthetic,,1.0,,
SYN_P_0485,Divya Patel,M,2011-11-02,23.0,Bengaluru,Karnataka,India,,synthetic,,1.0,,
SYN_P_0486,Rohit Jain,F,1983-10-16,59.0,Jaipur,Rajasthan,India,,synthetic,,1.0,,
SYN_P_0487,Garima Mishra,F,1974-07-25,52.0,Mumbai,Maharashtra,India,,synthetic,,1.0,,
SYN_P_0488,Varun Gowda,M,2002-02-15,66.0,Haridwar,Uttarakhand,India,,synthetic,,1.0,,
SYN_P_0489,Meera Thakur,M,1998-07-08,32.0,Delhi,Delhi,India,,synthetic,,1.0,,
SYN_P_0490,Manish Rawat,M,2016-09-15,53.0,Jaipur,Rajasthan,India,,synthetic,,1.0,,
SYN_P_0491,Mahi Puri,F,1984-04-19,55.0,Jaipur,Rajasthan,India,,synthetic,,1.0,,
SYN_P_0492,Pranav Mishra,F,2018-03-07,26.0,Bhubaneswar,Odisha,India,,synthetic,,1.0,,
SYN_P_0493,Bhavna George,M,2001-05-07,34.0,Meerut,Uttar Pradesh,India,,synthetic,,1.0,,
SYN_P_0494,Arnav Reddy,F,1999-10-11,44.0,Bhubaneswar,Odisha,India,,synthetic,,1.0,,
SYN_P_0495,Lakshmi Bansal,M,1996-05-03,60.0,Bengaluru,Karnataka,India,,synthetic,,1.0,,
SYN_P_0496,Rohan Pandey,F,2017-08-05,56.0,Chandigarh,Chandigarh,India,,synthetic,,1.0,,
SYN_P_0497,Shreya Pillai,M,1970-10-16,63.0,Ranchi,Jharkhand,India,,synthetic,,1.0,,
SYN_P_0498,Yash Rathore,F,2001-01-15,36.0,Bhopal,Madhya Pradesh,India,,synthetic,,1.0,,
SYN_P_0499,Komal Negi,M,1991-11-16,64.0,Ranchi,Jharkhand,India,,synthetic,,1.0,,
SYN_P_0500,Rishabh Bhatia,F,1998-10-17,28.0,Jaipur,Rajasthan,India,,synthetic,,1.0,,
SYN_P_0501,Pallavi Sengupta,F,2004-08-14,55.0,Nagpur,Maharashtra,India,,synthetic,,1.0,,
SYN_P_0502,Mayank Joseph,M,1995-05-17,54.0,Chandigarh,Chandigarh,India,,synthetic,,1.0,,
SYN_P_0503,Priya Nair,F,2003-08-22,52.0,Chennai,Tamil Nadu,India,,synthetic,,1.0,,
SYN_P_0504,Amit Kapoor,F,1973-12-07,62.0,Mumbai,Maharashtra,India,,synthetic,,1.0,,
SYN_P_0505,Tanya Kulkarni,F,1987-04-10,53.0,Haridwar,Uttarakhand,India,,synthetic,,1.0,,
SYN_P_0506,Kabir Banerjee,M,1977-05-22,31.0,Nagpur,Maharashtra,India,,synthetic,,1.0,,
SYN_P_0507,Shruti Vora,M,2018-04-07,61.0,Surat,Gujarat,India,,synthetic,,1.0,,
SYN_P_0508,Sachin Dixit,M,1975-11-16,63.0,Chennai,Tamil Nadu,India,,synthetic,,1.0,,
SYN_P_0509,Kirti Madan,F,1989-02-15,27.0,Indore,Madhya Pradesh,India,,synthetic,,1.0,,
SYN_P_0510,Aarav Roy,F,1988-06-11,62.0,Pune,Maharashtra,India,,synthetic,,1.0,,
SYN_P_0511,Riya Sharma,M,1976-06-21,22.0,Haridwar,Uttarakhand,India,,synthetic,,1.0,,
SYN_P_0512,Rajat Menon,F,2011-03-14,23.0,Dehradun,Uttarakhand,India,,synthetic,,1.0,,
SYN_P_0513,Navya Sethi,M,1977-11-07,24.0,Pune,Maharashtra,India,,synthetic,,1.0,,
SYN_P_0514,Tushar Pawar,F,1985-12-20,56.0,Hyderabad,Telangana,India,,synthetic,,1.0,,
SYN_P_0515,Kritika Dutta,M,1976-04-27,37.0,Bengaluru,Karnataka,India,,synthetic,,1.0,,
SYN_P_0516,Atharv Trivedi,F,2006-07-28,49.0,Surat,Gujarat,India,,synthetic,,1.0,,
SYN_P_0517,Snehal Prasad,F,2006-04-14,41.0,Meerut,Uttar Pradesh,India,,synthetic,,1.0,,
SYN_P_0518,Rahul Bhardwaj,F,1971-07-08,64.0,Bhubaneswar,Odisha,India,,synthetic,,1.0,,
SYN_P_0519,Aditi Karmakar,M,1980-08-12,62.0,Bengaluru,Karnataka,India,,synthetic,,1.0,,
SYN_P_0520,Ayush Singh,M,1975-09-04,65.0,Mumbai,Maharashtra,India,,synthetic,,1.0,,
SYN_P_0521,Nandini Das,F,1976-07-06,53.0,Jaipur,Rajasthan,India,,synthetic,,1.0,,
SYN_P_0522,Naveen Saxena,F,1979-07-10,64.0,Pune,Maharashtra,India,,synthetic,,1.0,,
SYN_P_0523,Jyoti Patil,M,1997-01-13,39.0,Mumbai,Maharashtra,India,,synthetic,,1.0,,
SYN_P_0524,Parth Sinha,F,2009-04-07,46.0,Ahmedabad,Gujarat,India,,synthetic,,1.0,,
SYN_P_0525,Neha Shukla,F,1972-10-06,31.0,Noida,Uttar Pradesh,India,,synthetic,,1.0,,
SYN_P_0526,Nikhil Khatri,M,2017-11-10,29.0,Kolkata,West Bengal,India,,synthetic,,1.0,,
SYN_P_0527,Diya Suri,F,2005-01-29,61.0,Chandigarh,Chandigarh,India,,synthetic,,1.0,,
SYN_P_0528,Ishaan D'Souza,F,1982-12-05,64.0,Bhubaneswar,Odisha,India,,synthetic,,1.0,,
SYN_P_0529,Tanvi Mehta,M,2003-06-23,56.0,Lucknow,Uttar Pradesh,India,,synthetic,,1.0,,
SYN_P_0530,Deepak Mukherjee,M,1982-09-07,23.0,Delhi,Delhi,India,,synthetic,,1.0,,
SYN_P_0531,Manvi Tiwari,F,1970-06-14,55.0,Dehradun,Uttarakhand,India,,synthetic,,1.0,,
SYN_P_0532,Vihaan Shetty,M,2019-02-14,40.0,Chennai,Tamil Nadu,India,,synthetic,,1.0,,
SYN_P_0533,Pooja Yadav,F,1988-11-05,34.0,Kolkata,West Bengal,India,,synthetic,,1.0,,
SYN_P_0534,Mohit Choudhary,M,2007-01-08,31.0,Kolkata,West Bengal,India,,synthetic,,1.0,,
SYN_P_0535,Anjali Oberoi,M,1986-07-05,60.0,Bhubaneswar,Odisha,India,,synthetic,,1.0,,
SYN_P_0536,Vivek Lal,M,1992-09-03,28.0,Ahmedabad,Gujarat,India,,synthetic,,1.0,,
SYN_P_0537,Sanya Varghese,M,1986-04-09,56.0,Haridwar,Uttarakhand,India,,synthetic,,1.0,,
SYN_P_0538,Shivam Shah,M,2011-05-20,39.0,Lucknow,Uttar Pradesh,India,,synthetic,,1.0,,
SYN_P_0539,Trisha Agarwal,F,1976-01-17,27.0,Jaipur,Rajasthan,India,,synthetic,,1.0,,
SYN_P_0540,Vikram Tripathi,F,1987-09-17,42.0,Mumbai,Maharashtra,India,,synthetic,,1.0,,
SYN_P_0541,Simran Hegde,M,2002-01-15,63.0,Chandigarh,Chandigarh,India,,synthetic,,1.0,,
SYN_P_0542,Harsh Chauhan,M,1991-01-16,39.0,Nagpur,Maharashtra,India,,synthetic,,1.0,,
SYN_P_0543,Payal Bisht,M,1976-04-06,41.0,Kolkata,West Bengal,India,,synthetic,,1.0,,
SYN_P_0544,Piyush Ahuja,F,2013-08-03,42.0,Chandigarh,Chandigarh,India,,synthetic,,1.0,,
SYN_P_0545,Preeti Ranjan,M,1997-06-04,57.0,Bengaluru,Karnataka,India,,synthetic,,1.0,,
SYN_P_0546,Nitin Mathew,F,2002-09-13,48.0,Chennai,Tamil Nadu,India,,synthetic,,1.0,,
SYN_P_0547,Kavya Rao,M,1985-02-16,41.0,Indore,Madhya Pradesh,India,,synthetic,,1.0,,
SYN_P_0548,Siddharth Malhotra,M,1992-02-01,66.0,Patna,Bihar,India,,synthetic,,1.0,,
SYN_P_0549,Avni Joshi,F,2009-02-15,44.0,Mumbai,Maharashtra,India,,synthetic,,1.0,,
SYN_P_0550,Kunal Krishnan,F,1982-01-18,51.0,Dehradun,Uttarakhand,India,,synthetic,,1.0,,
SYN_P_0551,Palak Solanki,F,2011-07-11,43.0,Bengaluru,Karnataka,India,,synthetic,,1.0,,
SYN_P_0552,Sanjay Bhat,F,1997-05-28,56.0,Bhubaneswar,Odisha,India,,synthetic,,1.0,,
SYN_P_0553,Vanshika Wadhwa,M,1979-10-07,62.0,Indore,Madhya Pradesh,India,,synthetic,,1.0,,
SYN_P_0554,Aditya Bhattacharya,F,1977-05-10,29.0,Bhubaneswar,Odisha,India,,synthetic,,1.0,,
SYN_P_0555,Sneha Abraham,M,2018-04-28,37.0,Bengaluru,Karnataka,India,,synthetic,,1.0,,
SYN_P_0556,Abhishek Iyer,M,1976-11-10,22.0,Surat,Gujarat,India,,synthetic,,1.0,,
SYN_P_0557,Radhika Khanna,M,2015-07-03,58.0,Kanpur,Uttar Pradesh,India,,synthetic,,1.0,,
SYN_P_0558,Gaurav Deshmukh,M,2006-05-07,23.0,Bhubaneswar,Odisha,India,,synthetic,,1.0,,
SYN_P_0559,Srishti Ghosh,F,1993-05-19,62.0,Pune,Maharashtra,India,,synthetic,,1.0,,
SYN_P_0560,Tarun Desai,F,1983-05-03,46.0,Kanpur,Uttar Pradesh,India,,synthetic,,1.0,,
SYN_P_0561,Aanya Mandal,F,1990-01-13,29.0,Lucknow,Uttar Pradesh,India,,synthetic,,1.0,,
SYN_P_0562,Karan Chopra,M,2011-09-10,46.0,Bhubaneswar,Odisha,India,,synthetic,,1.0,,
SYN_P_0563,Sakshi Saha,M,2002-08-24,63.0,Chennai,Tamil Nadu,India,,synthetic,,1.0,,
SYN_P_0564,Dev Verma,M,1991-06-07,53.0,Bengaluru,Karnataka,India,,synthetic,,1.0,,
SYN_P_0565,Sonali Bose,F,1982-08-05,31.0,Kanpur,Uttar Pradesh,India,,synthetic,,1.0,,
SYN_P_0566,Sameer Arora,M,1986-01-27,68.0,Chennai,Tamil Nadu,India,,synthetic,,1.0,,
SYN_P_0567,Monika Jadhav,F,2013-05-18,23.0,Indore,Madhya Pradesh,India,,synthetic,,1.0,,
SYN_P_0568,Ujjwal Sarkar,F,1989-08-19,35.0,Noida,Uttar Pradesh,India,,synthetic,,1.0,,
SYN_P_0569,Isha Dubey,F,1975-08-22,44.0,Hyderabad,Telangana,India,,synthetic,,1.0,,
SYN_P_0570,Varun Rana,M,1990-12-30,63.0,Noida,Uttar Pradesh,India,,synthetic,,1.0,,
SYN_P_0571,Ishita Kohli,F,1988-07-20,45.0,Ghaziabad,Uttar Pradesh,India,,synthetic,,1.0,,
SYN_P_0572,Saurabh Fernandes,F,2012-02-20,23.0,Patna,Bihar,India,,synthetic,,1.0,,
SYN_P_0573,Apoorva Gupta,F,1973-07-31,27.0,Noida,Uttar Pradesh,India,,synthetic,,1.0,,
SYN_P_0574,Rajiv Chatterjee,F,2016-10-10,68.0,Delhi,Delhi,India,,synthetic,,1.0,,
SYN_P_0575,Harini Srivastava,M,1993-08-16,45.0,Ahmedabad,Gujarat,India,,synthetic,,1.0,,
SYN_P_0576,Arjun Naik,F,2003-12-17,58.0,Lucknow,Uttar Pradesh,India,,synthetic,,1.0,,
SYN_P_0577,Nisha Kumar,F,1976-12-25,45.0,Indore,Madhya Pradesh,India,,synthetic,,1.0,,
SYN_P_0578,Akash Agrawal,F,1989-12-30,43.0,Chandigarh,Chandigarh,India,,synthetic,,1.0,,
SYN_P_0579,Swati Bedi,F,2000-12-15,51.0,Ghaziabad,Uttar Pradesh,India,,synthetic,,1.0,,
SYN_P_0580,Shubham Mistry,M,1970-08-05,49.0,Ranchi,Jharkhand,India,,synthetic,,1.0,,
SYN_P_0581,Ritika Thomas,M,1984-11-09,25.0,Lucknow,Uttar Pradesh,India,,synthetic,,1.0,,
SYN_P_0582,Lokesh Shah,F,2016-02-29,34.0,Delhi,Delhi,India,,synthetic,,1.0,,
SYN_P_0583,Ananya Agarwal,M,1983-06-25,31.0,Jaipur,Rajasthan,India,,synthetic,,1.0,,
SYN_P_0584,Ankit Tripathi,M,2002-07-01,63.0,Hyderabad,Telangana,India,,synthetic,,1.0,,
SYN_P_0585,Muskan Hegde,F,1990-08-31,42.0,Surat,Gujarat,India,,synthetic,,1.0,,
SYN_P_0586,Dhruv Chauhan,F,1980-03-02,64.0,Pune,Maharashtra,India,,synthetic,,1.0,,
SYN_P_0587,Divya Bisht,F,2012-12-15,34.0,Noida,Uttar Pradesh,India,,synthetic,,1.0,,
SYN_P_0588,Rohit Ahuja,F,1984-06-19,22.0,Bhopal,Madhya Pradesh,India,,synthetic,,1.0,,
SYN_P_0589,Garima Ranjan,M,1991-11-11,29.0,Indore,Madhya Pradesh,India,,synthetic,,1.0,,
SYN_P_0590,Varun Mathew,M,1984-06-15,61.0,Patna,Bihar,India,,synthetic,,1.0,,
SYN_P_0591,Meera Rao,M,2015-12-29,57.0,Bhopal,Madhya Pradesh,India,,synthetic,,1.0,,
SYN_P_0592,Manish Malhotra,M,1983-03-06,31.0,Bengaluru,Karnataka,India,,synthetic,,1.0,,
SYN_P_0593,Mahi Joshi,M,1993-03-03,54.0,Patna,Bihar,India,,synthetic,,1.0,,
SYN_P_0594,Pranav Krishnan,M,2006-05-17,67.0,Bengaluru,Karnataka,India,,synthetic,,1.0,,
SYN_P_0595,Bhavna Solanki,M,1995-06-07,34.0,Delhi,Delhi,India,,synthetic,,1.0,,
SYN_P_0596,Arnav Bhat,F,2010-04-20,51.0,Delhi,Delhi,India,,synthetic,,1.0,,
SYN_P_0597,Lakshmi Wadhwa,M,1985-04-21,47.0,Chennai,Tamil Nadu,India,,synthetic,,1.0,,
SYN_P_0598,Rohan Bhattacharya,M,1982-10-21,60.0,Chennai,Tamil Nadu,India,,synthetic,,1.0,,
SYN_P_0599,Shreya Abraham,F,2015-10-30,31.0,Ahmedabad,Gujarat,India,,synthetic,,1.0,,
SYN_P_0600,Yash Iyer,F,2000-09-28,59.0,Delhi,Delhi,India,,synthetic,,1.0,,
SYN_P_0601,Komal Khanna,M,1976-03-05,45.0,Delhi,Delhi,India,,synthetic,,1.0,,
SYN_P_0602,Rishabh Deshmukh,M,2004-07-31,27.0,Hyderabad,Telangana,India,,synthetic,,1.0,,
SYN_P_0603,Pallavi Dutta,M,1971-06-27,54.0,Bhubaneswar,Odisha,India,,synthetic,,1.0,,
SYN_P_0604,Mayank Desai,F,2015-04-01,30.0,Dehradun,Uttarakhand,India,,synthetic,,1.0,,
SYN_P_0605,Priya Mandal,M,1978-08-22,51.0,Chennai,Tamil Nadu,India,,synthetic,,1.0,,
SYN_P_0606,Amit Chopra,M,1973-07-03,26.0,Haridwar,Uttarakhand,India,,synthetic,,1.0,,
SYN_P_0607,Tanya Saha,M,2013-04-07,59.0,Delhi,Delhi,India,,synthetic,,1.0,,
SYN_P_0608,Kabir Singh,M,2018-05-20,64.0,Hyderabad,Telangana,India,,synthetic,,1.0,,
SYN_P_0609,Shruti Bose,F,2008-09-17,44.0,Ranchi,Jharkhand,India,,synthetic,,1.0,,
SYN_P_0610,Sachin Arora,F,1973-11-24,35.0,Patna,Bihar,India,,synthetic,,1.0,,
SYN_P_0611,Kirti Jadhav,F,2013-04-03,43.0,Ahmedabad,Gujarat,India,,synthetic,,1.0,,
SYN_P_0612,Aarav Sarkar,F,1978-10-07,29.0,Kanpur,Uttar Pradesh,India,,synthetic,,1.0,,
SYN_P_0613,Riya Dubey,F,1992-11-01,35.0,Meerut,Uttar Pradesh,India,,synthetic,,1.0,,
SYN_P_0614,Rajat Rana,F,1977-07-09,59.0,Meerut,Uttar Pradesh,India,,synthetic,,1.0,,
SYN_P_0615,Navya Kohli,F,2018-10-12,37.0,Hyderabad,Telangana,India,,synthetic,,1.0,,
SYN_P_0616,Tushar Fernandes,M,1986-12-16,66.0,Lucknow,Uttar Pradesh,India,,synthetic,,1.0,,
SYN_P_0617,Kritika Gupta,M,1970-08-22,54.0,Chandigarh,Chandigarh,India,,synthetic,,1.0,,
SYN_P_0618,Atharv Chatterjee,F,1970-08-24,62.0,Jaipur,Rajasthan,India,,synthetic,,1.0,,
SYN_P_0619,Snehal Srivastava,F,1988-06-06,47.0,Bhopal,Madhya Pradesh,India,,synthetic,,1.0,,
SYN_P_0620,Rahul Naik,M,2002-07-02,30.0,Hyderabad,Telangana,India,,synthetic,,1.0,,
SYN_P_0621,Aditi Kumar,F,2008-03-23,37.0,Dehradun,Uttarakhand,India,,synthetic,,1.0,,
SYN_P_0622,Ayush Agrawal,F,2018-02-05,57.0,Pune,Maharashtra,India,,synthetic,,1.0,,
SYN_P_0623,Nandini Bedi,F,2002-10-21,64.0,Dehradun,Uttarakhand,India,,synthetic,,1.0,,
SYN_P_0624,Naveen Mistry,M,2005-08-28,47.0,Nagpur,Maharashtra,India,,synthetic,,1.0,,
SYN_P_0625,Jyoti Thomas,M,2013-04-14,44.0,Ghaziabad,Uttar Pradesh,India,,synthetic,,1.0,,
SYN_P_0626,Parth Patel,F,2013-05-26,40.0,Pune,Maharashtra,India,,synthetic,,1.0,,
SYN_P_0627,Neha Agarwal,F,2000-11-22,68.0,Nagpur,Maharashtra,India,,synthetic,,1.0,,
SYN_P_0628,Nikhil Mishra,M,1982-05-22,68.0,Surat,Gujarat,India,,synthetic,,1.0,,
SYN_P_0629,Diya Gowda,F,1990-08-13,65.0,Kolkata,West Bengal,India,,synthetic,,1.0,,
SYN_P_0630,Ishaan Thakur,M,1984-07-07,34.0,Chandigarh,Chandigarh,India,,synthetic,,1.0,,
SYN_P_0631,Tanvi Rawat,F,2015-08-10,42.0,Ranchi,Jharkhand,India,,synthetic,,1.0,,
SYN_P_0632,Deepak Puri,M,1974-09-02,45.0,Chandigarh,Chandigarh,India,,synthetic,,1.0,,
SYN_P_0633,Manvi Mishra,M,1970-06-23,30.0,Haridwar,Uttarakhand,India,,synthetic,,1.0,,
SYN_P_0634,Vihaan George,F,2012-04-25,26.0,Patna,Bihar,India,,synthetic,,1.0,,
SYN_P_0635,Pooja Reddy,F,1975-10-01,35.0,Ghaziabad,Uttar Pradesh,India,,synthetic,,1.0,,
SYN_P_0636,Mohit Bansal,M,2003-04-09,59.0,Indore,Madhya Pradesh,India,,synthetic,,1.0,,
SYN_P_0637,Anjali Pandey,F,1973-05-22,46.0,Indore,Madhya Pradesh,India,,synthetic,,1.0,,
SYN_P_0638,Vivek Pillai,F,2016-09-28,66.0,Noida,Uttar Pradesh,India,,synthetic,,1.0,,
SYN_P_0639,Sanya Rathore,M,1975-02-26,61.0,Ghaziabad,Uttar Pradesh,India,,synthetic,,1.0,,
SYN_P_0640,Shivam Negi,F,2014-05-09,21.0,Nagpur,Maharashtra,India,,synthetic,,1.0,,
SYN_P_0641,Trisha Bhatia,F,1988-02-05,33.0,Nagpur,Maharashtra,India,,synthetic,,1.0,,
SYN_P_0642,Vikram Sengupta,M,1973-01-06,60.0,Nagpur,Maharashtra,India,,synthetic,,1.0,,
SYN_P_0643,Simran Joseph,M,1985-03-16,44.0,Chennai,Tamil Nadu,India,,synthetic,,1.0,,
SYN_P_0644,Harsh Nair,M,1991-06-19,31.0,Bengaluru,Karnataka,India,,synthetic,,1.0,,
SYN_P_0645,Payal Kapoor,F,1977-10-16,46.0,Noida,Uttar Pradesh,India,,synthetic,,1.0,,
SYN_P_0646,Piyush Kulkarni,F,2001-09-06,46.0,Indore,Madhya Pradesh,India,,synthetic,,1.0,,
SYN_P_0647,Preeti Banerjee,M,1987-12-21,68.0,Delhi,Delhi,India,,synthetic,,1.0,,
SYN_P_0648,Nitin Vora,M,1976-02-27,56.0,Ranchi,Jharkhand,India,,synthetic,,1.0,,
SYN_P_0649,Kavya Dixit,F,1995-07-11,43.0,Kanpur,Uttar Pradesh,India,,synthetic,,1.0,,
SYN_P_0650,Siddharth Madan,M,1994-10-22,59.0,Ghaziabad,Uttar Pradesh,India,,synthetic,,1.0,,
SYN_P_0651,Avni Roy,F,1987-06-15,46.0,Bengaluru,Karnataka,India,,synthetic,,1.0,,
SYN_P_0652,Kunal Sharma,F,1970-06-02,32.0,Ahmedabad,Gujarat,India,,synthetic,,1.0,,
SYN_P_0653,Palak Menon,M,2006-07-11,56.0,Indore,Madhya Pradesh,India,,synthetic,,1.0,,
SYN_P_0654,Sanjay Sethi,F,1976-06-29,42.0,Mumbai,Maharashtra,India,,synthetic,,1.0,,
SYN_P_0655,Vanshika Pawar,F,1980-07-01,55.0,Kolkata,West Bengal,India,,synthetic,,1.0,,
SYN_P_0656,Aditya Dutta,F,1992-06-10,45.0,Meerut,Uttar Pradesh,India,,synthetic,,1.0,,
SYN_P_0657,Sneha Trivedi,M,2013-05-22,42.0,Hyderabad,Telangana,India,,synthetic,,1.0,,
SYN_P_0658,Abhishek Prasad,F,2011-03-02,58.0,Noida,Uttar Pradesh,India,,synthetic,,1.0,,
SYN_P_0659,Radhika Bhardwaj,F,1972-06-15,28.0,Chandigarh,Chandigarh,India,,synthetic,,1.0,,
SYN_P_0660,Gaurav Karmakar,M,1993-02-17,45.0,Jaipur,Rajasthan,India,,synthetic,,1.0,,
SYN_P_0661,Srishti Singh,M,1989-10-09,41.0,Ranchi,Jharkhand,India,,synthetic,,1.0,,
SYN_P_0662,Tarun Das,F,2007-01-01,54.0,Kolkata,West Bengal,India,,synthetic,,1.0,,
SYN_P_0663,Aanya Saxena,M,2018-01-21,65.0,Bengaluru,Karnataka,India,,synthetic,,1.0,,
SYN_P_0664,Karan Patil,M,1993-08-17,39.0,Dehradun,Uttarakhand,India,,synthetic,,1.0,,
SYN_P_0665,Sakshi Sinha,F,1978-05-06,64.0,Noida,Uttar Pradesh,India,,synthetic,,1.0,,
SYN_P_0666,Dev Shukla,M,2000-09-06,56.0,Ghaziabad,Uttar Pradesh,India,,synthetic,,1.0,,
SYN_P_0667,Sonali Khatri,F,1986-01-05,41.0,Patna,Bihar,India,,synthetic,,1.0,,
SYN_P_0668,Sameer Suri,M,2001-09-19,57.0,Dehradun,Uttarakhand,India,,synthetic,,1.0,,
SYN_P_0669,Monika D'Souza,M,1994-02-21,68.0,Chennai,Tamil Nadu,India,,synthetic,,1.0,,
SYN_P_0670,Ujjwal Mehta,F,1987-01-23,68.0,Kolkata,West Bengal,India,,synthetic,,1.0,,
SYN_P_0671,Isha Mukherjee,M,1987-11-30,68.0,Patna,Bihar,India,,synthetic,,1.0,,
SYN_P_0672,Varun Tiwari,F,1991-09-19,34.0,Noida,Uttar Pradesh,India,,synthetic,,1.0,,
SYN_P_0673,Ishita Shetty,M,1990-07-25,36.0,Kanpur,Uttar Pradesh,India,,synthetic,,1.0,,
SYN_P_0674,Saurabh Yadav,M,2001-12-10,27.0,Mumbai,Maharashtra,India,,synthetic,,1.0,,
SYN_P_0675,Apoorva Choudhary,M,1980-10-03,64.0,Delhi,Delhi,India,,synthetic,,1.0,,
SYN_P_0676,Rajiv Oberoi,M,2014-03-14,55.0,Jaipur,Rajasthan,India,,synthetic,,1.0,,
SYN_P_0677,Harini Lal,F,1973-10-16,44.0,Kolkata,West Bengal,India,,synthetic,,1.0,,
SYN_P_0678,Arjun Varghese,F,1998-04-19,57.0,Lucknow,Uttar Pradesh,India,,synthetic,,1.0,,
SYN_P_0679,Nisha Reddy,F,1994-08-25,32.0,Ranchi,Jharkhand,India,,synthetic,,1.0,,
SYN_P_0680,Akash Bansal,F,2015-11-09,46.0,Nagpur,Maharashtra,India,,synthetic,,1.0,,
SYN_P_0681,Swati Pandey,M,1989-12-04,24.0,Ghaziabad,Uttar Pradesh,India,,synthetic,,1.0,,
SYN_P_0682,Shubham Pillai,F,2017-03-02,51.0,Haridwar,Uttarakhand,India,,synthetic,,1.0,,
SYN_P_0683,Ritika Rathore,M,2018-07-07,53.0,Kanpur,Uttar Pradesh,India,,synthetic,,1.0,,
SYN_P_0684,Lokesh Negi,F,2001-02-26,64.0,Kolkata,West Bengal,India,,synthetic,,1.0,,
SYN_P_0685,Ananya Bhatia,F,1985-09-06,28.0,Chandigarh,Chandigarh,India,,synthetic,,1.0,,
SYN_P_0686,Ankit Sengupta,F,2016-06-28,41.0,Kolkata,West Bengal,India,,synthetic,,1.0,,
SYN_P_0687,Muskan Joseph,M,1970-10-03,64.0,Nagpur,Maharashtra,India,,synthetic,,1.0,,
SYN_P_0688,Dhruv Nair,F,1988-11-27,58.0,Patna,Bihar,India,,synthetic,,1.0,,
SYN_P_0689,Divya Kapoor,F,1979-01-15,44.0,Chennai,Tamil Nadu,India,,synthetic,,1.0,,
SYN_P_0690,Rohit Kulkarni,M,1993-04-19,56.0,Mumbai,Maharashtra,India,,synthetic,,1.0,,
SYN_P_0691,Garima Banerjee,M,1993-08-01,38.0,Nagpur,Maharashtra,India,,synthetic,,1.0,,
SYN_P_0692,Varun Vora,F,2012-04-15,44.0,Bhubaneswar,Odisha,India,,synthetic,,1.0,,
SYN_P_0693,Meera Dixit,F,1986-07-02,48.0,Lucknow,Uttar Pradesh,India,,synthetic,,1.0,,
SYN_P_0694,Manish Madan,F,1988-11-20,65.0,Ranchi,Jharkhand,India,,synthetic,,1.0,,
SYN_P_0695,Mahi Roy,F,2003-05-27,46.0,Bhubaneswar,Odisha,India,,synthetic,,1.0,,
SYN_P_0696,Pranav Sharma,F,1995-02-01,32.0,Ghaziabad,Uttar Pradesh,India,,synthetic,,1.0,,
SYN_P_0697,Bhavna Menon,M,1981-10-07,27.0,Hyderabad,Telangana,India,,synthetic,,1.0,,
SYN_P_0698,Arnav Sethi,M,1994-03-21,56.0,Bhubaneswar,Odisha,India,,synthetic,,1.0,,
SYN_P_0699,Lakshmi Pawar,F,2008-10-10,33.0,Pune,Maharashtra,India,,synthetic,,1.0,,
SYN_P_0700,Rohan Dutta,M,1983-02-01,51.0,Noida,Uttar Pradesh,India,,synthetic,,1.0,,
SYN_P_0701,Shreya Trivedi,M,1970-11-16,47.0,Meerut,Uttar Pradesh,India,,synthetic,,1.0,,
SYN_P_0702,Yash Prasad,M,2014-10-27,61.0,Ahmedabad,Gujarat,India,,synthetic,,1.0,,
SYN_P_0703,Komal Bhardwaj,F,2016-05-20,52.0,Chandigarh,Chandigarh,India,,synthetic,,1.0,,
SYN_P_0704,Rishabh Karmakar,F,1996-12-01,56.0,Ghaziabad,Uttar Pradesh,India,,synthetic,,1.0,,
SYN_P_0705,Pallavi Singh,F,1974-04-13,27.0,Mumbai,Maharashtra,India,,synthetic,,1.0,,
SYN_P_0706,Mayank Das,M,1984-08-27,34.0,Bhopal,Madhya Pradesh,India,,synthetic,,1.0,,
SYN_P_0707,Priya Saxena,F,1992-10-24,61.0,Bhopal,Madhya Pradesh,India,,synthetic,,1.0,,
SYN_P_0708,Amit Patil,F,1978-08-22,68.0,Bhopal,Madhya Pradesh,India,,synthetic,,1.0,,
SYN_P_0709,Tanya Sinha,F,2000-01-10,44.0,Nagpur,Maharashtra,India,,synthetic,,1.0,,
SYN_P_0710,Kabir Shukla,F,2002-04-29,43.0,Mumbai,Maharashtra,India,,synthetic,,1.0,,
SYN_P_0711,Shruti Khatri,F,1971-10-12,28.0,Delhi,Delhi,India,,synthetic,,1.0,,
SYN_P_0712,Sachin Suri,M,2001-07-01,57.0,Indore,Madhya Pradesh,India,,synthetic,,1.0,,
SYN_P_0713,Kirti D'Souza,M,2018-04-22,39.0,Dehradun,Uttarakhand,India,,synthetic,,1.0,,
SYN_P_0714,Aarav Mehta,F,2001-11-10,64.0,Surat,Gujarat,India,,synthetic,,1.0,,
SYN_P_0715,Riya Mukherjee,F,2015-10-18,68.0,Bengaluru,Karnataka,India,,synthetic,,1.0,,
SYN_P_0716,Rajat Tiwari,M,2010-02-05,45.0,Chandigarh,Chandigarh,India,,synthetic,,1.0,,
SYN_P_0717,Navya Shetty,F,1995-09-15,61.0,Pune,Maharashtra,India,,synthetic,,1.0,,
SYN_P_0718,Tushar Yadav,M,1982-12-30,61.0,Chennai,Tamil Nadu,India,,synthetic,,1.0,,
SYN_P_0719,Kritika Choudhary,F,2000-04-08,61.0,Nagpur,Maharashtra,India,,synthetic,,1.0,,
SYN_P_0720,Atharv Oberoi,M,2006-04-25,26.0,Ahmedabad,Gujarat,India,,synthetic,,1.0,,
SYN_P_0721,Snehal Lal,F,1984-07-14,35.0,Kanpur,Uttar Pradesh,India,,synthetic,,1.0,,
SYN_P_0722,Rahul Varghese,F,1998-02-15,62.0,Patna,Bihar,India,,synthetic,,1.0,,
SYN_P_0723,Aditi Shah,F,1996-02-21,59.0,Kolkata,West Bengal,India,,synthetic,,1.0,,
SYN_P_0724,Ayush Agarwal,F,2005-06-24,49.0,Patna,Bihar,India,,synthetic,,1.0,,
SYN_P_0725,Nandini Tripathi,F,2002-08-01,47.0,Nagpur,Maharashtra,India,,synthetic,,1.0,,
SYN_P_0726,Naveen Hegde,M,1985-01-04,22.0,Ghaziabad,Uttar Pradesh,India,,synthetic,,1.0,,
SYN_P_0727,Jyoti Chauhan,M,1981-03-21,63.0,Bhopal,Madhya Pradesh,India,,synthetic,,1.0,,
SYN_P_0728,Parth Bisht,M,1992-07-29,34.0,Haridwar,Uttarakhand,India,,synthetic,,1.0,,
SYN_P_0729,Neha Ahuja,F,1984-12-22,27.0,Chandigarh,Chandigarh,India,,synthetic,,1.0,,
SYN_P_0730,Nikhil Ranjan,M,1978-07-29,51.0,Ranchi,Jharkhand,India,,synthetic,,1.0,,
SYN_P_0731,Diya Mathew,M,2019-03-16,22.0,Ghaziabad,Uttar Pradesh,India,,synthetic,,1.0,,
SYN_P_0732,Ishaan Rao,M,2005-08-14,27.0,Ghaziabad,Uttar Pradesh,India,,synthetic,,1.0,,
SYN_P_0733,Tanvi Malhotra,M,1993-07-19,26.0,Dehradun,Uttarakhand,India,,synthetic,,1.0,,
SYN_P_0734,Deepak Joshi,F,2004-12-22,35.0,Lucknow,Uttar Pradesh,India,,synthetic,,1.0,,
SYN_P_0735,Manvi Krishnan,F,1992-03-12,49.0,Nagpur,Maharashtra,India,,synthetic,,1.0,,
SYN_P_0736,Vihaan Solanki,M,1981-05-05,54.0,Ranchi,Jharkhand,India,,synthetic,,1.0,,
SYN_P_0737,Pooja Bhat,M,1985-04-22,23.0,Indore,Madhya Pradesh,India,,synthetic,,1.0,,
SYN_P_0738,Mohit Wadhwa,F,2002-01-05,51.0,Lucknow,Uttar Pradesh,India,,synthetic,,1.0,,
SYN_P_0739,Anjali Bhattacharya,F,2011-11-30,56.0,Bhubaneswar,Odisha,India,,synthetic,,1.0,,
SYN_P_0740,Vivek Abraham,M,2009-11-28,65.0,Nagpur,Maharashtra,India,,synthetic,,1.0,,
SYN_P_0741,Sanya Iyer,M,2018-05-20,58.0,Mumbai,Maharashtra,India,,synthetic,,1.0,,
SYN_P_0742,Shivam Khanna,F,2010-12-17,54.0,Pune,Maharashtra,India,,synthetic,,1.0,,
SYN_P_0743,Trisha Deshmukh,F,2017-11-21,43.0,Meerut,Uttar Pradesh,India,,synthetic,,1.0,,
SYN_P_0744,Vikram Ghosh,M,2013-03-18,26.0,Ghaziabad,Uttar Pradesh,India,,synthetic,,1.0,,
SYN_P_0745,Simran Desai,F,2009-08-22,44.0,Delhi,Delhi,India,,synthetic,,1.0,,
SYN_P_0746,Harsh Mandal,F,2006-12-25,30.0,Haridwar,Uttarakhand,India,,synthetic,,1.0,,
SYN_P_0747,Payal Chopra,M,1997-03-27,21.0,Surat,Gujarat,India,,synthetic,,1.0,,
SYN_P_0748,Piyush Saha,M,2016-12-13,43.0,Pune,Maharashtra,India,,synthetic,,1.0,,
SYN_P_0749,Preeti Verma,F,1995-09-23,55.0,Dehradun,Uttarakhand,India,,synthetic,,1.0,,
SYN_P_0750,Nitin Bose,F,1970-09-30,51.0,Meerut,Uttar Pradesh,India,,synthetic,,1.0,,
SYN_P_0751,Kavya Arora,M,1996-11-17,48.0,Lucknow,Uttar Pradesh,India,,synthetic,,1.0,,
SYN_P_0752,Siddharth Jadhav,M,1996-04-12,21.0,Ghaziabad,Uttar Pradesh,India,,synthetic,,1.0,,
SYN_P_0753,Avni Sarkar,F,2019-03-08,33.0,Kanpur,Uttar Pradesh,India,,synthetic,,1.0,,
SYN_P_0754,Kunal Dubey,F,2006-12-09,46.0,Ahmedabad,Gujarat,India,,synthetic,,1.0,,
SYN_P_0755,Palak Rana,M,1992-06-02,66.0,Surat,Gujarat,India,,synthetic,,1.0,,
SYN_P_0756,Sanjay Kohli,F,2004-12-18,35.0,Chennai,Tamil Nadu,India,,synthetic,,1.0,,
SYN_P_0757,Vanshika Fernandes,M,1993-08-05,48.0,Chennai,Tamil Nadu,India,,synthetic,,1.0,,
SYN_P_0758,Aditya Gupta,F,1991-06-29,39.0,Hyderabad,Telangana,India,,synthetic,,1.0,,
SYN_P_0759,Sneha Chatterjee,F,2017-09-21,47.0,Ahmedabad,Gujarat,India,,synthetic,,1.0,,
SYN_P_0760,Abhishek Srivastava,M,1986-11-13,32.0,Meerut,Uttar Pradesh,India,,synthetic,,1.0,,
SYN_P_0761,Radhika Naik,F,1982-04-04,28.0,Delhi,Delhi,India,,synthetic,,1.0,,
SYN_P_0762,Gaurav Kumar,F,2010-11-07,38.0,Ghaziabad,Uttar Pradesh,India,,synthetic,,1.0,,
SYN_P_0763,Srishti Agrawal,M,2014-02-20,41.0,Pune,Maharashtra,India,,synthetic,,1.0,,
SYN_P_0764,Tarun Bedi,M,1971-09-28,24.0,Chennai,Tamil Nadu,India,,synthetic,,1.0,,
SYN_P_0765,Aanya Mistry,M,2017-12-29,32.0,Ghaziabad,Uttar Pradesh,India,,synthetic,,1.0,,
SYN_P_0766,Karan Thomas,F,1979-03-06,38.0,Bhopal,Madhya Pradesh,India,,synthetic,,1.0,,
SYN_P_0767,Sakshi Patel,F,1981-03-21,67.0,Bhopal,Madhya Pradesh,India,,synthetic,,1.0,,
SYN_P_0768,Dev Jain,M,1970-09-26,26.0,Mumbai,Maharashtra,India,,synthetic,,1.0,,
SYN_P_0769,Sonali Mishra,M,1983-07-09,52.0,Nagpur,Maharashtra,India,,synthetic,,1.0,,
SYN_P_0770,Sameer Gowda,F,1989-06-26,47.0,Delhi,Delhi,India,,synthetic,,1.0,,
SYN_P_0771,Monika Thakur,F,1997-12-14,44.0,Haridwar,Uttarakhand,India,,synthetic,,1.0,,
SYN_P_0772,Ujjwal Rawat,M,2011-08-08,42.0,Ahmedabad,Gujarat,India,,synthetic,,1.0,,
SYN_P_0773,Isha Puri,M,1977-03-13,24.0,Nagpur,Maharashtra,India,,synthetic,,1.0,,
SYN_P_0774,Varun Mishra,F,1993-11-28,25.0,Ghaziabad,Uttar Pradesh,India,,synthetic,,1.0,,
SYN_P_0775,Ishita George,F,2018-09-25,32.0,Bhubaneswar,Odisha,India,,synthetic,,1.0,,
SYN_P_0776,Saurabh Rao,F,1987-03-30,45.0,Chennai,Tamil Nadu,India,,synthetic,,1.0,,
SYN_P_0777,Apoorva Malhotra,M,1971-02-18,66.0,Chandigarh,Chandigarh,India,,synthetic,,1.0,,
SYN_P_0778,Rajiv Joshi,F,1992-05-02,49.0,Kolkata,West Bengal,India,,synthetic,,1.0,,
SYN_P_0779,Harini Krishnan,M,1992-03-05,33.0,Hyderabad,Telangana,India,,synthetic,,1.0,,
SYN_P_0780,Arjun Solanki,M,2011-05-06,54.0,Kanpur,Uttar Pradesh,India,,synthetic,,1.0,,
SYN_P_0781,Nisha Bhat,F,1988-09-13,45.0,Patna,Bihar,India,,synthetic,,1.0,,
SYN_P_0782,Akash Wadhwa,F,1998-01-01,31.0,Nagpur,Maharashtra,India,,synthetic,,1.0,,
SYN_P_0783,Swati Bhattacharya,M,1973-10-14,37.0,Kanpur,Uttar Pradesh,India,,synthetic,,1.0,,
SYN_P_0784,Shubham Abraham,F,2013-03-04,33.0,Lucknow,Uttar Pradesh,India,,synthetic,,1.0,,
SYN_P_0785,Ritika Rao,M,2002-05-03,63.0,Dehradun,Uttarakhand,India,,synthetic,,1.0,,
SYN_P_0786,Lokesh Khanna,M,1989-07-16,36.0,Haridwar,Uttarakhand,India,,synthetic,,1.0,,
SYN_P_0787,Ananya Deshmukh,F,2008-12-13,21.0,Dehradun,Uttarakhand,India,,synthetic,,1.0,,
SYN_P_0788,Ankit Ghosh,F,1985-01-06,58.0,Bengaluru,Karnataka,India,,synthetic,,1.0,,
SYN_P_0789,Muskan Desai,F,1980-09-25,36.0,Lucknow,Uttar Pradesh,India,,synthetic,,1.0,,
SYN_P_0790,Dhruv Mandal,M,1970-10-20,58.0,Ghaziabad,Uttar Pradesh,India,,synthetic,,1.0,,
SYN_P_0791,Divya Chopra,M,2012-08-21,44.0,Kanpur,Uttar Pradesh,India,,synthetic,,1.0,,
SYN_P_0792,Rohit Saha,M,1978-01-11,31.0,Ahmedabad,Gujarat,India,,synthetic,,1.0,,
SYN_P_0793,Garima Verma,M,2014-11-07,64.0,Dehradun,Uttarakhand,India,,synthetic,,1.0,,
SYN_P_0794,Varun Bose,M,2000-05-12,24.0,Ahmedabad,Gujarat,India,,synthetic,,1.0,,
SYN_P_0795,Meera Arora,M,2001-11-23,65.0,Haridwar,Uttarakhand,India,,synthetic,,1.0,,
SYN_P_0796,Manish Jadhav,M,2018-02-13,29.0,Bengaluru,Karnataka,India,,synthetic,,1.0,,
SYN_P_0797,Mahi Sarkar,M,2013-10-07,41.0,Ghaziabad,Uttar Pradesh,India,,synthetic,,1.0,,
SYN_P_0798,Pranav Dubey,F,2001-02-27,67.0,Pune,Maharashtra,India,,synthetic,,1.0,,
SYN_P_0799,Bhavna Rana,M,1987-04-25,65.0,Dehradun,Uttarakhand,India,,synthetic,,1.0,,
SYN_P_0800,Arnav Kohli,F,2003-11-22,67.0,Chandigarh,Chandigarh,India,,synthetic,,1.0,,
SYN_P_0801,Pallavi Wadhwa,F,1982-02-01,23.0,Bhubaneswar,Odisha,India,,synthetic,,1.0,,
SYN_P_0802,Saurabh Gill,F,2013-07-16,56.0,Indore,Madhya Pradesh,India,,synthetic,,1.0,,
SYN_P_0803,Naveen Wadhwa,F,1996-06-10,33.0,Bengaluru,Karnataka,India,,synthetic,,1.0,,
SYN_P_0804,Sneha Wadhwa,F,1986-09-29,41.0,Bhopal,Madhya Pradesh,India,,synthetic,,1.0,,
SYN_P_0805,Riya Dubey,F,2012-01-09,59.0,Bhopal,Madhya Pradesh,India,,synthetic,,1.0,,
SYN_P_0806,Shreya Banerjee,M,1984-05-21,54.0,Jaipur,Rajasthan,India,,synthetic,,1.0,,
SYN_P_0807,Simran Joshi,F,1983-11-28,39.0,Surat,Gujarat,India,,synthetic,,1.0,,
SYN_P_0808,Nisha Joshi,F,1993-08-17,50.0,Meerut,Uttar Pradesh,India,,synthetic,,1.0,,
SYN_P_0809,Manish Dubey,F,1970-01-24,67.0,Lucknow,Uttar Pradesh,India,,synthetic,,1.0,,
SYN_P_0810,Sameer Banerjee,M,1986-08-24,60.0,Haridwar,Uttarakhand,India,,synthetic,,1.0,,
SYN_P_0811,Pranav Yadav,M,2002-08-31,41.0,Delhi,Delhi,India,,synthetic,,1.0,,
SYN_P_0812,Riya Kumar,F,1975-09-07,33.0,Nagpur,Maharashtra,India,,synthetic,,1.0,,
SYN_P_0813,Abhishek Nair,F,2017-01-06,56.0,Mumbai,Maharashtra,India,,synthetic,,1.0,,
SYN_P_0814,Rohan Rana,F,1983-10-30,41.0,Bhopal,Madhya Pradesh,India,,synthetic,,1.0,,
SYN_P_0815,Aditya Kumar,F,2006-10-07,28.0,Nagpur,Maharashtra,India,,synthetic,,1.0,,
SYN_P_0816,Rohan Ghosh,M,1978-08-21,23.0,Mumbai,Maharashtra,India,,synthetic,,1.0,,
SYN_P_0817,Riya Reddy,M,1981-08-23,23.0,Surat,Gujarat,India,,synthetic,,1.0,,
SYN_P_0818,Sameer Rao,M,1988-02-17,52.0,Mumbai,Maharashtra,India,,synthetic,,1.0,,
SYN_P_0819,Shreya Saxena,M,1987-03-11,23.0,Ahmedabad,Gujarat,India,,synthetic,,1.0,,
SYN_P_0820,Manish Kumar,F,2004-11-11,54.0,Indore,Madhya Pradesh,India,,synthetic,,1.0,,
SYN_P_0821,Harsh Sarkar,M,1992-12-17,44.0,Bhopal,Madhya Pradesh,India,,synthetic,,1.0,,
SYN_P_0822,Rahul Nair,M,1989-10-20,21.0,Lucknow,Uttar Pradesh,India,,synthetic,,1.0,,
SYN_P_0823,Shreya Chopra,F,1988-09-22,26.0,Haridwar,Uttarakhand,India,,synthetic,,1.0,,
SYN_P_0824,Swati Dubey,M,2011-12-29,44.0,Mumbai,Maharashtra,India,,synthetic,,1.0,,
SYN_P_0825,Neha Mukherjee,F,2007-04-26,66.0,Bhopal,Madhya Pradesh,India,,synthetic,,1.0,,
SYN_P_0826,Nikhil Arora,F,1975-03-26,54.0,Ranchi,Jharkhand,India,,synthetic,,1.0,,
SYN_P_0827,Komal Bhatia,M,1973-08-25,40.0,Jaipur,Rajasthan,India,,synthetic,,1.0,,
SYN_P_0828,Tanvi Das,M,1976-12-28,54.0,Bengaluru,Karnataka,India,,synthetic,,1.0,,
SYN_P_0829,Arjun Banerjee,M,1978-09-18,67.0,Mumbai,Maharashtra,India,,synthetic,,1.0,,
SYN_P_0830,Shreya Bhatia,F,1990-09-22,33.0,Kanpur,Uttar Pradesh,India,,synthetic,,1.0,,
SYN_P_0831,Ankit Reddy,M,1987-04-30,57.0,Nagpur,Maharashtra,India,,synthetic,,1.0,,
SYN_P_0832,Tanvi Khanna,F,1986-01-19,68.0,Mumbai,Maharashtra,India,,synthetic,,1.0,,
SYN_P_0833,Deepak Tripathi,F,1979-06-20,64.0,Haridwar,Uttarakhand,India,,synthetic,,1.0,,
SYN_P_0834,Sakshi Dutta,F,2011-02-26,27.0,Bhubaneswar,Odisha,India,,synthetic,,1.0,,
SYN_P_0835,Manish Sethi,M,1984-12-19,56.0,Ranchi,Jharkhand,India,,synthetic,,1.0,,
SYN_P_0836,Pranav Ghosh,F,2006-01-10,63.0,Indore,Madhya Pradesh,India,,synthetic,,1.0,,
SYN_P_0837,Divya Dutta,F,1984-03-11,43.0,Bengaluru,Karnataka,India,,synthetic,,1.0,,
SYN_P_0838,Ayush Malhotra,F,1998-04-10,44.0,Kolkata,West Bengal,India,,synthetic,,1.0,,
SYN_P_0839,Isha Sarkar,F,2006-12-29,67.0,Chandigarh,Chandigarh,India,,synthetic,,1.0,,
SYN_P_0840,Rahul Rana,M,1999-01-07,57.0,Mumbai,Maharashtra,India,,synthetic,,1.0,,
SYN_P_0841,Kavya Khanna,M,2018-12-14,45.0,Nagpur,Maharashtra,India,,synthetic,,1.0,,
SYN_P_0842,Divya Ahuja,F,1992-10-17,49.0,Dehradun,Uttarakhand,India,,synthetic,,1.0,,
SYN_P_0843,Tanvi Menon,F,2010-02-23,21.0,Nagpur,Maharashtra,India,,synthetic,,1.0,,
SYN_P_0844,Rahul Ghosh,F,1973-02-09,59.0,Pune,Maharashtra,India,,synthetic,,1.0,,
SYN_P_0845,Aditi Arora,M,1971-06-19,40.0,Meerut,Uttar Pradesh,India,,synthetic,,1.0,,
SYN_P_0846,Vivaan Arora,F,1970-08-04,35.0,Kolkata,West Bengal,India,,synthetic,,1.0,,
SYN_P_0847,Pranav Chopra,F,1989-04-10,22.0,Jaipur,Rajasthan,India,,synthetic,,1.0,,
SYN_P_0848,Varun Bhatia,M,1994-10-04,27.0,Kolkata,West Bengal,India,,synthetic,,1.0,,
SYN_P_0849,Komal Deshmukh,F,1973-05-21,43.0,Chennai,Tamil Nadu,India,,synthetic,,1.0,,
SYN_P_0850,Mohit Mishra,M,1984-01-03,37.0,Kanpur,Uttar Pradesh,India,,synthetic,,1.0,,
SYN_P_0851,Vikram Kapoor,M,2002-12-07,35.0,Patna,Bihar,India,,synthetic,,1.0,,
SYN_P_0852,Rohan Chauhan,F,1992-12-27,26.0,Chennai,Tamil Nadu,India,,synthetic,,1.0,,
SYN_P_0853,Ankit Nair,M,2005-11-13,67.0,Delhi,Delhi,India,,synthetic,,1.0,,
SYN_P_0854,Komal Iyer,F,1976-12-04,51.0,Bhubaneswar,Odisha,India,,synthetic,,1.0,,
SYN_P_0855,Simran Malhotra,F,1985-07-06,65.0,Surat,Gujarat,India,,synthetic,,1.0,,
SYN_P_0856,Isha Khanna,F,1978-07-22,23.0,Ranchi,Jharkhand,India,,synthetic,,1.0,,
SYN_P_0857,Manish Bansal,M,2004-03-25,24.0,Jaipur,Rajasthan,India,,synthetic,,1.0,,
SYN_P_0858,Saurabh Bose,F,2000-01-01,48.0,Surat,Gujarat,India,,synthetic,,1.0,,
SYN_P_0859,Komal Mukherjee,M,2007-05-15,35.0,Haridwar,Uttarakhand,India,,synthetic,,1.0,,
SYN_P_0860,Nikhil Kohli,F,1971-01-10,24.0,Ranchi,Jharkhand,India,,synthetic,,1.0,,
SYN_P_0861,Sameer Singh,M,1997-05-06,41.0,Ghaziabad,Uttar Pradesh,India,,synthetic,,1.0,,
SYN_P_0862,Anurag Arora,M,2018-06-10,41.0,Ahmedabad,Gujarat,India,,synthetic,,1.0,,
SYN_P_0863,Raj Dubey,M,2015-01-27,30.0,Patna,Bihar,India,,synthetic,,1.0,,
SYN_P_0864,Simran Chauhan,F,1974-07-14,49.0,Bengaluru,Karnataka,India,,synthetic,,1.0,,
SYN_P_0865,Pallavi Ahuja,M,2015-04-13,35.0,Lucknow,Uttar Pradesh,India,,synthetic,,1.0,,
SYN_P_0866,Sameer Mishra,F,2008-10-01,46.0,Indore,Madhya Pradesh,India,,synthetic,,1.0,,
SYN_P_0867,Pooja Tiwari,M,1983-04-13,42.0,Haridwar,Uttarakhand,India,,synthetic,,1.0,,
SYN_P_0868,Pranav Patil,F,1977-05-28,57.0,Chandigarh,Chandigarh,India,,synthetic,,1.0,,
SYN_P_0869,Mohit Arora,F,1974-06-04,37.0,Dehradun,Uttarakhand,India,,synthetic,,1.0,,
SYN_P_0870,Sameer Jadhav,F,1977-08-19,53.0,Patna,Bihar,India,,synthetic,,1.0,,
SYN_P_0871,Komal Chauhan,M,2008-12-24,29.0,Lucknow,Uttar Pradesh,India,,synthetic,,1.0,,
SYN_P_0872,Komal Khanna,M,2013-02-22,52.0,Ranchi,Jharkhand,India,,synthetic,,1.0,,
SYN_P_0873,Aditi Menon,M,2005-06-19,56.0,Ahmedabad,Gujarat,India,,synthetic,,1.0,,
SYN_P_0874,Anurag Bansal,M,2017-01-12,36.0,Nagpur,Maharashtra,India,,synthetic,,1.0,,
SYN_P_0875,Mohit Das,F,1976-06-05,48.0,Ghaziabad,Uttar Pradesh,India,,synthetic,,1.0,,
SYN_P_0876,Priya Arora,M,1999-01-06,28.0,Surat,Gujarat,India,,synthetic,,1.0,,
SYN_P_0877,Swati Menon,F,2007-02-08,44.0,Bhopal,Madhya Pradesh,India,,synthetic,,1.0,,
SYN_P_0878,Karan Chauhan,M,2001-04-01,41.0,Bengaluru,Karnataka,India,,synthetic,,1.0,,
SYN_P_0879,Nikhil Yadav,M,2000-11-28,40.0,Kolkata,West Bengal,India,,synthetic,,1.0,,
SYN_P_0880,Sameer Sethi,F,1985-03-09,60.0,Nagpur,Maharashtra,India,,synthetic,,1.0,,
SYN_P_0881,Vivaan Pandey,M,2009-09-03,49.0,Chennai,Tamil Nadu,India,,synthetic,,1.0,,
SYN_P_0882,Raj Khanna,M,1974-01-10,33.0,Hyderabad,Telangana,India,,synthetic,,1.0,,
SYN_P_0883,Rahul Arora,M,2003-07-16,67.0,Ranchi,Jharkhand,India,,synthetic,,1.0,,
SYN_P_0884,Yash Agarwal,M,1977-09-12,68.0,Ahmedabad,Gujarat,India,,synthetic,,1.0,,
SYN_P_0885,Harsh Kapoor,M,1974-11-23,60.0,Chennai,Tamil Nadu,India,,synthetic,,1.0,,
SYN_P_0886,Vikram Singh,F,1983-04-02,21.0,Noida,Uttar Pradesh,India,,synthetic,,1.0,,
SYN_P_0887,Deepak Patil,M,2000-10-18,40.0,Pune,Maharashtra,India,,synthetic,,1.0,,
SYN_P_0888,Divya Malhotra,F,2010-05-18,22.0,Ranchi,Jharkhand,India,,synthetic,,1.0,,
SYN_P_0889,Pallavi Sarkar,M,1999-10-10,68.0,Chennai,Tamil Nadu,India,,synthetic,,1.0,,
SYN_P_0890,Priya Dubey,M,2018-04-08,34.0,Bhopal,Madhya Pradesh,India,,synthetic,,1.0,,
SYN_P_0891,Simran Sharma,F,2019-01-09,56.0,Indore,Madhya Pradesh,India,,synthetic,,1.0,,
SYN_P_0892,Rahul Verma,M,2013-05-02,65.0,Ghaziabad,Uttar Pradesh,India,,synthetic,,1.0,,
SYN_P_0893,Manish Reddy,F,1971-08-26,58.0,Meerut,Uttar Pradesh,India,,synthetic,,1.0,,
SYN_P_0894,Sakshi Das,M,2017-04-06,37.0,Chandigarh,Chandigarh,India,,synthetic,,1.0,,
SYN_P_0895,Neha Shukla,M,1985-04-13,39.0,Patna,Bihar,India,,synthetic,,1.0,,
SYN_P_0896,Pranav Jain,F,1988-01-03,24.0,Patna,Bihar,India,,synthetic,,1.0,,
SYN_P_0897,Arjun Tiwari,M,2011-09-18,25.0,Pune,Maharashtra,India,,synthetic,,1.0,,
SYN_P_0898,Anurag Banerjee,F,2004-11-13,63.0,Kanpur,Uttar Pradesh,India,,synthetic,,1.0,,
SYN_P_0899,Rohan Jain,M,2002-04-26,22.0,Indore,Madhya Pradesh,India,,synthetic,,1.0,,
SYN_P_0900,Nisha Nair,F,1996-03-29,35.0,Bhopal,Madhya Pradesh,India,,synthetic,,1.0,,
SYN_P_0901,Sneha Tiwari,M,2004-02-26,41.0,Noida,Uttar Pradesh,India,,synthetic,,1.0,,
SYN_P_0902,Swati Kapoor,M,2013-06-25,32.0,Kolkata,West Bengal,India,,synthetic,,1.0,,
SYN_P_0903,Aarav Mukherjee,F,1987-11-04,56.0,Indore,Madhya Pradesh,India,,synthetic,,1.0,,
SYN_P_0904,Sneha Pandey,M,1971-12-06,36.0,Patna,Bihar,India,,synthetic,,1.0,,
SYN_P_0905,Saurabh Dutta,F,2017-06-30,42.0,Indore,Madhya Pradesh,India,,synthetic,,1.0,,
SYN_P_0906,Meera Mehta,F,2013-12-15,68.0,Nagpur,Maharashtra,India,,synthetic,,1.0,,
SYN_P_0907,Neha Arora,M,1984-02-01,43.0,Mumbai,Maharashtra,India,,synthetic,,1.0,,
SYN_P_0908,Rohan Menon,F,2001-07-28,61.0,Ahmedabad,Gujarat,India,,synthetic,,1.0,,
SYN_P_0909,Pooja Nair,M,1997-02-14,53.0,Meerut,Uttar Pradesh,India,,synthetic,,1.0,,
SYN_P_0910,Vivaan Khanna,M,1994-10-01,61.0,Delhi,Delhi,India,,synthetic,,1.0,,
SYN_P_0911,Priya Singh,F,1993-02-12,22.0,Meerut,Uttar Pradesh,India,,synthetic,,1.0,,
SYN_P_0912,Nisha Khanna,M,1995-02-20,30.0,Dehradun,Uttarakhand,India,,synthetic,,1.0,,
SYN_P_0913,Rishabh Tripathi,F,2000-08-30,63.0,Chandigarh,Chandigarh,India,,synthetic,,1.0,,
SYN_P_0914,Muskan Verma,M,1982-04-25,67.0,Hyderabad,Telangana,India,,synthetic,,1.0,,
SYN_P_0915,Abhishek Gupta,M,2004-04-16,47.0,Bhubaneswar,Odisha,India,,synthetic,,1.0,,
SYN_P_0916,Nisha Agarwal,M,1991-07-26,48.0,Hyderabad,Telangana,India,,synthetic,,1.0,,
SYN_P_0917,Muskan Wadhwa,F,1998-01-10,49.0,Chennai,Tamil Nadu,India,,synthetic,,1.0,,
SYN_P_0918,Harsh Malhotra,M,2018-08-24,34.0,Kolkata,West Bengal,India,,synthetic,,1.0,,
SYN_P_0919,Aditya Sethi,M,1982-06-07,29.0,Ranchi,Jharkhand,India,,synthetic,,1.0,,
SYN_P_0920,Pooja Bhatia,M,1997-09-21,48.0,Kolkata,West Bengal,India,,synthetic,,1.0,,
SYN_P_0921,Komal Chatterjee,M,1983-01-09,41.0,Chandigarh,Chandigarh,India,,synthetic,,1.0,,
SYN_P_0922,Priya Banerjee,M,1976-02-01,32.0,Surat,Gujarat,India,,synthetic,,1.0,,
SYN_P_0923,Komal Jadhav,M,1998-06-30,67.0,Pune,Maharashtra,India,,synthetic,,1.0,,
SYN_P_0924,Aditya Chauhan,F,1972-08-24,47.0,Nagpur,Maharashtra,India,,synthetic,,1.0,,
SYN_P_0925,Mohit Singh,F,2006-11-23,49.0,Surat,Gujarat,India,,synthetic,,1.0,,
SYN_P_0926,Yash Rana,M,1994-07-25,33.0,Patna,Bihar,India,,synthetic,,1.0,,
SYN_P_0927,Pooja Patil,M,1979-07-31,32.0,Kolkata,West Bengal,India,,synthetic,,1.0,,
SYN_P_0928,Pallavi Ghosh,F,1972-05-08,59.0,Ranchi,Jharkhand,India,,synthetic,,1.0,,
SYN_P_0929,Karan Arora,M,1990-09-19,35.0,Hyderabad,Telangana,India,,synthetic,,1.0,,
SYN_P_0930,Gaurav Sinha,F,1972-05-04,26.0,Lucknow,Uttar Pradesh,India,,synthetic,,1.0,,
SYN_P_0931,Muskan Dubey,M,2012-10-04,53.0,Pune,Maharashtra,India,,synthetic,,1.0,,
SYN_P_0932,Akash Mehta,F,2012-01-21,32.0,Delhi,Delhi,India,,synthetic,,1.0,,
SYN_P_0933,Sakshi Shukla,F,2004-10-05,51.0,Bengaluru,Karnataka,India,,synthetic,,1.0,,
SYN_P_0934,Isha Chopra,M,1982-05-04,33.0,Meerut,Uttar Pradesh,India,,synthetic,,1.0,,
SYN_P_0935,Pooja Chauhan,M,1990-04-20,47.0,Haridwar,Uttarakhand,India,,synthetic,,1.0,,
SYN_P_0936,Meera Chauhan,F,1971-05-07,47.0,Ahmedabad,Gujarat,India,,synthetic,,1.0,,
SYN_P_0937,Gaurav Bansal,M,1989-12-19,34.0,Ghaziabad,Uttar Pradesh,India,,synthetic,,1.0,,
SYN_P_0938,Divya Dubey,M,1975-12-08,49.0,Meerut,Uttar Pradesh,India,,synthetic,,1.0,,
SYN_P_0939,Abhishek Dubey,F,2013-12-15,50.0,Bhubaneswar,Odisha,India,,synthetic,,1.0,,
SYN_P_0940,Abhishek Mukherjee,F,1992-02-21,46.0,Lucknow,Uttar Pradesh,India,,synthetic,,1.0,,
SYN_P_0941,Gaurav Yadav,F,1973-10-02,67.0,Pune,Maharashtra,India,,synthetic,,1.0,,
SYN_P_0942,Nisha Kumar,F,1998-01-27,60.0,Haridwar,Uttarakhand,India,,synthetic,,1.0,,
SYN_P_0943,Nisha Sinha,M,2018-02-06,54.0,Mumbai,Maharashtra,India,,synthetic,,1.0,,
SYN_P_0944,Muskan Chatterjee,F,1979-10-23,50.0,Surat,Gujarat,India,,synthetic,,1.0,,
SYN_P_0945,Nikhil Verma,M,1973-10-21,54.0,Jaipur,Rajasthan,India,,synthetic,,1.0,,
SYN_P_0946,Tanvi Dubey,F,2018-04-03,68.0,Hyderabad,Telangana,India,,synthetic,,1.0,,
SYN_P_0947,Rishabh Arora,F,1973-07-10,54.0,Bengaluru,Karnataka,India,,synthetic,,1.0,,
SYN_P_0948,Aditya Das,M,1974-06-04,39.0,Pune,Maharashtra,India,,synthetic,,1.0,,
SYN_P_0949,Sameer Arora,F,2009-06-08,40.0,Bengaluru,Karnataka,India,,synthetic,,1.0,,
SYN_P_0950,Rishabh Dubey,F,1995-08-26,31.0,Meerut,Uttar Pradesh,India,,synthetic,,1.0,,
SYN_P_0951,Sneha Malhotra,F,2007-11-26,60.0,Surat,Gujarat,India,,synthetic,,1.0,,
SYN_P_0952,Ayush Joshi,M,1974-11-23,50.0,Bhubaneswar,Odisha,India,,synthetic,,1.0,,
SYN_P_0953,Shreya Yadav,M,2010-07-11,67.0,Ranchi,Jharkhand,India,,synthetic,,1.0,,
SYN_P_0954,Kavya Jain,M,2014-12-01,32.0,Surat,Gujarat,India,,synthetic,,1.0,,
SYN_P_0955,Rajat Sarkar,M,2019-01-08,46.0,Mumbai,Maharashtra,India,,synthetic,,1.0,,
SYN_P_0956,Sameer Srivastava,F,2007-02-07,49.0,Ghaziabad,Uttar Pradesh,India,,synthetic,,1.0,,
SYN_P_0957,Mohit Jain,M,1972-03-27,50.0,Haridwar,Uttarakhand,India,,synthetic,,1.0,,
SYN_P_0958,Vikram Gupta,F,1988-02-12,26.0,Noida,Uttar Pradesh,India,,synthetic,,1.0,,
SYN_P_0959,Sameer Chopra,F,1992-06-08,65.0,Ranchi,Jharkhand,India,,synthetic,,1.0,,
SYN_P_0960,Rahul Chatterjee,M,1984-09-17,26.0,Meerut,Uttar Pradesh,India,,synthetic,,1.0,,
SYN_P_0961,Abhishek Sarkar,F,1980-03-29,61.0,Delhi,Delhi,India,,synthetic,,1.0,,
SYN_P_0962,Rohan Reddy,M,2002-07-24,54.0,Mumbai,Maharashtra,India,,synthetic,,1.0,,
SYN_P_0963,Pranav Bansal,M,2004-06-16,45.0,Indore,Madhya Pradesh,India,,synthetic,,1.0,,
SYN_P_0964,Swati Sarkar,M,2004-02-23,31.0,Meerut,Uttar Pradesh,India,,synthetic,,1.0,,
SYN_P_0965,Saurabh Arora,M,2000-01-27,31.0,Patna,Bihar,India,,synthetic,,1.0,,
SYN_P_0966,Aditi Mishra,M,1982-12-22,66.0,Kanpur,Uttar Pradesh,India,,synthetic,,1.0,,
SYN_P_0967,Karan Saxena,F,1974-08-09,40.0,Bhubaneswar,Odisha,India,,synthetic,,1.0,,
SYN_P_0968,Rishabh Reddy,F,1997-10-08,39.0,Chandigarh,Chandigarh,India,,synthetic,,1.0,,
SYN_P_0969,Sneha Arora,M,1986-03-19,29.0,Hyderabad,Telangana,India,,synthetic,,1.0,,
SYN_P_0970,Naveen Reddy,M,1988-03-14,60.0,Kanpur,Uttar Pradesh,India,,synthetic,,1.0,,
SYN_P_0971,Rahul Gupta,M,1992-09-15,50.0,Chennai,Tamil Nadu,India,,synthetic,,1.0,,
SYN_P_0972,Swati Kohli,F,2014-08-24,55.0,Kanpur,Uttar Pradesh,India,,synthetic,,1.0,,
SYN_P_0973,Anurag Gill,F,1970-07-08,36.0,Mumbai,Maharashtra,India,,synthetic,,1.0,,
SYN_P_0974,Yash Ghosh,F,1989-06-16,50.0,Chennai,Tamil Nadu,India,,synthetic,,1.0,,
SYN_P_0975,Naveen Chatterjee,F,2006-10-18,26.0,Ahmedabad,Gujarat,India,,synthetic,,1.0,,
SYN_P_0976,Neha Sethi,M,1970-08-04,56.0,Surat,Gujarat,India,,synthetic,,1.0,,
SYN_P_0977,Vikram Gill,M,1994-12-14,24.0,Chandigarh,Chandigarh,India,,synthetic,,1.0,,
SYN_P_0978,Kavya Banerjee,M,1986-08-01,24.0,Nagpur,Maharashtra,India,,synthetic,,1.0,,
SYN_P_0979,Riya Chopra,M,2001-04-24,30.0,Indore,Madhya Pradesh,India,,synthetic,,1.0,,
SYN_P_0980,Gaurav Nair,F,1972-11-28,42.0,Kanpur,Uttar Pradesh,India,,synthetic,,1.0,,
SYN_P_0981,Neha Kapoor,M,1977-11-13,27.0,Kanpur,Uttar Pradesh,India,,synthetic,,1.0,,
SYN_P_0982,Nikhil Joshi,M,2007-05-29,31.0,Indore,Madhya Pradesh,India,,synthetic,,1.0,,
SYN_P_0983,Abhishek Menon,M,1995-07-07,50.0,Patna,Bihar,India,,synthetic,,1.0,,
SYN_P_0984,Rajat Saxena,M,2002-04-25,26.0,Ahmedabad,Gujarat,India,,synthetic,,1.0,,
SYN_P_0985,Nisha Reddy,F,1996-11-07,44.0,Nagpur,Maharashtra,India,,synthetic,,1.0,,
SYN_P_0986,Akash Malhotra,M,2003-12-31,48.0,Delhi,Delhi,India,,synthetic,,1.0,,
SYN_P_0987,Nisha Rana,F,1975-10-29,51.0,Bhubaneswar,Odisha,India,,synthetic,,1.0,,
SYN_P_0988,Simran Iyer,M,1982-01-26,65.0,Bhopal,Madhya Pradesh,India,,synthetic,,1.0,,
SYN_P_0989,Shreya Bansal,F,1994-08-15,54.0,Jaipur,Rajasthan,India,,synthetic,,1.0,,
SYN_P_0990,Riya Naidu,M,2007-02-14,65.0,Surat,Gujarat,India,,synthetic,,1.0,,
SYN_P_0991,Meera Mukherjee,M,1988-10-03,27.0,Kolkata,West Bengal,India,,synthetic,,1.0,,
SYN_P_0992,Harsh Rao,M,2017-06-15,51.0,Ahmedabad,Gujarat,India,,synthetic,,1.0,,
SYN_P_0993,Rahul Singh,F,1995-10-07,59.0,Nagpur,Maharashtra,India,,synthetic,,1.0,,
SYN_P_0994,Shreya Gill,F,1998-05-24,54.0,Delhi,Delhi,India,,synthetic,,1.0,,
SYN_P_0995,Sneha Tripathi,M,2001-09-30,60.0,Ranchi,Jharkhand,India,,synthetic,,1.0,,
SYN_P_0996,Shreya Srivastava,F,2014-07-14,52.0,Jaipur,Rajasthan,India,,synthetic,,1.0,,
SYN_P_0997,Anurag Mukherjee,M,1986-02-21,66.0,Jaipur,Rajasthan,India,,synthetic,,1.0,,
SYN_P_0998,Nisha Verma,M,1996-01-23,21.0,Dehradun,Uttarakhand,India,,synthetic,,1.0,,
SYN_P_0999,Ananya Banerjee,M,1980-08-09,50.0,Ranchi,Jharkhand,India,,synthetic,,1.0,,
SYN_P_1000,Priya Tiwari,M,1980-07-31,60.0,Ghaziabad,Uttar Pradesh,India,,synthetic,,1.0,,
SYN_P_1001,Rohan Bose,F,2007-03-14,23.0,Kolkata,West Bengal,India,,synthetic,,1.0,,
SYN_P_1002,Yash Sarkar,F,1999-12-12,56.0,Meerut,Uttar Pradesh,India,,synthetic,,1.0,,
SYN_P_1003,Yash Kohli,M,1989-01-18,61.0,Chennai,Tamil Nadu,India,,synthetic,,1.0,,
SYN_P_1004,Abhishek Sinha,F,1988-01-19,37.0,Kanpur,Uttar Pradesh,India,,synthetic,,1.0,,
SYN_P_1005,Naveen Jain,F,1976-02-01,40.0,Pune,Maharashtra,India,,synthetic,,1.0,,
SYN_P_1006,Ankit Kumar,F,2015-06-17,21.0,Mumbai,Maharashtra,India,,synthetic,,1.0,,
SYN_P_1007,Deepak Khanna,F,1980-03-19,42.0,Jaipur,Rajasthan,India,,synthetic,,1.0,,
SYN_P_1008,Simran Pandey,M,2005-07-13,32.0,Surat,Gujarat,India,,synthetic,,1.0,,
SYN_P_1009,Mohit Wadhwa,F,1987-05-29,42.0,Meerut,Uttar Pradesh,India,,synthetic,,1.0,,
SYN_P_1010,Nikhil Deshmukh,F,2012-12-25,23.0,Dehradun,Uttarakhand,India,,synthetic,,1.0,,
SYN_P_1011,Aditi Jadhav,F,1982-03-07,30.0,Patna,Bihar,India,,synthetic,,1.0,,
SYN_P_1012,Ananya Rana,F,2011-04-29,50.0,Bengaluru,Karnataka,India,,synthetic,,1.0,,
SYN_P_1013,Raj Srivastava,M,2007-02-20,54.0,Hyderabad,Telangana,India,,synthetic,,1.0,,
SYN_P_1014,Riya Sethi,F,1996-11-08,56.0,Indore,Madhya Pradesh,India,,synthetic,,1.0,,
SYN_P_1015,Arjun Kumar,M,2018-01-28,34.0,Mumbai,Maharashtra,India,,synthetic,,1.0,,
SYN_P_1016,Deepak Deshmukh,F,1999-10-05,25.0,Bhopal,Madhya Pradesh,India,,synthetic,,1.0,,
SYN_P_1017,Isha Ghosh,F,1983-05-25,22.0,Nagpur,Maharashtra,India,,synthetic,,1.0,,
SYN_P_1018,Tanvi Patil,F,2000-06-05,61.0,Bhopal,Madhya Pradesh,India,,synthetic,,1.0,,
SYN_P_1019,Deepak Iyer,M,2017-12-07,57.0,Nagpur,Maharashtra,India,,synthetic,,1.0,,
SYN_P_1020,Aarav Agarwal,M,2004-12-13,59.0,Kolkata,West Bengal,India,,synthetic,,1.0,,
SYN_P_1021,Rajat Kohli,F,1980-06-25,66.0,Meerut,Uttar Pradesh,India,,synthetic,,1.0,,
SYN_P_1022,Aditya Sinha,M,1998-03-20,38.0,Pune,Maharashtra,India,,synthetic,,1.0,,
SYN_P_1023,Arjun Rao,M,2007-02-17,52.0,Pune,Maharashtra,India,,synthetic,,1.0,,
SYN_P_1024,Deepak Gupta,F,1991-04-28,49.0,Surat,Gujarat,India,,synthetic,,1.0,,
SYN_P_1025,Shubham Nair,M,1997-02-24,54.0,Bhopal,Madhya Pradesh,India,,synthetic,,1.0,,
SYN_P_1026,Sameer Wadhwa,M,1997-02-14,28.0,Kanpur,Uttar Pradesh,India,,synthetic,,1.0,,
SYN_P_1027,Kavya Yadav,M,2003-07-29,33.0,Patna,Bihar,India,,synthetic,,1.0,,
SYN_P_1028,Simran Chatterjee,F,1978-04-23,53.0,Ranchi,Jharkhand,India,,synthetic,,1.0,,
SYN_P_1029,Simran Jain,F,1972-03-28,53.0,Haridwar,Uttarakhand,India,,synthetic,,1.0,,
SYN_P_1030,Vikram Agarwal,M,1983-10-28,42.0,Bhopal,Madhya Pradesh,India,,synthetic,,1.0,,
SYN_P_1031,Swati Bhatia,F,2013-05-17,41.0,Kolkata,West Bengal,India,,synthetic,,1.0,,
SYN_P_1032,Naveen Kapoor,M,1982-11-09,54.0,Ghaziabad,Uttar Pradesh,India,,synthetic,,1.0,,
SYN_P_1033,Vikram Joshi,M,1981-11-27,67.0,Patna,Bihar,India,,synthetic,,1.0,,
SYN_P_1034,Nikhil Sinha,F,1973-04-12,45.0,Lucknow,Uttar Pradesh,India,,synthetic,,1.0,,
SYN_P_1035,Aditi Iyer,M,2016-11-11,21.0,Mumbai,Maharashtra,India,,synthetic,,1.0,,
SYN_P_1036,Sneha Rana,M,1997-11-25,64.0,Meerut,Uttar Pradesh,India,,synthetic,,1.0,,
SYN_P_1037,Rishabh Bhatia,F,1977-10-24,50.0,Chandigarh,Chandigarh,India,,synthetic,,1.0,,
SYN_P_1038,Tanvi Jain,M,1974-02-20,54.0,Haridwar,Uttarakhand,India,,synthetic,,1.0,,
SYN_P_1039,Pranav Kohli,M,1998-01-13,57.0,Meerut,Uttar Pradesh,India,,synthetic,,1.0,,
SYN_P_1040,Vivaan Das,M,1998-01-02,41.0,Kanpur,Uttar Pradesh,India,,synthetic,,1.0,,
