person_id,full_name,first_name,last_name,gender,city,state
SYN_P_0001,Aarav Bansal,Aarav,Bansal,Male,Delhi,Delhi
SYN_P_0002,Riya Tripathi,Riya,Tripathi,Female,Surat,Gujarat
SYN_P_0003,Rajat Sethi,Rajat,Sethi,Male,Chandigarh,Chandigarh
SYN_P_0004,Navya Pawar,Navya,Pawar,Female,Ludhiana,Punjab
SYN_P_0005,Tushar Dutta,Tushar,Dutta,Male,Mysuru,Karnataka
SYN_P_0006,Kritika Trivedi,Kritika,Trivedi,Female,Kanpur,Uttar Pradesh
SYN_P_0007,Atharv Prasad,Atharv,Prasad,Male,Bhopal,Madhya Pradesh
SYN_P_0008,Snehal Bhardwaj,Snehal,Bhardwaj,Female,Meerut,Uttar Pradesh
SYN_P_0009,Rahul Karmakar,Rahul,Karmakar,Male,Ahmedabad,Gujarat
SYN_P_0010,Aditi Singh,Aditi,Singh,Female,Haldwani,Uttarakhand
SYN_P_0011,Ayush Das,Ayush,Das,Male,Amritsar,Punjab
SYN_P_0012,Nandini Saxena,Nandini,Saxena,Female,Bengaluru,Karnataka
SYN_P_0013,Naveen Patil,Naveen,Patil,Male,Lucknow,Uttar Pradesh
SYN_P_0014,Jyoti Sinha,Jyoti,Sinha,Female,Indore,Madhya Pradesh
SYN_P_0015,Parth Shukla,Parth,Shukla,Male,Kota,Rajasthan
SYN_P_0016,Neha Khatri,Neha,Khatri,Female,Thiruvananthapuram,Kerala
SYN_P_0017,Nikhil Suri,Nikhil,Suri,Male,Dehradun,Uttarakhand
SYN_P_0018,Diya D'Souza,Diya,D'Souza,Female,Gurugram,Haryana
SYN_P_0019,Ishaan Mehta,Ishaan,Mehta,Male,Nashik,Maharashtra
SYN_P_0020,Tanvi Mukherjee,Tanvi,Mukherjee,Female,Udaipur,Rajasthan
SYN_P_0021,Deepak Tiwari,Deepak,Tiwari,Male,Bhubaneswar,Odisha
SYN_P_0022,Manvi Shetty,Manvi,Shetty,Female,Thane,Maharashtra
SYN_P_0023,Vihaan Yadav,Vihaan,Yadav,Male,Kochi,Kerala
SYN_P_0024,Pooja Choudhary,Pooja,Choudhary,Female,Agra,Uttar Pradesh
SYN_P_0025,Mohit Oberoi,Mohit,Oberoi,Male,Guwahati,Assam
SYN_P_0026,Anjali Lal,Anjali,Lal,Female,Nagpur,Maharashtra
SYN_P_0027,Vivek Varghese,Vivek,Varghese,Male,Jodhpur,Rajasthan
SYN_P_0028,Sanya Shah,Sanya,Shah,Female,Kolkata,West Bengal
SYN_P_0029,Shivam Agarwal,Shivam,Agarwal,Male,Navi Mumbai,Maharashtra
SYN_P_0030,Trisha Tripathi,Trisha,Tripathi,Female,Coimbatore,Tamil Nadu
SYN_P_0031,Vikram Hegde,Vikram,Hegde,Male,Varanasi,Uttar Pradesh
SYN_P_0032,Simran Chauhan,Simran,Chauhan,Female,Visakhapatnam,Andhra Pradesh
SYN_P_0033,Harsh Bisht,Harsh,Bisht,Male,Pune,Maharashtra
SYN_P_0034,Payal Ahuja,Payal,Ahuja,Female,Jaipur,Rajasthan
SYN_P_0035,Piyush Ranjan,Piyush,Ranjan,Male,Ranchi,Jharkhand
SYN_P_0036,Preeti Mathew,Preeti,Mathew,Female,Jammu,Jammu and Kashmir
SYN_P_0037,Nitin Rao,Nitin,Rao,Male,Chennai,Tamil Nadu
SYN_P_0038,Kavya Naik,Kavya,Naik,Female,Ghaziabad,Uttar Pradesh
SYN_P_0039,Siddharth Kumar,Siddharth,Kumar,Male,Vijayawada,Andhra Pradesh
SYN_P_0040,Avni Krishnan,Avni,Krishnan,Female,Mumbai,Maharashtra
SYN_P_0041,Kunal Solanki,Kunal,Solanki,Male,Vadodara,Gujarat
SYN_P_0042,Palak Bhat,Palak,Bhat,Female,Patna,Bihar
SYN_P_0043,Sanjay Wadhwa,Sanjay,Wadhwa,Male,Srinagar,Jammu and Kashmir
SYN_P_0044,Vanshika Bhattacharya,Vanshika,Bhattacharya,Female,Hyderabad,Telangana
SYN_P_0045,Aditya Abraham,Aditya,Abraham,Male,Noida,Uttar Pradesh
SYN_P_0046,Sneha Iyer,Sneha,Iyer,Female,Raipur,Chhattisgarh
SYN_P_0047,Abhishek Khanna,Abhishek,Khanna,Male,Delhi,Delhi
SYN_P_0048,Radhika Deshmukh,Radhika,Deshmukh,Female,Surat,Gujarat
SYN_P_0049,Gaurav Ghosh,Gaurav,Ghosh,Male,Chandigarh,Chandigarh
SYN_P_0050,Srishti Desai,Srishti,Desai,Female,Ludhiana,Punjab
SYN_P_0051,Tarun Mandal,Tarun,Mandal,Male,Mysuru,Karnataka
SYN_P_0052,Aanya Chopra,Aanya,Chopra,Female,Kanpur,Uttar Pradesh
SYN_P_0053,Karan Saha,Karan,Saha,Male,Bhopal,Madhya Pradesh
SYN_P_0054,Sakshi Verma,Sakshi,Verma,Female,Meerut,Uttar Pradesh
SYN_P_0055,Dev Bose,Dev,Bose,Male,Ahmedabad,Gujarat
SYN_P_0056,Sonali Arora,Sonali,Arora,Female,Haldwani,Uttarakhand
SYN_P_0057,Sameer Jadhav,Sameer,Jadhav,Male,Amritsar,Punjab
SYN_P_0058,Monika Sarkar,Monika,Sarkar,Female,Bengaluru,Karnataka
SYN_P_0059,Ujjwal Dubey,Ujjwal,Dubey,Male,Lucknow,Uttar Pradesh
SYN_P_0060,Isha Rana,Isha,Rana,Female,Indore,Madhya Pradesh
SYN_P_0061,Varun Kohli,Varun,Kohli,Male,Kota,Rajasthan
SYN_P_0062,Ishita Fernandes,Ishita,Fernandes,Female,Thiruvananthapuram,Kerala
SYN_P_0063,Saurabh Gupta,Saurabh,Gupta,Male,Dehradun,Uttarakhand
SYN_P_0064,Apoorva Chatterjee,Apoorva,Chatterjee,Female,Gurugram,Haryana
SYN_P_0065,Rajiv Srivastava,Rajiv,Srivastava,Male,Nashik,Maharashtra
SYN_P_0066,Harini Naik,Harini,Naik,Female,Udaipur,Rajasthan
SYN_P_0067,Arjun Kumar,Arjun,Kumar,Male,Bhubaneswar,Odisha
SYN_P_0068,Nisha Agrawal,Nisha,Agrawal,Female,Thane,Maharashtra
SYN_P_0069,Akash Bedi,Akash,Bedi,Male,Kochi,Kerala
SYN_P_0070,Swati Mistry,Swati,Mistry,Female,Agra,Uttar Pradesh
SYN_P_0071,Shubham Thomas,Shubham,Thomas,Male,Guwahati,Assam
SYN_P_0072,Ritika Patel,Ritika,Patel,Female,Nagpur,Maharashtra
SYN_P_0073,Lokesh Jain,Lokesh,Jain,Male,Jodhpur,Rajasthan
SYN_P_0074,Ananya Mishra,Ananya,Mishra,Female,Kolkata,West Bengal
SYN_P_0075,Ankit Gowda,Ankit,Gowda,Male,Navi Mumbai,Maharashtra
SYN_P_0076,Muskan Thakur,Muskan,Thakur,Female,Coimbatore,Tamil Nadu
SYN_P_0077,Dhruv Rawat,Dhruv,Rawat,Male,Varanasi,Uttar Pradesh
SYN_P_0078,Divya Puri,Divya,Puri,Female,Visakhapatnam,Andhra Pradesh
SYN_P_0079,Rohit Mishra,Rohit,Mishra,Male,Pune,Maharashtra
SYN_P_0080,Garima George,Garima,George,Female,Jaipur,Rajasthan
SYN_P_0081,Varun Reddy,Varun,Reddy,Male,Ranchi,Jharkhand
SYN_P_0082,Meera Bansal,Meera,Bansal,Female,Jammu,Jammu and Kashmir
SYN_P_0083,Manish Pandey,Manish,Pandey,Male,Chennai,Tamil Nadu
SYN_P_0084,Mahi Pillai,Mahi,Pillai,Female,Ghaziabad,Uttar Pradesh
SYN_P_0085,Pranav Rathore,Pranav,Rathore,Male,Vijayawada,Andhra Pradesh
SYN_P_0086,Bhavna Negi,Bhavna,Negi,Female,Mumbai,Maharashtra
SYN_P_0087,Arnav Bhatia,Arnav,Bhatia,Male,Vadodara,Gujarat
SYN_P_0088,Lakshmi Sengupta,Lakshmi,Sengupta,Female,Patna,Bihar
SYN_P_0089,Rohan Joseph,Rohan,Joseph,Male,Srinagar,Jammu and Kashmir
SYN_P_0090,Shreya Nair,Shreya,Nair,Female,Hyderabad,Telangana
SYN_P_0091,Yash Kapoor,Yash,Kapoor,Male,Noida,Uttar Pradesh
SYN_P_0092,Komal Kulkarni,Komal,Kulkarni,Female,Raipur,Chhattisgarh
SYN_P_0093,Rishabh Banerjee,Rishabh,Banerjee,Male,Delhi,Delhi
SYN_P_0094,Pallavi Vora,Pallavi,Vora,Female,Surat,Gujarat
SYN_P_0095,Mayank Dixit,Mayank,Dixit,Male,Chandigarh,Chandigarh
SYN_P_0096,Priya Madan,Priya,Madan,Female,Ludhiana,Punjab
SYN_P_0097,Amit Roy,Amit,Roy,Male,Mysuru,Karnataka
SYN_P_0098,Tanya Verma,Tanya,Verma,Female,Kanpur,Uttar Pradesh
SYN_P_0099,Kabir Bose,Kabir,Bose,Male,Bhopal,Madhya Pradesh
SYN_P_0100,Shruti Arora,Shruti,Arora,Female,Meerut,Uttar Pradesh
SYN_P_0101,Sachin Jadhav,Sachin,Jadhav,Male,Ahmedabad,Gujarat
SYN_P_0102,Kirti Sarkar,Kirti,Sarkar,Female,Haldwani,Uttarakhand
SYN_P_0103,Aarav Dubey,Aarav,Dubey,Male,Amritsar,Punjab
SYN_P_0104,Riya Rana,Riya,Rana,Female,Bengaluru,Karnataka
SYN_P_0105,Rajat Kohli,Rajat,Kohli,Male,Lucknow,Uttar Pradesh
SYN_P_0106,Navya Fernandes,Navya,Fernandes,Female,Indore,Madhya Pradesh
SYN_P_0107,Tushar Gupta,Tushar,Gupta,Male,Kota,Rajasthan
SYN_P_0108,Kritika Chatterjee,Kritika,Chatterjee,Female,Thiruvananthapuram,Kerala
SYN_P_0109,Atharv Srivastava,Atharv,Srivastava,Male,Dehradun,Uttarakhand
SYN_P_0110,Snehal Naik,Snehal,Naik,Female,Gurugram,Haryana
SYN_P_0111,Rahul Kumar,Rahul,Kumar,Male,Nashik,Maharashtra
SYN_P_0112,Aditi Agrawal,Aditi,Agrawal,Female,Udaipur,Rajasthan
SYN_P_0113,Ayush Bedi,Ayush,Bedi,Male,Bhubaneswar,Odisha
SYN_P_0114,Nandini Mistry,Nandini,Mistry,Female,Thane,Maharashtra
SYN_P_0115,Naveen Thomas,Naveen,Thomas,Male,Kochi,Kerala
SYN_P_0116,Jyoti Patel,Jyoti,Patel,Female,Agra,Uttar Pradesh
SYN_P_0117,Parth Jain,Parth,Jain,Male,Guwahati,Assam
SYN_P_0118,Neha Mishra,Neha,Mishra,Female,Nagpur,Maharashtra
SYN_P_0119,Nikhil Gowda,Nikhil,Gowda,Male,Jodhpur,Rajasthan
SYN_P_0120,Diya Thakur,Diya,Thakur,Female,Kolkata,West Bengal
SYN_P_0121,Ishaan Rawat,Ishaan,Rawat,Male,Navi Mumbai,Maharashtra
SYN_P_0122,Tanvi Puri,Tanvi,Puri,Female,Coimbatore,Tamil Nadu
SYN_P_0123,Deepak Mishra,Deepak,Mishra,Male,Varanasi,Uttar Pradesh
SYN_P_0124,Manvi George,Manvi,George,Female,Visakhapatnam,Andhra Pradesh
SYN_P_0125,Vihaan Arora,Vihaan,Arora,Male,Pune,Maharashtra
SYN_P_0126,Pooja Bansal,Pooja,Bansal,Female,Jaipur,Rajasthan
SYN_P_0127,Mohit Pandey,Mohit,Pandey,Male,Ranchi,Jharkhand
SYN_P_0128,Anjali Pillai,Anjali,Pillai,Female,Jammu,Jammu and Kashmir
SYN_P_0129,Vivek Rathore,Vivek,Rathore,Male,Chennai,Tamil Nadu
SYN_P_0130,Sanya Negi,Sanya,Negi,Female,Ghaziabad,Uttar Pradesh
SYN_P_0131,Shivam Bhatia,Shivam,Bhatia,Male,Vijayawada,Andhra Pradesh
SYN_P_0132,Trisha Sengupta,Trisha,Sengupta,Female,Mumbai,Maharashtra
SYN_P_0133,Vikram Joseph,Vikram,Joseph,Male,Vadodara,Gujarat
SYN_P_0134,Simran Nair,Simran,Nair,Female,Patna,Bihar
SYN_P_0135,Harsh Kapoor,Harsh,Kapoor,Male,Srinagar,Jammu and Kashmir
SYN_P_0136,Payal Kulkarni,Payal,Kulkarni,Female,Hyderabad,Telangana
SYN_P_0137,Piyush Banerjee,Piyush,Banerjee,Male,Noida,Uttar Pradesh
SYN_P_0138,Preeti Vora,Preeti,Vora,Female,Raipur,Chhattisgarh
SYN_P_0139,Nitin Dixit,Nitin,Dixit,Male,Delhi,Delhi
SYN_P_0140,Kavya Madan,Kavya,Madan,Female,Surat,Gujarat
SYN_P_0141,Siddharth Roy,Siddharth,Roy,Male,Chandigarh,Chandigarh
SYN_P_0142,Avni Sharma,Avni,Sharma,Female,Ludhiana,Punjab
SYN_P_0143,Kunal Menon,Kunal,Menon,Male,Mysuru,Karnataka
SYN_P_0144,Palak Sethi,Palak,Sethi,Female,Kanpur,Uttar Pradesh
SYN_P_0145,Sanjay Pawar,Sanjay,Pawar,Male,Bhopal,Madhya Pradesh
SYN_P_0146,Vanshika Dutta,Vanshika,Dutta,Female,Meerut,Uttar Pradesh
SYN_P_0147,Aditya Trivedi,Aditya,Trivedi,Male,Ahmedabad,Gujarat
SYN_P_0148,Sneha Prasad,Sneha,Prasad,Female,Haldwani,Uttarakhand
SYN_P_0149,Abhishek Bhardwaj,Abhishek,Bhardwaj,Male,Amritsar,Punjab
SYN_P_0150,Radhika Karmakar,Radhika,Karmakar,Female,Bengaluru,Karnataka
SYN_P_0151,Gaurav Singh,Gaurav,Singh,Male,Lucknow,Uttar Pradesh
SYN_P_0152,Srishti Das,Srishti,Das,Female,Indore,Madhya Pradesh
SYN_P_0153,Tarun Saxena,Tarun,Saxena,Male,Kota,Rajasthan
SYN_P_0154,Aanya Patil,Aanya,Patil,Female,Thiruvananthapuram,Kerala
SYN_P_0155,Karan Sinha,Karan,Sinha,Male,Dehradun,Uttarakhand
SYN_P_0156,Sakshi Shukla,Sakshi,Shukla,Female,Gurugram,Haryana
SYN_P_0157,Dev Khatri,Dev,Khatri,Male,Nashik,Maharashtra
SYN_P_0158,Sonali Suri,Sonali,Suri,Female,Udaipur,Rajasthan
SYN_P_0159,Sameer D'Souza,Sameer,D'Souza,Male,Bhubaneswar,Odisha
SYN_P_0160,Monika Mehta,Monika,Mehta,Female,Thane,Maharashtra
SYN_P_0161,Ujjwal Mukherjee,Ujjwal,Mukherjee,Male,Kochi,Kerala
SYN_P_0162,Isha Tiwari,Isha,Tiwari,Female,Agra,Uttar Pradesh
SYN_P_0163,Varun Shetty,Varun,Shetty,Male,Guwahati,Assam
SYN_P_0164,Ishita Yadav,Ishita,Yadav,Female,Nagpur,Maharashtra
SYN_P_0165,Saurabh Choudhary,Saurabh,Choudhary,Male,Jodhpur,Rajasthan
SYN_P_0166,Apoorva Oberoi,Apoorva,Oberoi,Female,Kolkata,West Bengal
SYN_P_0167,Rajiv Lal,Rajiv,Lal,Male,Navi Mumbai,Maharashtra
SYN_P_0168,Harini Varghese,Harini,Varghese,Female,Coimbatore,Tamil Nadu
SYN_P_0169,Arjun Shah,Arjun,Shah,Male,Varanasi,Uttar Pradesh
SYN_P_0170,Nisha Agarwal,Nisha,Agarwal,Female,Visakhapatnam,Andhra Pradesh
SYN_P_0171,Akash Tripathi,Akash,Tripathi,Male,Pune,Maharashtra
SYN_P_0172,Swati Hegde,Swati,Hegde,Female,Jaipur,Rajasthan
SYN_P_0173,Shubham Chauhan,Shubham,Chauhan,Male,Ranchi,Jharkhand
SYN_P_0174,Ritika Bisht,Ritika,Bisht,Female,Jammu,Jammu and Kashmir
SYN_P_0175,Lokesh Ahuja,Lokesh,Ahuja,Male,Chennai,Tamil Nadu
SYN_P_0176,Ananya Ranjan,Ananya,Ranjan,Female,Ghaziabad,Uttar Pradesh
SYN_P_0177,Ankit Mathew,Ankit,Mathew,Male,Vijayawada,Andhra Pradesh
SYN_P_0178,Muskan Rao,Muskan,Rao,Female,Mumbai,Maharashtra
SYN_P_0179,Dhruv Malhotra,Dhruv,Malhotra,Male,Vadodara,Gujarat
SYN_P_0180,Divya Joshi,Divya,Joshi,Female,Patna,Bihar
SYN_P_0181,Rohit Krishnan,Rohit,Krishnan,Male,Srinagar,Jammu and Kashmir
SYN_P_0182,Garima Solanki,Garima,Solanki,Female,Hyderabad,Telangana
SYN_P_0183,Varun Bhat,Varun,Bhat,Male,Noida,Uttar Pradesh
SYN_P_0184,Meera Wadhwa,Meera,Wadhwa,Female,Raipur,Chhattisgarh
SYN_P_0185,Manish Bhattacharya,Manish,Bhattacharya,Male,Delhi,Delhi
SYN_P_0186,Mahi Abraham,Mahi,Abraham,Female,Surat,Gujarat
SYN_P_0187,Pranav Iyer,Pranav,Iyer,Male,Chandigarh,Chandigarh
SYN_P_0188,Bhavna Khanna,Bhavna,Khanna,Female,Ludhiana,Punjab
SYN_P_0189,Arnav Deshmukh,Arnav,Deshmukh,Male,Mysuru,Karnataka
SYN_P_0190,Lakshmi Ghosh,Lakshmi,Ghosh,Female,Kanpur,Uttar Pradesh
SYN_P_0191,Rohan Desai,Rohan,Desai,Male,Bhopal,Madhya Pradesh
SYN_P_0192,Shreya Mandal,Shreya,Mandal,Female,Meerut,Uttar Pradesh
SYN_P_0193,Yash Chopra,Yash,Chopra,Male,Ahmedabad,Gujarat
SYN_P_0194,Komal Saha,Komal,Saha,Female,Haldwani,Uttarakhand
SYN_P_0195,Rishabh Singh,Rishabh,Singh,Male,Amritsar,Punjab
SYN_P_0196,Pallavi Das,Pallavi,Das,Female,Bengaluru,Karnataka
SYN_P_0197,Mayank Saxena,Mayank,Saxena,Male,Lucknow,Uttar Pradesh
SYN_P_0198,Priya Patil,Priya,Patil,Female,Indore,Madhya Pradesh
SYN_P_0199,Amit Sinha,Amit,Sinha,Male,Kota,Rajasthan
SYN_P_0200,Tanya Shukla,Tanya,Shukla,Female,Thiruvananthapuram,Kerala
SYN_P_0201,Kabir Khatri,Kabir,Khatri,Male,Dehradun,Uttarakhand
SYN_P_0202,Shruti Suri,Shruti,Suri,Female,Gurugram,Haryana
SYN_P_0203,Sachin D'Souza,Sachin,D'Souza,Male,Nashik,Maharashtra
SYN_P_0204,Kirti Mehta,Kirti,Mehta,Female,Udaipur,Rajasthan
SYN_P_0205,Aarav Mukherjee,Aarav,Mukherjee,Male,Bhubaneswar,Odisha
SYN_P_0206,Riya Tiwari,Riya,Tiwari,Female,Thane,Maharashtra
SYN_P_0207,Rajat Shetty,Rajat,Shetty,Male,Kochi,Kerala
SYN_P_0208,Navya Yadav,Navya,Yadav,Female,Agra,Uttar Pradesh
SYN_P_0209,Tushar Choudhary,Tushar,Choudhary,Male,Guwahati,Assam
SYN_P_0210,Kritika Oberoi,Kritika,Oberoi,Female,Nagpur,Maharashtra
SYN_P_0211,Atharv Lal,Atharv,Lal,Male,Jodhpur,Rajasthan
SYN_P_0212,Snehal Varghese,Snehal,Varghese,Female,Kolkata,West Bengal
SYN_P_0213,Rahul Shah,Rahul,Shah,Male,Navi Mumbai,Maharashtra
SYN_P_0214,Aditi Agarwal,Aditi,Agarwal,Female,Coimbatore,Tamil Nadu
SYN_P_0215,Ayush Tripathi,Ayush,Tripathi,Male,Varanasi,Uttar Pradesh
SYN_P_0216,Nandini Hegde,Nandini,Hegde,Female,Visakhapatnam,Andhra Pradesh
SYN_P_0217,Naveen Chauhan,Naveen,Chauhan,Male,Pune,Maharashtra
SYN_P_0218,Jyoti Bisht,Jyoti,Bisht,Female,Jaipur,Rajasthan
SYN_P_0219,Parth Ahuja,Parth,Ahuja,Male,Ranchi,Jharkhand
SYN_P_0220,Neha Ranjan,Neha,Ranjan,Female,Jammu,Jammu and Kashmir
SYN_P_0221,Nikhil Mathew,Nikhil,Mathew,Male,Chennai,Tamil Nadu
SYN_P_0222,Diya Rao,Diya,Rao,Female,Ghaziabad,Uttar Pradesh
SYN_P_0223,Ishaan Malhotra,Ishaan,Malhotra,Male,Vijayawada,Andhra Pradesh
SYN_P_0224,Tanvi Joshi,Tanvi,Joshi,Female,Mumbai,Maharashtra
SYN_P_0225,Deepak Krishnan,Deepak,Krishnan,Male,Vadodara,Gujarat
SYN_P_0226,Manvi Solanki,Manvi,Solanki,Female,Patna,Bihar
SYN_P_0227,Vihaan Bhat,Vihaan,Bhat,Male,Srinagar,Jammu and Kashmir
SYN_P_0228,Pooja Wadhwa,Pooja,Wadhwa,Female,Hyderabad,Telangana
SYN_P_0229,Mohit Bhattacharya,Mohit,Bhattacharya,Male,Noida,Uttar Pradesh
SYN_P_0230,Anjali Abraham,Anjali,Abraham,Female,Raipur,Chhattisgarh
SYN_P_0231,Vivek Iyer,Vivek,Iyer,Male,Delhi,Delhi
SYN_P_0232,Sanya Khanna,Sanya,Khanna,Female,Surat,Gujarat
SYN_P_0233,Shivam Deshmukh,Shivam,Deshmukh,Male,Chandigarh,Chandigarh
SYN_P_0234,Trisha Ghosh,Trisha,Ghosh,Female,Ludhiana,Punjab
SYN_P_0235,Vikram Desai,Vikram,Desai,Male,Mysuru,Karnataka
SYN_P_0236,Simran Mandal,Simran,Mandal,Female,Kanpur,Uttar Pradesh
SYN_P_0237,Harsh Chopra,Harsh,Chopra,Male,Bhopal,Madhya Pradesh
SYN_P_0238,Payal Saha,Payal,Saha,Female,Meerut,Uttar Pradesh
SYN_P_0239,Piyush Verma,Piyush,Verma,Male,Ahmedabad,Gujarat
SYN_P_0240,Preeti Bose,Preeti,Bose,Female,Haldwani,Uttarakhand
SYN_P_0241,Nitin Arora,Nitin,Arora,Male,Amritsar,Punjab
SYN_P_0242,Kavya Jadhav,Kavya,Jadhav,Female,Bengaluru,Karnataka
SYN_P_0243,Siddharth Sarkar,Siddharth,Sarkar,Male,Lucknow,Uttar Pradesh
SYN_P_0244,Avni Dubey,Avni,Dubey,Female,Indore,Madhya Pradesh
SYN_P_0245,Kunal Rana,Kunal,Rana,Male,Kota,Rajasthan
SYN_P_0246,Palak Kohli,Palak,Kohli,Female,Thiruvananthapuram,Kerala
SYN_P_0247,Sanjay Fernandes,Sanjay,Fernandes,Male,Dehradun,Uttarakhand
SYN_P_0248,Vanshika Gupta,Vanshika,Gupta,Female,Gurugram,Haryana
SYN_P_0249,Aditya Chatterjee,Aditya,Chatterjee,Male,Nashik,Maharashtra
SYN_P_0250,Sneha Srivastava,Sneha,Srivastava,Female,Udaipur,Rajasthan
SYN_P_0251,Abhishek Naik,Abhishek,Naik,Male,Bhubaneswar,Odisha
SYN_P_0252,Radhika Kumar,Radhika,Kumar,Female,Thane,Maharashtra
SYN_P_0253,Gaurav Agrawal,Gaurav,Agrawal,Male,Kochi,Kerala
SYN_P_0254,Srishti Bedi,Srishti,Bedi,Female,Agra,Uttar Pradesh
SYN_P_0255,Tarun Mistry,Tarun,Mistry,Male,Guwahati,Assam
SYN_P_0256,Aanya Thomas,Aanya,Thomas,Female,Nagpur,Maharashtra
SYN_P_0257,Karan Kapoor,Karan,Kapoor,Male,Jodhpur,Rajasthan
SYN_P_0258,Sakshi Jain,Sakshi,Jain,Female,Kolkata,West Bengal
SYN_P_0259,Dev Mishra,Dev,Mishra,Male,Navi Mumbai,Maharashtra
SYN_P_0260,Sonali Gowda,Sonali,Gowda,Female,Coimbatore,Tamil Nadu
SYN_P_0261,Sameer Thakur,Sameer,Thakur,Male,Varanasi,Uttar Pradesh
SYN_P_0262,Monika Rawat,Monika,Rawat,Female,Visakhapatnam,Andhra Pradesh
SYN_P_0263,Ujjwal Puri,Ujjwal,Puri,Male,Pune,Maharashtra
SYN_P_0264,Isha Mishra,Isha,Mishra,Female,Jaipur,Rajasthan
SYN_P_0265,Varun George,Varun,George,Male,Ranchi,Jharkhand
SYN_P_0266,Ishita Reddy,Ishita,Reddy,Female,Jammu,Jammu and Kashmir
SYN_P_0267,Saurabh Bansal,Saurabh,Bansal,Male,Chennai,Tamil Nadu
SYN_P_0268,Apoorva Pandey,Apoorva,Pandey,Female,Ghaziabad,Uttar Pradesh
SYN_P_0269,Rajiv Pillai,Rajiv,Pillai,Male,Vijayawada,Andhra Pradesh
SYN_P_0270,Harini Rathore,Harini,Rathore,Female,Mumbai,Maharashtra
SYN_P_0271,Arjun Negi,Arjun,Negi,Male,Vadodara,Gujarat
SYN_P_0272,Nisha Bhatia,Nisha,Bhatia,Female,Patna,Bihar
SYN_P_0273,Akash Sengupta,Akash,Sengupta,Male,Srinagar,Jammu and Kashmir
SYN_P_0274,Swati Joseph,Swati,Joseph,Female,Hyderabad,Telangana
SYN_P_0275,Shubham Nair,Shubham,Nair,Male,Noida,Uttar Pradesh
SYN_P_0276,Ritika Kapoor,Ritika,Kapoor,Female,Raipur,Chhattisgarh
SYN_P_0277,Lokesh Kulkarni,Lokesh,Kulkarni,Male,Delhi,Delhi
SYN_P_0278,Ananya Banerjee,Ananya,Banerjee,Female,Surat,Gujarat
SYN_P_0279,Ankit Vora,Ankit,Vora,Male,Chandigarh,Chandigarh
SYN_P_0280,Muskan Dixit,Muskan,Dixit,Female,Ludhiana,Punjab
SYN_P_0281,Dhruv Madan,Dhruv,Madan,Male,Mysuru,Karnataka
SYN_P_0282,Divya Roy,Divya,Roy,Female,Kanpur,Uttar Pradesh
SYN_P_0283,Rohit Sharma,Rohit,Sharma,Male,Bhopal,Madhya Pradesh
SYN_P_0284,Garima Menon,Garima,Menon,Female,Meerut,Uttar Pradesh
SYN_P_0285,Varun Sethi,Varun,Sethi,Male,Ahmedabad,Gujarat
SYN_P_0286,Meera Pawar,Meera,Pawar,Female,Haldwani,Uttarakhand
SYN_P_0287,Manish Dutta,Manish,Dutta,Male,Amritsar,Punjab
SYN_P_0288,Mahi Trivedi,Mahi,Trivedi,Female,Bengaluru,Karnataka
SYN_P_0289,Pranav Prasad,Pranav,Prasad,Male,Lucknow,Uttar Pradesh
SYN_P_0290,Bhavna Bhardwaj,Bhavna,Bhardwaj,Female,Indore,Madhya Pradesh
SYN_P_0291,Arnav Karmakar,Arnav,Karmakar,Male,Kota,Rajasthan
SYN_P_0292,Lakshmi Gupta,Lakshmi,Gupta,Female,Thiruvananthapuram,Kerala
SYN_P_0293,Rohan Chatterjee,Rohan,Chatterjee,Male,Dehradun,Uttarakhand
SYN_P_0294,Shreya Srivastava,Shreya,Srivastava,Female,Gurugram,Haryana
SYN_P_0295,Yash Naik,Yash,Naik,Male,Nashik,Maharashtra
SYN_P_0296,Komal Kumar,Komal,Kumar,Female,Udaipur,Rajasthan
SYN_P_0297,Rishabh Agrawal,Rishabh,Agrawal,Male,Bhubaneswar,Odisha
SYN_P_0298,Pallavi Bedi,Pallavi,Bedi,Female,Thane,Maharashtra
SYN_P_0299,Mayank Mistry,Mayank,Mistry,Male,Kochi,Kerala
SYN_P_0300,Priya Thomas,Priya,Thomas,Female,Agra,Uttar Pradesh
SYN_P_0301,Amit Patel,Amit,Patel,Male,Guwahati,Assam
SYN_P_0302,Tanya Jain,Tanya,Jain,Female,Nagpur,Maharashtra
SYN_P_0303,Kabir Mishra,Kabir,Mishra,Male,Jodhpur,Rajasthan
SYN_P_0304,Shruti Gowda,Shruti,Gowda,Female,Kolkata,West Bengal
SYN_P_0305,Sachin Thakur,Sachin,Thakur,Male,Navi Mumbai,Maharashtra
SYN_P_0306,Kirti Rawat,Kirti,Rawat,Female,Coimbatore,Tamil Nadu
SYN_P_0307,Aarav Puri,Aarav,Puri,Male,Varanasi,Uttar Pradesh
SYN_P_0308,Riya Mishra,Riya,Mishra,Female,Visakhapatnam,Andhra Pradesh
SYN_P_0309,Rajat George,Rajat,George,Male,Pune,Maharashtra
SYN_P_0310,Navya Reddy,Navya,Reddy,Female,Jaipur,Rajasthan
SYN_P_0311,Tushar Bansal,Tushar,Bansal,Male,Ranchi,Jharkhand
SYN_P_0312,Kritika Pandey,Kritika,Pandey,Female,Jammu,Jammu and Kashmir
SYN_P_0313,Atharv Pillai,Atharv,Pillai,Male,Chennai,Tamil Nadu
SYN_P_0314,Snehal Rathore,Snehal,Rathore,Female,Ghaziabad,Uttar Pradesh
SYN_P_0315,Rahul Negi,Rahul,Negi,Male,Vijayawada,Andhra Pradesh
SYN_P_0316,Aditi Bhatia,Aditi,Bhatia,Female,Mumbai,Maharashtra
SYN_P_0317,Ayush Sengupta,Ayush,Sengupta,Male,Vadodara,Gujarat
SYN_P_0318,Nandini Joseph,Nandini,Joseph,Female,Patna,Bihar
SYN_P_0319,Naveen Nair,Naveen,Nair,Male,Srinagar,Jammu and Kashmir
SYN_P_0320,Jyoti Kapoor,Jyoti,Kapoor,Female,Hyderabad,Telangana
SYN_P_0321,Parth Kulkarni,Parth,Kulkarni,Male,Noida,Uttar Pradesh
SYN_P_0322,Neha Banerjee,Neha,Banerjee,Female,Raipur,Chhattisgarh
SYN_P_0323,Nikhil Vora,Nikhil,Vora,Male,Delhi,Delhi
SYN_P_0324,Diya Dixit,Diya,Dixit,Female,Surat,Gujarat
SYN_P_0325,Ishaan Madan,Ishaan,Madan,Male,Chandigarh,Chandigarh
SYN_P_0326,Tanvi Roy,Tanvi,Roy,Female,Ludhiana,Punjab
SYN_P_0327,Deepak Sharma,Deepak,Sharma,Male,Mysuru,Karnataka
SYN_P_0328,Manvi Menon,Manvi,Menon,Female,Kanpur,Uttar Pradesh
SYN_P_0329,Vihaan Sethi,Vihaan,Sethi,Male,Bhopal,Madhya Pradesh
SYN_P_0330,Pooja Pawar,Pooja,Pawar,Female,Meerut,Uttar Pradesh
SYN_P_0331,Mohit Dutta,Mohit,Dutta,Male,Ahmedabad,Gujarat
SYN_P_0332,Anjali Trivedi,Anjali,Trivedi,Female,Haldwani,Uttarakhand
SYN_P_0333,Vivek Prasad,Vivek,Prasad,Male,Amritsar,Punjab
SYN_P_0334,Sanya Bhardwaj,Sanya,Bhardwaj,Female,Bengaluru,Karnataka
SYN_P_0335,Shivam Karmakar,Shivam,Karmakar,Male,Lucknow,Uttar Pradesh
SYN_P_0336,Trisha Singh,Trisha,Singh,Female,Indore,Madhya Pradesh
SYN_P_0337,Vikram Das,Vikram,Das,Male,Kota,Rajasthan
SYN_P_0338,Simran Saxena,Simran,Saxena,Female,Thiruvananthapuram,Kerala
SYN_P_0339,Harsh Patil,Harsh,Patil,Male,Dehradun,Uttarakhand
SYN_P_0340,Payal Sinha,Payal,Sinha,Female,Gurugram,Haryana
SYN_P_0341,Piyush Shukla,Piyush,Shukla,Male,Nashik,Maharashtra
SYN_P_0342,Preeti Khatri,Preeti,Khatri,Female,Udaipur,Rajasthan
SYN_P_0343,Nitin Suri,Nitin,Suri,Male,Bhubaneswar,Odisha
SYN_P_0344,Kavya D'Souza,Kavya,D'Souza,Female,Thane,Maharashtra
SYN_P_0345,Siddharth Mehta,Siddharth,Mehta,Male,Kochi,Kerala
SYN_P_0346,Avni Mukherjee,Avni,Mukherjee,Female,Agra,Uttar Pradesh
SYN_P_0347,Kunal Tiwari,Kunal,Tiwari,Male,Guwahati,Assam
SYN_P_0348,Palak Shetty,Palak,Shetty,Female,Nagpur,Maharashtra
SYN_P_0349,Sanjay Yadav,Sanjay,Yadav,Male,Jodhpur,Rajasthan
SYN_P_0350,Vanshika Choudhary,Vanshika,Choudhary,Female,Kolkata,West Bengal
SYN_P_0351,Aditya Oberoi,Aditya,Oberoi,Male,Navi Mumbai,Maharashtra
SYN_P_0352,Sneha Lal,Sneha,Lal,Female,Coimbatore,Tamil Nadu
SYN_P_0353,Abhishek Varghese,Abhishek,Varghese,Male,Varanasi,Uttar Pradesh
SYN_P_0354,Radhika Shah,Radhika,Shah,Female,Visakhapatnam,Andhra Pradesh
SYN_P_0355,Gaurav Agarwal,Gaurav,Agarwal,Male,Pune,Maharashtra
SYN_P_0356,Srishti Tripathi,Srishti,Tripathi,Female,Jaipur,Rajasthan
SYN_P_0357,Tarun Hegde,Tarun,Hegde,Male,Ranchi,Jharkhand
SYN_P_0358,Aanya Chauhan,Aanya,Chauhan,Female,Jammu,Jammu and Kashmir
SYN_P_0359,Karan Bisht,Karan,Bisht,Male,Chennai,Tamil Nadu
SYN_P_0360,Sakshi Ahuja,Sakshi,Ahuja,Female,Ghaziabad,Uttar Pradesh
SYN_P_0361,Dev Ranjan,Dev,Ranjan,Male,Vijayawada,Andhra Pradesh
SYN_P_0362,Sonali Mathew,Sonali,Mathew,Female,Mumbai,Maharashtra
SYN_P_0363,Sameer Rao,Sameer,Rao,Male,Vadodara,Gujarat
SYN_P_0364,Monika Malhotra,Monika,Malhotra,Female,Patna,Bihar
SYN_P_0365,Ujjwal Joshi,Ujjwal,Joshi,Male,Srinagar,Jammu and Kashmir
SYN_P_0366,Isha Krishnan,Isha,Krishnan,Female,Hyderabad,Telangana
SYN_P_0367,Varun Solanki,Varun,Solanki,Male,Noida,Uttar Pradesh
SYN_P_0368,Ishita Bhat,Ishita,Bhat,Female,Raipur,Chhattisgarh
SYN_P_0369,Saurabh Wadhwa,Saurabh,Wadhwa,Male,Delhi,Delhi
SYN_P_0370,Apoorva Bhattacharya,Apoorva,Bhattacharya,Female,Surat,Gujarat
SYN_P_0371,Rajiv Abraham,Rajiv,Abraham,Male,Chandigarh,Chandigarh
SYN_P_0372,Harini Iyer,Harini,Iyer,Female,Ludhiana,Punjab
SYN_P_0373,Arjun Khanna,Arjun,Khanna,Male,Mysuru,Karnataka
SYN_P_0374,Nisha Deshmukh,Nisha,Deshmukh,Female,Kanpur,Uttar Pradesh
SYN_P_0375,Akash Ghosh,Akash,Ghosh,Male,Bhopal,Madhya Pradesh
SYN_P_0376,Swati Desai,Swati,Desai,Female,Meerut,Uttar Pradesh
SYN_P_0377,Shubham Mandal,Shubham,Mandal,Male,Ahmedabad,Gujarat
SYN_P_0378,Ritika Chopra,Ritika,Chopra,Female,Haldwani,Uttarakhand
SYN_P_0379,Lokesh Saha,Lokesh,Saha,Male,Amritsar,Punjab
SYN_P_0380,Ananya Verma,Ananya,Verma,Female,Bengaluru,Karnataka
SYN_P_0381,Ankit Bose,Ankit,Bose,Male,Lucknow,Uttar Pradesh
SYN_P_0382,Muskan Arora,Muskan,Arora,Female,Indore,Madhya Pradesh
SYN_P_0383,Dhruv Jadhav,Dhruv,Jadhav,Male,Kota,Rajasthan
SYN_P_0384,Divya Sarkar,Divya,Sarkar,Female,Thiruvananthapuram,Kerala
SYN_P_0385,Rohit Dubey,Rohit,Dubey,Male,Dehradun,Uttarakhand
SYN_P_0386,Garima Rana,Garima,Rana,Female,Gurugram,Haryana
SYN_P_0387,Meera Fernandes,Meera,Fernandes,Female,Udaipur,Rajasthan
SYN_P_0388,Manish Mehta,Manish,Mehta,Male,Bhubaneswar,Odisha
SYN_P_0389,Mahi Mukherjee,Mahi,Mukherjee,Female,Thane,Maharashtra
SYN_P_0390,Pranav Tiwari,Pranav,Tiwari,Male,Kochi,Kerala
SYN_P_0391,Bhavna Shetty,Bhavna,Shetty,Female,Agra,Uttar Pradesh
SYN_P_0392,Arnav Yadav,Arnav,Yadav,Male,Guwahati,Assam
SYN_P_0393,Lakshmi Choudhary,Lakshmi,Choudhary,Female,Nagpur,Maharashtra
SYN_P_0394,Rohan Oberoi,Rohan,Oberoi,Male,Jodhpur,Rajasthan
SYN_P_0395,Shreya Lal,Shreya,Lal,Female,Kolkata,West Bengal
SYN_P_0396,Yash Varghese,Yash,Varghese,Male,Navi Mumbai,Maharashtra
SYN_P_0397,Komal Shah,Komal,Shah,Female,Coimbatore,Tamil Nadu
SYN_P_0398,Rishabh Agarwal,Rishabh,Agarwal,Male,Varanasi,Uttar Pradesh
SYN_P_0399,Pallavi Tripathi,Pallavi,Tripathi,Female,Visakhapatnam,Andhra Pradesh
SYN_P_0400,Mayank Hegde,Mayank,Hegde,Male,Pune,Maharashtra
SYN_P_0401,Priya Chauhan,Priya,Chauhan,Female,Jaipur,Rajasthan
SYN_P_0402,Amit Bisht,Amit,Bisht,Male,Ranchi,Jharkhand
SYN_P_0403,Tanya Ahuja,Tanya,Ahuja,Female,Jammu,Jammu and Kashmir
SYN_P_0404,Kabir Ranjan,Kabir,Ranjan,Male,Chennai,Tamil Nadu
SYN_P_0405,Shruti Mathew,Shruti,Mathew,Female,Ghaziabad,Uttar Pradesh
SYN_P_0406,Sachin Rao,Sachin,Rao,Male,Vijayawada,Andhra Pradesh
SYN_P_0407,Kirti Malhotra,Kirti,Malhotra,Female,Mumbai,Maharashtra
SYN_P_0408,Aarav Joshi,Aarav,Joshi,Male,Vadodara,Gujarat
SYN_P_0409,Riya Krishnan,Riya,Krishnan,Female,Patna,Bihar
SYN_P_0410,Rajat Solanki,Rajat,Solanki,Male,Srinagar,Jammu and Kashmir
SYN_P_0411,Navya Bhat,Navya,Bhat,Female,Hyderabad,Telangana
SYN_P_0412,Tushar Wadhwa,Tushar,Wadhwa,Male,Noida,Uttar Pradesh
SYN_P_0413,Kritika Bhattacharya,Kritika,Bhattacharya,Female,Raipur,Chhattisgarh
SYN_P_0414,Atharv Abraham,Atharv,Abraham,Male,Delhi,Delhi
SYN_P_0415,Snehal Iyer,Snehal,Iyer,Female,Surat,Gujarat
SYN_P_0416,Rahul Khanna,Rahul,Khanna,Male,Chandigarh,Chandigarh
SYN_P_0417,Aditi Deshmukh,Aditi,Deshmukh,Female,Ludhiana,Punjab
SYN_P_0418,Ayush Ghosh,Ayush,Ghosh,Male,Mysuru,Karnataka
SYN_P_0419,Nandini Desai,Nandini,Desai,Female,Kanpur,Uttar Pradesh
SYN_P_0420,Naveen Mandal,Naveen,Mandal,Male,Bhopal,Madhya Pradesh
SYN_P_0421,Jyoti Chopra,Jyoti,Chopra,Female,Meerut,Uttar Pradesh
SYN_P_0422,Parth Saha,Parth,Saha,Male,Ahmedabad,Gujarat
SYN_P_0423,Neha Verma,Neha,Verma,Female,Haldwani,Uttarakhand
SYN_P_0424,Nikhil Bose,Nikhil,Bose,Male,Amritsar,Punjab
SYN_P_0425,Diya Arora,Diya,Arora,Female,Bengaluru,Karnataka
SYN_P_0426,Ishaan Jadhav,Ishaan,Jadhav,Male,Lucknow,Uttar Pradesh
SYN_P_0427,Tanvi Sarkar,Tanvi,Sarkar,Female,Indore,Madhya Pradesh
SYN_P_0428,Deepak Dubey,Deepak,Dubey,Male,Kota,Rajasthan
SYN_P_0429,Manvi Rana,Manvi,Rana,Female,Thiruvananthapuram,Kerala
SYN_P_0430,Vihaan Kohli,Vihaan,Kohli,Male,Dehradun,Uttarakhand
SYN_P_0431,Pooja Fernandes,Pooja,Fernandes,Female,Gurugram,Haryana
SYN_P_0432,Mohit Gupta,Mohit,Gupta,Male,Nashik,Maharashtra
SYN_P_0433,Anjali Chatterjee,Anjali,Chatterjee,Female,Udaipur,Rajasthan
SYN_P_0434,Vivek Srivastava,Vivek,Srivastava,Male,Bhubaneswar,Odisha
SYN_P_0435,Sanya Naik,Sanya,Naik,Female,Thane,Maharashtra
SYN_P_0436,Shivam Kumar,Shivam,Kumar,Male,Kochi,Kerala
SYN_P_0437,Trisha Agrawal,Trisha,Agrawal,Female,Agra,Uttar Pradesh
SYN_P_0438,Vikram Bedi,Vikram,Bedi,Male,Guwahati,Assam
SYN_P_0439,Simran Mistry,Simran,Mistry,Female,Nagpur,Maharashtra
SYN_P_0440,Harsh Thomas,Harsh,Thomas,Male,Jodhpur,Rajasthan
SYN_P_0441,Payal Patel,Payal,Patel,Female,Kolkata,West Bengal
SYN_P_0442,Piyush Jain,Piyush,Jain,Male,Navi Mumbai,Maharashtra
SYN_P_0443,Preeti Mishra,Preeti,Mishra,Female,Coimbatore,Tamil Nadu
SYN_P_0444,Nitin Gowda,Nitin,Gowda,Male,Varanasi,Uttar Pradesh
SYN_P_0445,Kavya Thakur,Kavya,Thakur,Female,Visakhapatnam,Andhra Pradesh
SYN_P_0446,Siddharth Rawat,Siddharth,Rawat,Male,Pune,Maharashtra
SYN_P_0447,Avni Puri,Avni,Puri,Female,Jaipur,Rajasthan
SYN_P_0448,Kunal Mishra,Kunal,Mishra,Male,Ranchi,Jharkhand
SYN_P_0449,Palak George,Palak,George,Female,Jammu,Jammu and Kashmir
SYN_P_0450,Sanjay Reddy,Sanjay,Reddy,Male,Chennai,Tamil Nadu
SYN_P_0451,Vanshika Bansal,Vanshika,Bansal,Female,Ghaziabad,Uttar Pradesh
SYN_P_0452,Aditya Pandey,Aditya,Pandey,Male,Vijayawada,Andhra Pradesh
SYN_P_0453,Sneha Pillai,Sneha,Pillai,Female,Mumbai,Maharashtra
SYN_P_0454,Abhishek Rathore,Abhishek,Rathore,Male,Vadodara,Gujarat
SYN_P_0455,Radhika Negi,Radhika,Negi,Female,Patna,Bihar
SYN_P_0456,Gaurav Bhatia,Gaurav,Bhatia,Male,Srinagar,Jammu and Kashmir
SYN_P_0457,Srishti Sengupta,Srishti,Sengupta,Female,Hyderabad,Telangana
SYN_P_0458,Tarun Joseph,Tarun,Joseph,Male,Noida,Uttar Pradesh
SYN_P_0459,Aanya Nair,Aanya,Nair,Female,Raipur,Chhattisgarh
SYN_P_0460,Karan Sethi,Karan,Sethi,Male,Delhi,Delhi
SYN_P_0461,Sakshi Kulkarni,Sakshi,Kulkarni,Female,Surat,Gujarat
SYN_P_0462,Dev Banerjee,Dev,Banerjee,Male,Chandigarh,Chandigarh
SYN_P_0463,Sonali Vora,Sonali,Vora,Female,Ludhiana,Punjab
SYN_P_0464,Sameer Dixit,Sameer,Dixit,Male,Mysuru,Karnataka
SYN_P_0465,Monika Madan,Monika,Madan,Female,Kanpur,Uttar Pradesh
SYN_P_0466,Ujjwal Roy,Ujjwal,Roy,Male,Bhopal,Madhya Pradesh
SYN_P_0467,Isha Sharma,Isha,Sharma,Female,Meerut,Uttar Pradesh
SYN_P_0468,Varun Menon,Varun,Menon,Male,Ahmedabad,Gujarat
SYN_P_0469,Ishita Sethi,Ishita,Sethi,Female,Haldwani,Uttarakhand
SYN_P_0470,Saurabh Pawar,Saurabh,Pawar,Male,Amritsar,Punjab
SYN_P_0471,Apoorva Dutta,Apoorva,Dutta,Female,Bengaluru,Karnataka
SYN_P_0472,Rajiv Trivedi,Rajiv,Trivedi,Male,Lucknow,Uttar Pradesh
SYN_P_0473,Harini Prasad,Harini,Prasad,Female,Indore,Madhya Pradesh
SYN_P_0474,Arjun Bhardwaj,Arjun,Bhardwaj,Male,Kota,Rajasthan
SYN_P_0475,Nisha Karmakar,Nisha,Karmakar,Female,Thiruvananthapuram,Kerala
SYN_P_0476,Akash Mehta,Akash,Mehta,Male,Dehradun,Uttarakhand
SYN_P_0477,Swati Das,Swati,Das,Female,Gurugram,Haryana
SYN_P_0478,Shubham Saxena,Shubham,Saxena,Male,Nashik,Maharashtra
SYN_P_0479,Ritika Patil,Ritika,Patil,Female,Udaipur,Rajasthan
SYN_P_0480,Lokesh Sinha,Lokesh,Sinha,Male,Bhubaneswar,Odisha
SYN_P_0481,Ananya Shukla,Ananya,Shukla,Female,Thane,Maharashtra
SYN_P_0482,Ankit Khatri,Ankit,Khatri,Male,Kochi,Kerala
SYN_P_0483,Muskan Suri,Muskan,Suri,Female,Agra,Uttar Pradesh
SYN_P_0484,Dhruv D'Souza,Dhruv,D'Souza,Male,Guwahati,Assam
SYN_P_0485,Divya Patel,Divya,Patel,Female,Nagpur,Maharashtra
SYN_P_0486,Rohit Jain,Rohit,Jain,Male,Jodhpur,Rajasthan
SYN_P_0487,Garima Mishra,Garima,Mishra,Female,Kolkata,West Bengal
SYN_P_0488,Varun Gowda,Varun,Gowda,Male,Navi Mumbai,Maharashtra
SYN_P_0489,Meera Thakur,Meera,Thakur,Female,Coimbatore,Tamil Nadu
SYN_P_0490,Manish Rawat,Manish,Rawat,Male,Varanasi,Uttar Pradesh
SYN_P_0491,Mahi Puri,Mahi,Puri,Female,Visakhapatnam,Andhra Pradesh
SYN_P_0492,Pranav Mishra,Pranav,Mishra,Male,Pune,Maharashtra
SYN_P_0493,Bhavna George,Bhavna,George,Female,Jaipur,Rajasthan
SYN_P_0494,Arnav Reddy,Arnav,Reddy,Male,Ranchi,Jharkhand
SYN_P_0495,Lakshmi Bansal,Lakshmi,Bansal,Female,Jammu,Jammu and Kashmir
SYN_P_0496,Rohan Pandey,Rohan,Pandey,Male,Chennai,Tamil Nadu
SYN_P_0497,Shreya Pillai,Shreya,Pillai,Female,Ghaziabad,Uttar Pradesh
SYN_P_0498,Yash Rathore,Yash,Rathore,Male,Vijayawada,Andhra Pradesh
SYN_P_0499,Komal Negi,Komal,Negi,Female,Mumbai,Maharashtra
SYN_P_0500,Rishabh Bhatia,Rishabh,Bhatia,Male,Vadodara,Gujarat
SYN_P_0501,Pallavi Sengupta,Pallavi,Sengupta,Female,Patna,Bihar
SYN_P_0502,Mayank Joseph,Mayank,Joseph,Male,Srinagar,Jammu and Kashmir
SYN_P_0503,Priya Nair,Priya,Nair,Female,Hyderabad,Telangana
SYN_P_0504,Amit Kapoor,Amit,Kapoor,Male,Noida,Uttar Pradesh
SYN_P_0505,Tanya Kulkarni,Tanya,Kulkarni,Female,Raipur,Chhattisgarh
SYN_P_0506,Kabir Banerjee,Kabir,Banerjee,Male,Delhi,Delhi
SYN_P_0507,Shruti Vora,Shruti,Vora,Female,Surat,Gujarat
SYN_P_0508,Sachin Dixit,Sachin,Dixit,Male,Chandigarh,Chandigarh
SYN_P_0509,Kirti Madan,Kirti,Madan,Female,Ludhiana,Punjab
SYN_P_0510,Aarav Roy,Aarav,Roy,Male,Mysuru,Karnataka
SYN_P_0511,Riya Sharma,Riya,Sharma,Female,Kanpur,Uttar Pradesh
SYN_P_0512,Rajat Menon,Rajat,Menon,Male,Bhopal,Madhya Pradesh
SYN_P_0513,Navya Sethi,Navya,Sethi,Female,Meerut,Uttar Pradesh
SYN_P_0514,Tushar Pawar,Tushar,Pawar,Male,Ahmedabad,Gujarat
SYN_P_0515,Kritika Dutta,Kritika,Dutta,Female,Haldwani,Uttarakhand
SYN_P_0516,Atharv Trivedi,Atharv,Trivedi,Male,Amritsar,Punjab
SYN_P_0517,Snehal Prasad,Snehal,Prasad,Female,Bengaluru,Karnataka
SYN_P_0518,Rahul Bhardwaj,Rahul,Bhardwaj,Male,Lucknow,Uttar Pradesh
SYN_P_0519,Aditi Karmakar,Aditi,Karmakar,Female,Indore,Madhya Pradesh
SYN_P_0520,Ayush Singh,Ayush,Singh,Male,Kota,Rajasthan
SYN_P_0521,Nandini Das,Nandini,Das,Female,Thiruvananthapuram,Kerala
SYN_P_0522,Naveen Saxena,Naveen,Saxena,Male,Dehradun,Uttarakhand
SYN_P_0523,Jyoti Patil,Jyoti,Patil,Female,Gurugram,Haryana
SYN_P_0524,Parth Sinha,Parth,Sinha,Male,Nashik,Maharashtra
SYN_P_0525,Neha Shukla,Neha,Shukla,Female,Udaipur,Rajasthan
SYN_P_0526,Nikhil Khatri,Nikhil,Khatri,Male,Bhubaneswar,Odisha
SYN_P_0527,Diya Suri,Diya,Suri,Female,Thane,Maharashtra
SYN_P_0528,Ishaan D'Souza,Ishaan,D'Souza,Male,Kochi,Kerala
SYN_P_0529,Tanvi Mehta,Tanvi,Mehta,Female,Agra,Uttar Pradesh
SYN_P_0530,Deepak Mukherjee,Deepak,Mukherjee,Male,Guwahati,Assam
SYN_P_0531,Manvi Tiwari,Manvi,Tiwari,Female,Nagpur,Maharashtra
SYN_P_0532,Vihaan Shetty,Vihaan,Shetty,Male,Jodhpur,Rajasthan
SYN_P_0533,Pooja Yadav,Pooja,Yadav,Female,Kolkata,West Bengal
SYN_P_0534,Mohit Choudhary,Mohit,Choudhary,Male,Navi Mumbai,Maharashtra
SYN_P_0535,Anjali Oberoi,Anjali,Oberoi,Female,Coimbatore,Tamil Nadu
SYN_P_0536,Vivek Lal,Vivek,Lal,Male,Varanasi,Uttar Pradesh
SYN_P_0537,Sanya Varghese,Sanya,Varghese,Female,Visakhapatnam,Andhra Pradesh
SYN_P_0538,Shivam Shah,Shivam,Shah,Male,Pune,Maharashtra
SYN_P_0539,Trisha Agarwal,Trisha,Agarwal,Female,Jaipur,Rajasthan
SYN_P_0540,Vikram Tripathi,Vikram,Tripathi,Male,Ranchi,Jharkhand
SYN_P_0541,Simran Hegde,Simran,Hegde,Female,Jammu,Jammu and Kashmir
SYN_P_0542,Harsh Chauhan,Harsh,Chauhan,Male,Chennai,Tamil Nadu
SYN_P_0543,Payal Bisht,Payal,Bisht,Female,Ghaziabad,Uttar Pradesh
SYN_P_0544,Piyush Ahuja,Piyush,Ahuja,Male,Vijayawada,Andhra Pradesh
SYN_P_0545,Preeti Ranjan,Preeti,Ranjan,Female,Mumbai,Maharashtra
SYN_P_0546,Nitin Mathew,Nitin,Mathew,Male,Vadodara,Gujarat
SYN_P_0547,Kavya Rao,Kavya,Rao,Female,Patna,Bihar
SYN_P_0548,Siddharth Malhotra,Siddharth,Malhotra,Male,Srinagar,Jammu and Kashmir
SYN_P_0549,Avni Joshi,Avni,Joshi,Female,Hyderabad,Telangana
SYN_P_0550,Kunal Krishnan,Kunal,Krishnan,Male,Noida,Uttar Pradesh
SYN_P_0551,Palak Solanki,Palak,Solanki,Female,Raipur,Chhattisgarh
SYN_P_0552,Sanjay Bhat,Sanjay,Bhat,Male,Delhi,Delhi
SYN_P_0553,Vanshika Wadhwa,Vanshika,Wadhwa,Female,Surat,Gujarat
SYN_P_0554,Aditya Bhattacharya,Aditya,Bhattacharya,Male,Chandigarh,Chandigarh
SYN_P_0555,Sneha Abraham,Sneha,Abraham,Female,Ludhiana,Punjab
SYN_P_0556,Abhishek Iyer,Abhishek,Iyer,Male,Mysuru,Karnataka
SYN_P_0557,Radhika Khanna,Radhika,Khanna,Female,Kanpur,Uttar Pradesh
SYN_P_0558,Gaurav Deshmukh,Gaurav,Deshmukh,Male,Bhopal,Madhya Pradesh
SYN_P_0559,Srishti Ghosh,Srishti,Ghosh,Female,Meerut,Uttar Pradesh
SYN_P_0560,Tarun Desai,Tarun,Desai,Male,Ahmedabad,Gujarat
SYN_P_0561,Aanya Mandal,Aanya,Mandal,Female,Haldwani,Uttarakhand
SYN_P_0562,Karan Chopra,Karan,Chopra,Male,Amritsar,Punjab
SYN_P_0563,Sakshi Saha,Sakshi,Saha,Female,Bengaluru,Karnataka
SYN_P_0564,Dev Verma,Dev,Verma,Male,Lucknow,Uttar Pradesh
SYN_P_0565,Sonali Bose,Sonali,Bose,Female,Indore,Madhya Pradesh
SYN_P_0566,Sameer Arora,Sameer,Arora,Male,Kota,Rajasthan
SYN_P_0567,Monika Jadhav,Monika,Jadhav,Female,Thiruvananthapuram,Kerala
SYN_P_0568,Ujjwal Sarkar,Ujjwal,Sarkar,Male,Dehradun,Uttarakhand
SYN_P_0569,Isha Dubey,Isha,Dubey,Female,Gurugram,Haryana
SYN_P_0570,Varun Rana,Varun,Rana,Male,Nashik,Maharashtra
SYN_P_0571,Ishita Kohli,Ishita,Kohli,Female,Udaipur,Rajasthan
SYN_P_0572,Saurabh Fernandes,Saurabh,Fernandes,Male,Bhubaneswar,Odisha
SYN_P_0573,Apoorva Gupta,Apoorva,Gupta,Female,Thane,Maharashtra
SYN_P_0574,Rajiv Chatterjee,Rajiv,Chatterjee,Male,Kochi,Kerala
SYN_P_0575,Harini Srivastava,Harini,Srivastava,Female,Agra,Uttar Pradesh
SYN_P_0576,Arjun Naik,Arjun,Naik,Male,Guwahati,Assam
SYN_P_0577,Nisha Kumar,Nisha,Kumar,Female,Nagpur,Maharashtra
SYN_P_0578,Akash Agrawal,Akash,Agrawal,Male,Jodhpur,Rajasthan
SYN_P_0579,Swati Bedi,Swati,Bedi,Female,Kolkata,West Bengal
SYN_P_0580,Shubham Mistry,Shubham,Mistry,Male,Navi Mumbai,Maharashtra
SYN_P_0581,Ritika Thomas,Ritika,Thomas,Female,Coimbatore,Tamil Nadu
SYN_P_0582,Lokesh Shah,Lokesh,Shah,Male,Varanasi,Uttar Pradesh
SYN_P_0583,Ananya Agarwal,Ananya,Agarwal,Female,Visakhapatnam,Andhra Pradesh
SYN_P_0584,Ankit Tripathi,Ankit,Tripathi,Male,Pune,Maharashtra
SYN_P_0585,Muskan Hegde,Muskan,Hegde,Female,Jaipur,Rajasthan
SYN_P_0586,Dhruv Chauhan,Dhruv,Chauhan,Male,Ranchi,Jharkhand
SYN_P_0587,Divya Bisht,Divya,Bisht,Female,Jammu,Jammu and Kashmir
SYN_P_0588,Rohit Ahuja,Rohit,Ahuja,Male,Chennai,Tamil Nadu
SYN_P_0589,Garima Ranjan,Garima,Ranjan,Female,Ghaziabad,Uttar Pradesh
SYN_P_0590,Varun Mathew,Varun,Mathew,Male,Vijayawada,Andhra Pradesh
SYN_P_0591,Meera Rao,Meera,Rao,Female,Mumbai,Maharashtra
SYN_P_0592,Manish Malhotra,Manish,Malhotra,Male,Vadodara,Gujarat
SYN_P_0593,Mahi Joshi,Mahi,Joshi,Female,Patna,Bihar
SYN_P_0594,Pranav Krishnan,Pranav,Krishnan,Male,Srinagar,Jammu and Kashmir
SYN_P_0595,Bhavna Solanki,Bhavna,Solanki,Female,Hyderabad,Telangana
SYN_P_0596,Arnav Bhat,Arnav,Bhat,Male,Noida,Uttar Pradesh
SYN_P_0597,Lakshmi Wadhwa,Lakshmi,Wadhwa,Female,Raipur,Chhattisgarh
SYN_P_0598,Rohan Bhattacharya,Rohan,Bhattacharya,Male,Delhi,Delhi
SYN_P_0599,Shreya Abraham,Shreya,Abraham,Female,Surat,Gujarat
SYN_P_0600,Yash Iyer,Yash,Iyer,Male,Chandigarh,Chandigarh
SYN_P_0601,Komal Khanna,Komal,Khanna,Female,Ludhiana,Punjab
SYN_P_0602,Rishabh Deshmukh,Rishabh,Deshmukh,Male,Mysuru,Karnataka
SYN_P_0603,Pallavi Dutta,Pallavi,Dutta,Female,Kanpur,Uttar Pradesh
SYN_P_0604,Mayank Desai,Mayank,Desai,Male,Bhopal,Madhya Pradesh
SYN_P_0605,Priya Mandal,Priya,Mandal,Female,Meerut,Uttar Pradesh
SYN_P_0606,Amit Chopra,Amit,Chopra,Male,Ahmedabad,Gujarat
SYN_P_0607,Tanya Saha,Tanya,Saha,Female,Haldwani,Uttarakhand
SYN_P_0608,Kabir Singh,Kabir,Singh,Male,Amritsar,Punjab
SYN_P_0609,Shruti Bose,Shruti,Bose,Female,Bengaluru,Karnataka
SYN_P_0610,Sachin Arora,Sachin,Arora,Male,Lucknow,Uttar Pradesh
SYN_P_0611,Kirti Jadhav,Kirti,Jadhav,Female,Indore,Madhya Pradesh
SYN_P_0612,Aarav Sarkar,Aarav,Sarkar,Male,Kota,Rajasthan
SYN_P_0613,Riya Dubey,Riya,Dubey,Female,Thiruvananthapuram,Kerala
SYN_P_0614,Rajat Rana,Rajat,Rana,Male,Dehradun,Uttarakhand
SYN_P_0615,Navya Kohli,Navya,Kohli,Female,Gurugram,Haryana
SYN_P_0616,Tushar Fernandes,Tushar,Fernandes,Male,Nashik,Maharashtra
SYN_P_0617,Kritika Gupta,Kritika,Gupta,Female,Udaipur,Rajasthan
SYN_P_0618,Atharv Chatterjee,Atharv,Chatterjee,Male,Bhubaneswar,Odisha
SYN_P_0619,Snehal Srivastava,Snehal,Srivastava,Female,Thane,Maharashtra
SYN_P_0620,Rahul Naik,Rahul,Naik,Male,Kochi,Kerala
SYN_P_0621,Aditi Kumar,Aditi,Kumar,Female,Agra,Uttar Pradesh
SYN_P_0622,Ayush Agrawal,Ayush,Agrawal,Male,Guwahati,Assam
SYN_P_0623,Nandini Bedi,Nandini,Bedi,Female,Nagpur,Maharashtra
SYN_P_0624,Naveen Mistry,Naveen,Mistry,Male,Jodhpur,Rajasthan
SYN_P_0625,Jyoti Thomas,Jyoti,Thomas,Female,Kolkata,West Bengal
SYN_P_0626,Parth Patel,Parth,Patel,Male,Navi Mumbai,Maharashtra
SYN_P_0627,Neha Agarwal,Neha,Agarwal,Female,Coimbatore,Tamil Nadu
SYN_P_0628,Nikhil Mishra,Nikhil,Mishra,Male,Varanasi,Uttar Pradesh
SYN_P_0629,Diya Gowda,Diya,Gowda,Female,Visakhapatnam,Andhra Pradesh
SYN_P_0630,Ishaan Thakur,Ishaan,Thakur,Male,Pune,Maharashtra
SYN_P_0631,Tanvi Rawat,Tanvi,Rawat,Female,Jaipur,Rajasthan
SYN_P_0632,Deepak Puri,Deepak,Puri,Male,Ranchi,Jharkhand
SYN_P_0633,Manvi Mishra,Manvi,Mishra,Female,Jammu,Jammu and Kashmir
SYN_P_0634,Vihaan George,Vihaan,George,Male,Chennai,Tamil Nadu
SYN_P_0635,Pooja Reddy,Pooja,Reddy,Female,Ghaziabad,Uttar Pradesh
SYN_P_0636,Mohit Bansal,Mohit,Bansal,Male,Vijayawada,Andhra Pradesh
SYN_P_0637,Anjali Pandey,Anjali,Pandey,Female,Mumbai,Maharashtra
SYN_P_0638,Vivek Pillai,Vivek,Pillai,Male,Vadodara,Gujarat
SYN_P_0639,Sanya Rathore,Sanya,Rathore,Female,Patna,Bihar
SYN_P_0640,Shivam Negi,Shivam,Negi,Male,Srinagar,Jammu and Kashmir
SYN_P_0641,Trisha Bhatia,Trisha,Bhatia,Female,Hyderabad,Telangana
SYN_P_0642,Vikram Sengupta,Vikram,Sengupta,Male,Noida,Uttar Pradesh
SYN_P_0643,Simran Joseph,Simran,Joseph,Female,Raipur,Chhattisgarh
SYN_P_0644,Harsh Nair,Harsh,Nair,Male,Delhi,Delhi
SYN_P_0645,Payal Kapoor,Payal,Kapoor,Female,Surat,Gujarat
SYN_P_0646,Piyush Kulkarni,Piyush,Kulkarni,Male,Chandigarh,Chandigarh
SYN_P_0647,Preeti Banerjee,Preeti,Banerjee,Female,Ludhiana,Punjab
SYN_P_0648,Nitin Vora,Nitin,Vora,Male,Mysuru,Karnataka
SYN_P_0649,Kavya Dixit,Kavya,Dixit,Female,Kanpur,Uttar Pradesh
SYN_P_0650,Siddharth Madan,Siddharth,Madan,Male,Bhopal,Madhya Pradesh
SYN_P_0651,Avni Roy,Avni,Roy,Female,Meerut,Uttar Pradesh
SYN_P_0652,Kunal Sharma,Kunal,Sharma,Male,Ahmedabad,Gujarat
SYN_P_0653,Palak Menon,Palak,Menon,Female,Haldwani,Uttarakhand
SYN_P_0654,Sanjay Sethi,Sanjay,Sethi,Male,Amritsar,Punjab
SYN_P_0655,Vanshika Pawar,Vanshika,Pawar,Female,Bengaluru,Karnataka
SYN_P_0656,Aditya Dutta,Aditya,Dutta,Male,Lucknow,Uttar Pradesh
SYN_P_0657,Sneha Trivedi,Sneha,Trivedi,Female,Indore,Madhya Pradesh
SYN_P_0658,Abhishek Prasad,Abhishek,Prasad,Male,Kota,Rajasthan
SYN_P_0659,Radhika Bhardwaj,Radhika,Bhardwaj,Female,Thiruvananthapuram,Kerala
SYN_P_0660,Gaurav Karmakar,Gaurav,Karmakar,Male,Dehradun,Uttarakhand
SYN_P_0661,Srishti Singh,Srishti,Singh,Female,Gurugram,Haryana
SYN_P_0662,Tarun Das,Tarun,Das,Male,Nashik,Maharashtra
SYN_P_0663,Aanya Saxena,Aanya,Saxena,Female,Udaipur,Rajasthan
SYN_P_0664,Karan Patil,Karan,Patil,Male,Bhubaneswar,Odisha
SYN_P_0665,Sakshi Sinha,Sakshi,Sinha,Female,Thane,Maharashtra
SYN_P_0666,Dev Shukla,Dev,Shukla,Male,Kochi,Kerala
SYN_P_0667,Sonali Khatri,Sonali,Khatri,Female,Agra,Uttar Pradesh
SYN_P_0668,Sameer Suri,Sameer,Suri,Male,Guwahati,Assam
SYN_P_0669,Monika D'Souza,Monika,D'Souza,Female,Nagpur,Maharashtra
SYN_P_0670,Ujjwal Mehta,Ujjwal,Mehta,Male,Jodhpur,Rajasthan
SYN_P_0671,Isha Mukherjee,Isha,Mukherjee,Female,Kolkata,West Bengal
SYN_P_0672,Varun Tiwari,Varun,Tiwari,Male,Navi Mumbai,Maharashtra
SYN_P_0673,Ishita Shetty,Ishita,Shetty,Female,Coimbatore,Tamil Nadu
SYN_P_0674,Saurabh Yadav,Saurabh,Yadav,Male,Varanasi,Uttar Pradesh
SYN_P_0675,Apoorva Choudhary,Apoorva,Choudhary,Female,Visakhapatnam,Andhra Pradesh
SYN_P_0676,Rajiv Oberoi,Rajiv,Oberoi,Male,Pune,Maharashtra
SYN_P_0677,Harini Lal,Harini,Lal,Female,Jaipur,Rajasthan
SYN_P_0678,Arjun Varghese,Arjun,Varghese,Male,Ranchi,Jharkhand
SYN_P_0679,Nisha Reddy,Nisha,Reddy,Female,Jammu,Jammu and Kashmir
SYN_P_0680,Akash Bansal,Akash,Bansal,Male,Chennai,Tamil Nadu
SYN_P_0681,Swati Pandey,Swati,Pandey,Female,Ghaziabad,Uttar Pradesh
SYN_P_0682,Shubham Pillai,Shubham,Pillai,Male,Vijayawada,Andhra Pradesh
SYN_P_0683,Ritika Rathore,Ritika,Rathore,Female,Mumbai,Maharashtra
SYN_P_0684,Lokesh Negi,Lokesh,Negi,Male,Vadodara,Gujarat
SYN_P_0685,Ananya Bhatia,Ananya,Bhatia,Female,Patna,Bihar
SYN_P_0686,Ankit Sengupta,Ankit,Sengupta,Male,Srinagar,Jammu and Kashmir
SYN_P_0687,Muskan Joseph,Muskan,Joseph,Female,Hyderabad,Telangana
SYN_P_0688,Dhruv Nair,Dhruv,Nair,Male,Noida,Uttar Pradesh
SYN_P_0689,Divya Kapoor,Divya,Kapoor,Female,Raipur,Chhattisgarh
SYN_P_0690,Rohit Kulkarni,Rohit,Kulkarni,Male,Delhi,Delhi
SYN_P_0691,Garima Banerjee,Garima,Banerjee,Female,Surat,Gujarat
SYN_P_0692,Varun Vora,Varun,Vora,Male,Chandigarh,Chandigarh
SYN_P_0693,Meera Dixit,Meera,Dixit,Female,Ludhiana,Punjab
SYN_P_0694,Manish Madan,Manish,Madan,Male,Mysuru,Karnataka
SYN_P_0695,Mahi Roy,Mahi,Roy,Female,Kanpur,Uttar Pradesh
SYN_P_0696,Pranav Sharma,Pranav,Sharma,Male,Bhopal,Madhya Pradesh
SYN_P_0697,Bhavna Menon,Bhavna,Menon,Female,Meerut,Uttar Pradesh
SYN_P_0698,Arnav Sethi,Arnav,Sethi,Male,Ahmedabad,Gujarat
SYN_P_0699,Lakshmi Pawar,Lakshmi,Pawar,Female,Haldwani,Uttarakhand
SYN_P_0700,Rohan Dutta,Rohan,Dutta,Male,Amritsar,Punjab
SYN_P_0701,Shreya Trivedi,Shreya,Trivedi,Female,Bengaluru,Karnataka
SYN_P_0702,Yash Prasad,Yash,Prasad,Male,Lucknow,Uttar Pradesh
SYN_P_0703,Komal Bhardwaj,Komal,Bhardwaj,Female,Indore,Madhya Pradesh
SYN_P_0704,Rishabh Karmakar,Rishabh,Karmakar,Male,Kota,Rajasthan
SYN_P_0705,Pallavi Singh,Pallavi,Singh,Female,Thiruvananthapuram,Kerala
SYN_P_0706,Mayank Das,Mayank,Das,Male,Dehradun,Uttarakhand
SYN_P_0707,Priya Saxena,Priya,Saxena,Female,Gurugram,Haryana
SYN_P_0708,Amit Patil,Amit,Patil,Male,Nashik,Maharashtra
SYN_P_0709,Tanya Sinha,Tanya,Sinha,Female,Udaipur,Rajasthan
SYN_P_0710,Kabir Shukla,Kabir,Shukla,Male,Bhubaneswar,Odisha
SYN_P_0711,Shruti Khatri,Shruti,Khatri,Female,Thane,Maharashtra
SYN_P_0712,Sachin Suri,Sachin,Suri,Male,Kochi,Kerala
SYN_P_0713,Kirti D'Souza,Kirti,D'Souza,Female,Agra,Uttar Pradesh
SYN_P_0714,Aarav Mehta,Aarav,Mehta,Male,Guwahati,Assam
SYN_P_0715,Riya Mukherjee,Riya,Mukherjee,Female,Nagpur,Maharashtra
SYN_P_0716,Rajat Tiwari,Rajat,Tiwari,Male,Jodhpur,Rajasthan
SYN_P_0717,Navya Shetty,Navya,Shetty,Female,Kolkata,West Bengal
SYN_P_0718,Tushar Yadav,Tushar,Yadav,Male,Navi Mumbai,Maharashtra
SYN_P_0719,Kritika Choudhary,Kritika,Choudhary,Female,Coimbatore,Tamil Nadu
SYN_P_0720,Atharv Oberoi,Atharv,Oberoi,Male,Varanasi,Uttar Pradesh
SYN_P_0721,Snehal Lal,Snehal,Lal,Female,Visakhapatnam,Andhra Pradesh
SYN_P_0722,Rahul Varghese,Rahul,Varghese,Male,Pune,Maharashtra
SYN_P_0723,Aditi Shah,Aditi,Shah,Female,Jaipur,Rajasthan
SYN_P_0724,Ayush Agarwal,Ayush,Agarwal,Male,Ranchi,Jharkhand
SYN_P_0725,Nandini Tripathi,Nandini,Tripathi,Female,Jammu,Jammu and Kashmir
SYN_P_0726,Naveen Hegde,Naveen,Hegde,Male,Chennai,Tamil Nadu
SYN_P_0727,Jyoti Chauhan,Jyoti,Chauhan,Female,Ghaziabad,Uttar Pradesh
SYN_P_0728,Parth Bisht,Parth,Bisht,Male,Vijayawada,Andhra Pradesh
SYN_P_0729,Neha Ahuja,Neha,Ahuja,Female,Mumbai,Maharashtra
SYN_P_0730,Nikhil Ranjan,Nikhil,Ranjan,Male,Vadodara,Gujarat
SYN_P_0731,Diya Mathew,Diya,Mathew,Female,Patna,Bihar
SYN_P_0732,Ishaan Rao,Ishaan,Rao,Male,Srinagar,Jammu and Kashmir
SYN_P_0733,Tanvi Malhotra,Tanvi,Malhotra,Female,Hyderabad,Telangana
SYN_P_0734,Deepak Joshi,Deepak,Joshi,Male,Noida,Uttar Pradesh
SYN_P_0735,Manvi Krishnan,Manvi,Krishnan,Female,Raipur,Chhattisgarh
SYN_P_0736,Vihaan Solanki,Vihaan,Solanki,Male,Delhi,Delhi
SYN_P_0737,Pooja Bhat,Pooja,Bhat,Female,Surat,Gujarat
SYN_P_0738,Mohit Wadhwa,Mohit,Wadhwa,Male,Chandigarh,Chandigarh
SYN_P_0739,Anjali Bhattacharya,Anjali,Bhattacharya,Female,Ludhiana,Punjab
SYN_P_0740,Vivek Abraham,Vivek,Abraham,Male,Mysuru,Karnataka
SYN_P_0741,Sanya Iyer,Sanya,Iyer,Female,Kanpur,Uttar Pradesh
SYN_P_0742,Shivam Khanna,Shivam,Khanna,Male,Bhopal,Madhya Pradesh
SYN_P_0743,Trisha Deshmukh,Trisha,Deshmukh,Female,Meerut,Uttar Pradesh
SYN_P_0744,Vikram Ghosh,Vikram,Ghosh,Male,Ahmedabad,Gujarat
SYN_P_0745,Simran Desai,Simran,Desai,Female,Haldwani,Uttarakhand
SYN_P_0746,Harsh Mandal,Harsh,Mandal,Male,Amritsar,Punjab
SYN_P_0747,Payal Chopra,Payal,Chopra,Female,Bengaluru,Karnataka
SYN_P_0748,Piyush Saha,Piyush,Saha,Male,Lucknow,Uttar Pradesh
SYN_P_0749,Preeti Verma,Preeti,Verma,Female,Indore,Madhya Pradesh
SYN_P_0750,Nitin Bose,Nitin,Bose,Male,Kota,Rajasthan
SYN_P_0751,Kavya Arora,Kavya,Arora,Female,Thiruvananthapuram,Kerala
SYN_P_0752,Siddharth Jadhav,Siddharth,Jadhav,Male,Dehradun,Uttarakhand
SYN_P_0753,Avni Sarkar,Avni,Sarkar,Female,Gurugram,Haryana
SYN_P_0754,Kunal Dubey,Kunal,Dubey,Male,Nashik,Maharashtra
SYN_P_0755,Palak Rana,Palak,Rana,Female,Udaipur,Rajasthan
SYN_P_0756,Sanjay Kohli,Sanjay,Kohli,Male,Bhubaneswar,Odisha
SYN_P_0757,Vanshika Fernandes,Vanshika,Fernandes,Female,Thane,Maharashtra
SYN_P_0758,Aditya Gupta,Aditya,Gupta,Male,Kochi,Kerala
SYN_P_0759,Sneha Chatterjee,Sneha,Chatterjee,Female,Agra,Uttar Pradesh
SYN_P_0760,Abhishek Srivastava,Abhishek,Srivastava,Male,Guwahati,Assam
SYN_P_0761,Radhika Naik,Radhika,Naik,Female,Nagpur,Maharashtra
SYN_P_0762,Gaurav Kumar,Gaurav,Kumar,Male,Jodhpur,Rajasthan
SYN_P_0763,Srishti Agrawal,Srishti,Agrawal,Female,Kolkata,West Bengal
SYN_P_0764,Tarun Bedi,Tarun,Bedi,Male,Navi Mumbai,Maharashtra
SYN_P_0765,Aanya Mistry,Aanya,Mistry,Female,Coimbatore,Tamil Nadu
SYN_P_0766,Karan Thomas,Karan,Thomas,Male,Varanasi,Uttar Pradesh
SYN_P_0767,Sakshi Patel,Sakshi,Patel,Female,Visakhapatnam,Andhra Pradesh
SYN_P_0768,Dev Jain,Dev,Jain,Male,Pune,Maharashtra
SYN_P_0769,Sonali Mishra,Sonali,Mishra,Female,Jaipur,Rajasthan
SYN_P_0770,Sameer Gowda,Sameer,Gowda,Male,Ranchi,Jharkhand
SYN_P_0771,Monika Thakur,Monika,Thakur,Female,Jammu,Jammu and Kashmir
SYN_P_0772,Ujjwal Rawat,Ujjwal,Rawat,Male,Chennai,Tamil Nadu
SYN_P_0773,Isha Puri,Isha,Puri,Female,Ghaziabad,Uttar Pradesh
SYN_P_0774,Varun Mishra,Varun,Mishra,Male,Vijayawada,Andhra Pradesh
SYN_P_0775,Ishita George,Ishita,George,Female,Mumbai,Maharashtra
SYN_P_0776,Saurabh Rao,Saurabh,Rao,Male,Vadodara,Gujarat
SYN_P_0777,Apoorva Malhotra,Apoorva,Malhotra,Female,Patna,Bihar
SYN_P_0778,Rajiv Joshi,Rajiv,Joshi,Male,Srinagar,Jammu and Kashmir
SYN_P_0779,Harini Krishnan,Harini,Krishnan,Female,Hyderabad,Telangana
SYN_P_0780,Arjun Solanki,Arjun,Solanki,Male,Noida,Uttar Pradesh
SYN_P_0781,Nisha Bhat,Nisha,Bhat,Female,Raipur,Chhattisgarh
SYN_P_0782,Akash Wadhwa,Akash,Wadhwa,Male,Delhi,Delhi
SYN_P_0783,Swati Bhattacharya,Swati,Bhattacharya,Female,Surat,Gujarat
SYN_P_0784,Shubham Abraham,Shubham,Abraham,Male,Chandigarh,Chandigarh
SYN_P_0785,Ritika Rao,Ritika,Rao,Female,Ludhiana,Punjab
SYN_P_0786,Lokesh Khanna,Lokesh,Khanna,Male,Mysuru,Karnataka
SYN_P_0787,Ananya Deshmukh,Ananya,Deshmukh,Female,Kanpur,Uttar Pradesh
SYN_P_0788,Ankit Ghosh,Ankit,Ghosh,Male,Bhopal,Madhya Pradesh
SYN_P_0789,Muskan Desai,Muskan,Desai,Female,Meerut,Uttar Pradesh
SYN_P_0790,Dhruv Mandal,Dhruv,Mandal,Male,Ahmedabad,Gujarat
SYN_P_0791,Divya Chopra,Divya,Chopra,Female,Haldwani,Uttarakhand
SYN_P_0792,Rohit Saha,Rohit,Saha,Male,Amritsar,Punjab
SYN_P_0793,Garima Verma,Garima,Verma,Female,Bengaluru,Karnataka
SYN_P_0794,Varun Bose,Varun,Bose,Male,Lucknow,Uttar Pradesh
SYN_P_0795,Meera Arora,Meera,Arora,Female,Indore,Madhya Pradesh
SYN_P_0796,Manish Jadhav,Manish,Jadhav,Male,Kota,Rajasthan
SYN_P_0797,Mahi Sarkar,Mahi,Sarkar,Female,Thiruvananthapuram,Kerala
SYN_P_0798,Pranav Dubey,Pranav,Dubey,Male,Dehradun,Uttarakhand
SYN_P_0799,Bhavna Rana,Bhavna,Rana,Female,Gurugram,Haryana
SYN_P_0800,Arnav Kohli,Arnav,Kohli,Male,Nashik,Maharashtra
