phone_id,phone_number,person_id,phone_type,source
PH_0001,+91-6861379367,SYN_P_0001,mobile,synthetic
PH_0002,+91-6826977245,SYN_P_0002,mobile,synthetic
PH_0003,+91-7230797512,SYN_P_0003,mobile,synthetic
PH_0004,+91-7188200713,SYN_P_0004,mobile,synthetic
PH_0005,+91-8286107192,SYN_P_0005,mobile,synthetic
PH_0006,+91-7370737909,SYN_P_0006,mobile,synthetic
PH_0007,+91-9319095318,SYN_P_0007,mobile,synthetic
PH_0008,+91-7894577179,SYN_P_0008,mobile,synthetic
PH_0009,+91-8882455823,SYN_P_0009,mobile,synthetic
PH_0010,+91-6505306513,SYN_P_0010,mobile,synthetic
PH_0011,+91-7171040915,SYN_P_0011,mobile,synthetic
PH_0012,+91-6641327636,SYN_P_0012,mobile,synthetic
PH_0013,+91-6676440254,SYN_P_0013,mobile,synthetic
PH_0014,+91-7175261501,SYN_P_0014,mobile,synthetic
PH_0015,+91-6491603670,SYN_P_0015,mobile,synthetic
PH_0016,+91-6065527073,SYN_P_0016,mobile,synthetic
PH_0017,+91-8675528232,SYN_P_0017,mobile,synthetic
PH_0018,+91-8403574352,SYN_P_0018,mobile,synthetic
PH_0019,+91-8207873733,SYN_P_0019,mobile,synthetic
PH_0020,+91-6439698549,SYN_P_0020,mobile,synthetic
PH_0021,+91-6887243074,SYN_P_0021,mobile,synthetic
PH_0022,+91-8330143102,SYN_P_0022,mobile,synthetic
PH_0023,+91-7504604930,SYN_P_0023,mobile,synthetic
PH_0024,+91-8359507540,SYN_P_0024,mobile,synthetic
PH_0025,+91-7367882278,SYN_P_0025,mobile,synthetic
PH_0026,+91-7164159934,SYN_P_0026,mobile,synthetic
PH_0027,+91-6607981933,SYN_P_0027,mobile,synthetic
PH_0028,+91-9025176080,SYN_P_0028,mobile,synthetic
PH_0029,+91-9453165900,SYN_P_0029,mobile,synthetic
PH_0030,+91-7216625499,SYN_P_0030,mobile,synthetic
PH_0031,+91-8465667475,SYN_P_0031,mobile,synthetic
PH_0032,+91-7051515688,SYN_P_0032,mobile,synthetic
PH_0033,+91-6735620429,SYN_P_0033,mobile,synthetic
PH_0034,+91-6305985809,SYN_P_0034,mobile,synthetic
PH_0035,+91-7337356436,SYN_P_0035,mobile,synthetic
PH_0036,+91-8633944024,SYN_P_0036,mobile,synthetic
PH_0037,+91-9832154946,SYN_P_0037,mobile,synthetic
PH_0038,+91-7454872478,SYN_P_0038,mobile,synthetic
PH_0039,+91-8321760970,SYN_P_0039,mobile,synthetic
PH_0040,+91-7905452099,SYN_P_0040,mobile,synthetic
PH_0041,+91-6217867296,SYN_P_0041,mobile,synthetic
PH_0042,+91-6558663601,SYN_P_0042,mobile,synthetic
PH_0043,+91-6124522637,SYN_P_0043,mobile,synthetic
PH_0044,+91-8021793892,SYN_P_0044,mobile,synthetic
PH_0045,+91-9879611333,SYN_P_0045,mobile,synthetic
PH_0046,+91-8901232981,SYN_P_0046,mobile,synthetic
PH_0047,+91-6216706931,SYN_P_0047,mobile,synthetic
PH_0048,+91-6454952643,SYN_P_0048,mobile,synthetic
PH_0049,+91-7647547914,SYN_P_0049,mobile,synthetic
PH_0050,+91-6231068718,SYN_P_0050,mobile,synthetic
PH_0051,+91-6369880788,SYN_P_0051,mobile,synthetic
PH_0052,+91-7831656441,SYN_P_0052,mobile,synthetic
PH_0053,+91-7683269674,SYN_P_0053,mobile,synthetic
PH_0054,+91-6768726107,SYN_P_0054,mobile,synthetic
PH_0055,+91-9026567207,SYN_P_0055,mobile,synthetic
PH_0056,+91-8560321728,SYN_P_0056,mobile,synthetic
PH_0057,+91-9828000822,SYN_P_0057,mobile,synthetic
PH_0058,+91-8545868593,SYN_P_0058,mobile,synthetic
PH_0059,+91-8703556018,SYN_P_0059,mobile,synthetic
PH_0060,+91-9591341696,SYN_P_0060,mobile,synthetic
PH_0061,+91-8964063863,SYN_P_0061,mobile,synthetic
PH_0062,+91-9003751949,SYN_P_0062,mobile,synthetic
PH_0063,+91-7914852173,SYN_P_0063,mobile,synthetic
PH_0064,+91-8647054211,SYN_P_0064,mobile,synthetic
PH_0065,+91-7527394794,SYN_P_0065,mobile,synthetic
PH_0066,+91-7341922388,SYN_P_0066,mobile,synthetic
PH_0067,+91-7427355471,SYN_P_0067,mobile,synthetic
PH_0068,+91-9510886562,SYN_P_0068,mobile,synthetic
PH_0069,+91-6851035458,SYN_P_0069,mobile,synthetic
PH_0070,+91-9061876539,SYN_P_0070,mobile,synthetic
PH_0071,+91-9257314131,SYN_P_0071,mobile,synthetic
PH_0072,+91-8881365834,SYN_P_0072,mobile,synthetic
PH_0073,+91-9475916271,SYN_P_0073,mobile,synthetic
PH_0074,+91-8291300350,SYN_P_0074,mobile,synthetic
PH_0075,+91-6337350808,SYN_P_0075,mobile,synthetic
PH_0076,+91-9963327064,SYN_P_0076,mobile,synthetic
PH_0077,+91-9245891191,SYN_P_0077,mobile,synthetic
PH_0078,+91-9283194491,SYN_P_0078,mobile,synthetic
PH_0079,+91-8000146357,SYN_P_0079,mobile,synthetic
PH_0080,+91-8438636480,SYN_P_0080,mobile,synthetic
PH_0081,+91-6566056427,SYN_P_0081,mobile,synthetic
PH_0082,+91-6399071914,SYN_P_0082,mobile,synthetic
PH_0083,+91-9491168520,SYN_P_0083,mobile,synthetic
PH_0084,+91-9446069149,SYN_P_0084,mobile,synthetic
PH_0085,+91-9950034345,SYN_P_0085,mobile,synthetic
PH_0086,+91-9000461610,SYN_P_0086,mobile,synthetic
PH_0087,+91-8011229698,SYN_P_0087,mobile,synthetic
PH_0088,+91-6417741397,SYN_P_0088,mobile,synthetic
PH_0089,+91-7956719117,SYN_P_0089,mobile,synthetic
PH_0090,+91-7333122138,SYN_P_0090,mobile,synthetic
PH_0091,+91-8939810510,SYN_P_0091,mobile,synthetic
PH_0092,+91-8767756835,SYN_P_0092,mobile,synthetic
PH_0093,+91-9050354069,SYN_P_0093,mobile,synthetic
PH_0094,+91-9292064480,SYN_P_0094,mobile,synthetic
PH_0095,+91-7998863011,SYN_P_0095,mobile,synthetic
PH_0096,+91-8020979143,SYN_P_0096,mobile,synthetic
PH_0097,+91-6995119066,SYN_P_0097,mobile,synthetic
PH_0098,+91-6961189885,SYN_P_0098,mobile,synthetic
PH_0099,+91-6617279928,SYN_P_0099,mobile,synthetic
PH_0100,+91-9698380322,SYN_P_0100,mobile,synthetic
PH_0101,+91-9847005898,SYN_P_0101,mobile,synthetic
PH_0102,+91-8649746105,SYN_P_0102,mobile,synthetic
PH_0103,+91-7108328175,SYN_P_0103,mobile,synthetic
PH_0104,+91-9920710774,SYN_P_0104,mobile,synthetic
PH_0105,+91-7561003053,SYN_P_0105,mobile,synthetic
PH_0106,+91-7683957564,SYN_P_0106,mobile,synthetic
PH_0107,+91-6787495451,SYN_P_0107,mobile,synthetic
PH_0108,+91-9004821901,SYN_P_0108,mobile,synthetic
PH_0109,+91-9939620696,SYN_P_0109,mobile,synthetic
PH_0110,+91-8856929012,SYN_P_0110,mobile,synthetic
PH_0111,+91-7418747769,SYN_P_0111,mobile,synthetic
PH_0112,+91-9387778726,SYN_P_0112,mobile,synthetic
PH_0113,+91-9697071731,SYN_P_0113,mobile,synthetic
PH_0114,+91-9789895841,SYN_P_0114,mobile,synthetic
PH_0115,+91-7394838271,SYN_P_0115,mobile,synthetic
PH_0116,+91-7946835949,SYN_P_0116,mobile,synthetic
PH_0117,+91-8093825472,SYN_P_0117,mobile,synthetic
PH_0118,+91-6129983470,SYN_P_0118,mobile,synthetic
PH_0119,+91-6280741389,SYN_P_0119,mobile,synthetic
PH_0120,+91-8041545544,SYN_P_0120,mobile,synthetic
PH_0121,+91-6484846239,SYN_P_0121,mobile,synthetic
PH_0122,+91-7509426830,SYN_P_0122,mobile,synthetic
PH_0123,+91-8055795042,SYN_P_0123,mobile,synthetic
PH_0124,+91-7981017924,SYN_P_0124,mobile,synthetic
PH_0125,+91-9632538452,SYN_P_0125,mobile,synthetic
PH_0126,+91-6733587041,SYN_P_0126,mobile,synthetic
PH_0127,+91-7212286165,SYN_P_0127,mobile,synthetic
PH_0128,+91-9298283688,SYN_P_0128,mobile,synthetic
PH_0129,+91-7497291907,SYN_P_0129,mobile,synthetic
PH_0130,+91-8596051033,SYN_P_0130,mobile,synthetic
PH_0131,+91-8468224333,SYN_P_0131,mobile,synthetic
PH_0132,+91-6547153061,SYN_P_0132,mobile,synthetic
PH_0133,+91-8181627202,SYN_P_0133,mobile,synthetic
PH_0134,+91-6442090475,SYN_P_0134,mobile,synthetic
PH_0135,+91-7742408003,SYN_P_0135,mobile,synthetic
PH_0136,+91-9511362924,SYN_P_0136,mobile,synthetic
PH_0137,+91-9067779533,SYN_P_0137,mobile,synthetic
PH_0138,+91-9422048585,SYN_P_0138,mobile,synthetic
PH_0139,+91-6459481183,SYN_P_0139,mobile,synthetic
PH_0140,+91-7399599824,SYN_P_0140,mobile,synthetic
PH_0141,+91-8388645471,SYN_P_0141,mobile,synthetic
PH_0142,+91-8789372578,SYN_P_0142,mobile,synthetic
PH_0143,+91-6304616203,SYN_P_0143,mobile,synthetic
PH_0144,+91-9403464975,SYN_P_0144,mobile,synthetic
PH_0145,+91-7297587456,SYN_P_0145,mobile,synthetic
PH_0146,+91-8288124783,SYN_P_0146,mobile,synthetic
PH_0147,+91-7979871930,SYN_P_0147,mobile,synthetic
PH_0148,+91-7721493654,SYN_P_0148,mobile,synthetic
PH_0149,+91-8536332631,SYN_P_0149,mobile,synthetic
PH_0150,+91-7775719463,SYN_P_0150,mobile,synthetic
PH_0151,+91-7024673062,SYN_P_0151,mobile,synthetic
PH_0152,+91-8666637135,SYN_P_0152,mobile,synthetic
PH_0153,+91-7046645121,SYN_P_0153,mobile,synthetic
PH_0154,+91-8353423112,SYN_P_0154,mobile,synthetic
PH_0155,+91-6682986933,SYN_P_0155,mobile,synthetic
PH_0156,+91-8071783372,SYN_P_0156,mobile,synthetic
PH_0157,+91-7648479139,SYN_P_0157,mobile,synthetic
PH_0158,+91-6283725262,SYN_P_0158,mobile,synthetic
PH_0159,+91-7463356163,SYN_P_0159,mobile,synthetic
PH_0160,+91-6894376014,SYN_P_0160,mobile,synthetic
PH_0161,+91-9495741325,SYN_P_0161,mobile,synthetic
PH_0162,+91-8980964394,SYN_P_0162,mobile,synthetic
PH_0163,+91-8538197680,SYN_P_0163,mobile,synthetic
PH_0164,+91-7851768689,SYN_P_0164,mobile,synthetic
PH_0165,+91-9368602873,SYN_P_0165,mobile,synthetic
PH_0166,+91-7869829947,SYN_P_0166,mobile,synthetic
PH_0167,+91-8436153527,SYN_P_0167,mobile,synthetic
PH_0168,+91-9381542747,SYN_P_0168,mobile,synthetic
PH_0169,+91-7469741396,SYN_P_0169,mobile,synthetic
PH_0170,+91-8338725151,SYN_P_0170,mobile,synthetic
PH_0171,+91-8981279224,SYN_P_0171,mobile,synthetic
PH_0172,+91-7014275094,SYN_P_0172,mobile,synthetic
PH_0173,+91-6743396374,SYN_P_0173,mobile,synthetic
PH_0174,+91-8845897967,SYN_P_0174,mobile,synthetic
PH_0175,+91-8875932424,SYN_P_0175,mobile,synthetic
PH_0176,+91-6334553919,SYN_P_0176,mobile,synthetic
PH_0177,+91-9175557253,SYN_P_0177,mobile,synthetic
PH_0178,+91-9998027244,SYN_P_0178,mobile,synthetic
PH_0179,+91-9057625097,SYN_P_0179,mobile,synthetic
PH_0180,+91-8466119912,SYN_P_0180,mobile,synthetic
PH_0181,+91-9593806125,SYN_P_0181,mobile,synthetic
PH_0182,+91-8090061251,SYN_P_0182,mobile,synthetic
PH_0183,+91-6491012945,SYN_P_0183,mobile,synthetic
PH_0184,+91-8543321283,SYN_P_0184,mobile,synthetic
PH_0185,+91-8560124760,SYN_P_0185,mobile,synthetic
PH_0186,+91-7988176599,SYN_P_0186,mobile,synthetic
PH_0187,+91-7397488262,SYN_P_0187,mobile,synthetic
PH_0188,+91-8384083537,SYN_P_0188,mobile,synthetic
PH_0189,+91-6419420333,SYN_P_0189,mobile,synthetic
PH_0190,+91-9530562130,SYN_P_0190,mobile,synthetic
PH_0191,+91-7912189154,SYN_P_0191,mobile,synthetic
PH_0192,+91-6756661586,SYN_P_0192,mobile,synthetic
PH_0193,+91-7323003336,SYN_P_0193,mobile,synthetic
PH_0194,+91-7742870683,SYN_P_0194,mobile,synthetic
PH_0195,+91-6298962512,SYN_P_0195,mobile,synthetic
PH_0196,+91-8569503643,SYN_P_0196,mobile,synthetic
PH_0197,+91-6467054653,SYN_P_0197,mobile,synthetic
PH_0198,+91-8944237345,SYN_P_0198,mobile,synthetic
PH_0199,+91-9496389921,SYN_P_0199,mobile,synthetic
PH_0200,+91-8561541734,SYN_P_0200,mobile,synthetic
PH_0201,+91-9312894573,SYN_P_0201,mobile,synthetic
PH_0202,+91-9521296504,SYN_P_0202,mobile,synthetic
PH_0203,+91-7627410430,SYN_P_0203,mobile,synthetic
PH_0204,+91-7406207691,SYN_P_0204,mobile,synthetic
PH_0205,+91-8122981496,SYN_P_0205,mobile,synthetic
PH_0206,+91-8770207149,SYN_P_0206,mobile,synthetic
PH_0207,+91-8835386061,SYN_P_0207,mobile,synthetic
PH_0208,+91-6264064129,SYN_P_0208,mobile,synthetic
PH_0209,+91-6388836304,SYN_P_0209,mobile,synthetic
PH_0210,+91-6934635444,SYN_P_0210,mobile,synthetic
PH_0211,+91-9509132563,SYN_P_0211,mobile,synthetic
PH_0212,+91-6596642845,SYN_P_0212,mobile,synthetic
PH_0213,+91-9810759268,SYN_P_0213,mobile,synthetic
PH_0214,+91-8494379098,SYN_P_0214,mobile,synthetic
PH_0215,+91-9879454995,SYN_P_0215,mobile,synthetic
PH_0216,+91-9242650962,SYN_P_0216,mobile,synthetic
PH_0217,+91-8732169658,SYN_P_0217,mobile,synthetic
PH_0218,+91-9478233603,SYN_P_0218,mobile,synthetic
PH_0219,+91-6000791717,SYN_P_0219,mobile,synthetic
PH_0220,+91-9251624056,SYN_P_0220,mobile,synthetic
PH_0221,+91-6630180604,SYN_P_0221,mobile,synthetic
PH_0222,+91-8838463998,SYN_P_0222,mobile,synthetic
PH_0223,+91-6640879683,SYN_P_0223,mobile,synthetic
PH_0224,+91-7945510312,SYN_P_0224,mobile,synthetic
PH_0225,+91-8281726390,SYN_P_0225,mobile,synthetic
PH_0226,+91-7251996942,SYN_P_0226,mobile,synthetic
PH_0227,+91-7674962768,SYN_P_0227,mobile,synthetic
PH_0228,+91-8643862317,SYN_P_0228,mobile,synthetic
PH_0229,+91-8482196541,SYN_P_0229,mobile,synthetic
PH_0230,+91-7920536604,SYN_P_0230,mobile,synthetic
PH_0231,+91-6840381733,SYN_P_0231,mobile,synthetic
PH_0232,+91-6883310198,SYN_P_0232,mobile,synthetic
PH_0233,+91-8927092297,SYN_P_0233,mobile,synthetic
PH_0234,+91-9768513187,SYN_P_0234,mobile,synthetic
PH_0235,+91-7359776840,SYN_P_0235,mobile,synthetic
PH_0236,+91-7287353440,SYN_P_0236,mobile,synthetic
PH_0237,+91-8449318527,SYN_P_0237,mobile,synthetic
PH_0238,+91-9411692919,SYN_P_0238,mobile,synthetic
PH_0239,+91-9922182458,SYN_P_0239,mobile,synthetic
PH_0240,+91-8918683391,SYN_P_0240,mobile,synthetic
PH_0241,+91-7308032847,SYN_P_0241,mobile,synthetic
PH_0242,+91-9944934429,SYN_P_0242,mobile,synthetic
PH_0243,+91-7867138383,SYN_P_0243,mobile,synthetic
PH_0244,+91-9082889804,SYN_P_0244,mobile,synthetic
PH_0245,+91-9930401533,SYN_P_0245,mobile,synthetic
PH_0246,+91-7478605304,SYN_P_0246,mobile,synthetic
PH_0247,+91-6383486488,SYN_P_0247,mobile,synthetic
PH_0248,+91-8502793324,SYN_P_0248,mobile,synthetic
PH_0249,+91-6034871912,SYN_P_0249,mobile,synthetic
PH_0250,+91-8626332786,SYN_P_0250,mobile,synthetic
PH_0251,+91-8192253856,SYN_P_0251,mobile,synthetic
PH_0252,+91-7736014680,SYN_P_0252,mobile,synthetic
PH_0253,+91-9640572126,SYN_P_0253,mobile,synthetic
PH_0254,+91-6547847544,SYN_P_0254,mobile,synthetic
PH_0255,+91-9661481856,SYN_P_0255,mobile,synthetic
PH_0256,+91-7263513519,SYN_P_0256,mobile,synthetic
PH_0257,+91-6268051302,SYN_P_0257,mobile,synthetic
PH_0258,+91-7585800252,SYN_P_0258,mobile,synthetic
PH_0259,+91-9870090650,SYN_P_0259,mobile,synthetic
PH_0260,+91-8357443688,SYN_P_0260,mobile,synthetic
PH_0261,+91-6228180081,SYN_P_0261,mobile,synthetic
PH_0262,+91-6003622015,SYN_P_0262,mobile,synthetic
PH_0263,+91-9020882958,SYN_P_0263,mobile,synthetic
PH_0264,+91-8405311630,SYN_P_0264,mobile,synthetic
PH_0265,+91-9525108501,SYN_P_0265,mobile,synthetic
PH_0266,+91-7542943951,SYN_P_0266,mobile,synthetic
PH_0267,+91-6471150679,SYN_P_0267,mobile,synthetic
PH_0268,+91-9699031318,SYN_P_0268,mobile,synthetic
PH_0269,+91-7212079465,SYN_P_0269,mobile,synthetic
PH_0270,+91-9718065741,SYN_P_0270,mobile,synthetic
PH_0271,+91-6133937440,SYN_P_0271,mobile,synthetic
PH_0272,+91-7010353136,SYN_P_0272,mobile,synthetic
PH_0273,+91-7854203954,SYN_P_0273,mobile,synthetic
PH_0274,+91-9016020016,SYN_P_0274,mobile,synthetic
PH_0275,+91-8534734556,SYN_P_0275,mobile,synthetic
PH_0276,+91-7693369537,SYN_P_0276,mobile,synthetic
PH_0277,+91-8685274976,SYN_P_0277,mobile,synthetic
PH_0278,+91-7366346378,SYN_P_0278,mobile,synthetic
PH_0279,+91-9057044556,SYN_P_0279,mobile,synthetic
PH_0280,+91-7644068874,SYN_P_0280,mobile,synthetic
PH_0281,+91-7743896971,SYN_P_0281,mobile,synthetic
PH_0282,+91-7638809377,SYN_P_0282,mobile,synthetic
PH_0283,+91-7869127013,SYN_P_0283,mobile,synthetic
PH_0284,+91-8341267390,SYN_P_0284,mobile,synthetic
PH_0285,+91-6907166142,SYN_P_0285,mobile,synthetic
PH_0286,+91-8845362401,SYN_P_0286,mobile,synthetic
PH_0287,+91-6744790751,SYN_P_0287,mobile,synthetic
PH_0288,+91-8039557201,SYN_P_0288,mobile,synthetic
PH_0289,+91-6597296237,SYN_P_0289,mobile,synthetic
PH_0290,+91-6808428103,SYN_P_0290,mobile,synthetic
PH_0291,+91-8385517516,SYN_P_0291,mobile,synthetic
PH_0292,+91-7651823168,SYN_P_0292,mobile,synthetic
PH_0293,+91-9622064762,SYN_P_0293,mobile,synthetic
PH_0294,+91-9970620155,SYN_P_0294,mobile,synthetic
PH_0295,+91-7547424693,SYN_P_0295,mobile,synthetic
PH_0296,+91-9607612269,SYN_P_0296,mobile,synthetic
PH_0297,+91-7792012815,SYN_P_0297,mobile,synthetic
PH_0298,+91-6662572988,SYN_P_0298,mobile,synthetic
PH_0299,+91-7238972936,SYN_P_0299,mobile,synthetic
PH_0300,+91-9748371263,SYN_P_0300,mobile,synthetic
PH_0301,+91-8877911915,SYN_P_0301,mobile,synthetic
PH_0302,+91-6539229515,SYN_P_0302,mobile,synthetic
PH_0303,+91-6576717254,SYN_P_0303,mobile,synthetic
PH_0304,+91-6049833464,SYN_P_0304,mobile,synthetic
PH_0305,+91-6308146694,SYN_P_0305,mobile,synthetic
PH_0306,+91-8784810609,SYN_P_0306,mobile,synthetic
PH_0307,+91-6067464491,SYN_P_0307,mobile,synthetic
PH_0308,+91-6618457607,SYN_P_0308,mobile,synthetic
PH_0309,+91-9098128404,SYN_P_0309,mobile,synthetic
PH_0310,+91-9800567965,SYN_P_0310,mobile,synthetic
PH_0311,+91-8090366319,SYN_P_0311,mobile,synthetic
PH_0312,+91-8825773649,SYN_P_0312,mobile,synthetic
PH_0313,+91-7875763024,SYN_P_0313,mobile,synthetic
PH_0314,+91-6583152392,SYN_P_0314,mobile,synthetic
PH_0315,+91-6363626724,SYN_P_0315,mobile,synthetic
PH_0316,+91-6589356566,SYN_P_0316,mobile,synthetic
PH_0317,+91-8758412226,SYN_P_0317,mobile,synthetic
PH_0318,+91-9461492893,SYN_P_0318,mobile,synthetic
PH_0319,+91-7786085602,SYN_P_0319,mobile,synthetic
PH_0320,+91-9694327968,SYN_P_0320,mobile,synthetic
PH_0321,+91-7958628128,SYN_P_0321,mobile,synthetic
PH_0322,+91-9837907472,SYN_P_0322,mobile,synthetic
PH_0323,+91-9388421791,SYN_P_0323,mobile,synthetic
PH_0324,+91-8986679532,SYN_P_0324,mobile,synthetic
PH_0325,+91-8596004971,SYN_P_0325,mobile,synthetic
PH_0326,+91-9995655373,SYN_P_0326,mobile,synthetic
PH_0327,+91-7828385501,SYN_P_0327,mobile,synthetic
PH_0328,+91-8676831869,SYN_P_0328,mobile,synthetic
PH_0329,+91-6772223853,SYN_P_0329,mobile,synthetic
PH_0330,+91-7951608900,SYN_P_0330,mobile,synthetic
PH_0331,+91-8187920410,SYN_P_0331,mobile,synthetic
PH_0332,+91-7821601641,SYN_P_0332,mobile,synthetic
PH_0333,+91-8371036817,SYN_P_0333,mobile,synthetic
PH_0334,+91-9522179956,SYN_P_0334,mobile,synthetic
PH_0335,+91-7932931842,SYN_P_0335,mobile,synthetic
PH_0336,+91-7652337143,SYN_P_0336,mobile,synthetic
PH_0337,+91-7526032931,SYN_P_0337,mobile,synthetic
PH_0338,+91-6969549862,SYN_P_0338,mobile,synthetic
PH_0339,+91-6797966424,SYN_P_0339,mobile,synthetic
PH_0340,+91-7824381233,SYN_P_0340,mobile,synthetic
PH_0341,+91-8596622371,SYN_P_0341,mobile,synthetic
PH_0342,+91-6031911578,SYN_P_0342,mobile,synthetic
PH_0343,+91-8482226946,SYN_P_0343,mobile,synthetic
PH_0344,+91-8139567857,SYN_P_0344,mobile,synthetic
PH_0345,+91-9636994992,SYN_P_0345,mobile,synthetic
PH_0346,+91-9139249064,SYN_P_0346,mobile,synthetic
PH_0347,+91-7016833346,SYN_P_0347,mobile,synthetic
PH_0348,+91-9058575055,SYN_P_0348,mobile,synthetic
PH_0349,+91-8154908810,SYN_P_0349,mobile,synthetic
PH_0350,+91-7156421858,SYN_P_0350,mobile,synthetic
PH_0351,+91-7764534958,SYN_P_0351,mobile,synthetic
PH_0352,+91-9979564028,SYN_P_0352,mobile,synthetic
PH_0353,+91-8345766219,SYN_P_0353,mobile,synthetic
PH_0354,+91-8475414520,SYN_P_0354,mobile,synthetic
PH_0355,+91-7576124271,SYN_P_0355,mobile,synthetic
PH_0356,+91-6143717638,SYN_P_0356,mobile,synthetic
PH_0357,+91-6162629078,SYN_P_0357,mobile,synthetic
PH_0358,+91-8440183843,SYN_P_0358,mobile,synthetic
PH_0359,+91-8075620820,SYN_P_0359,mobile,synthetic
PH_0360,+91-9027447478,SYN_P_0360,mobile,synthetic
PH_0361,+91-7583033048,SYN_P_0361,mobile,synthetic
PH_0362,+91-6486037259,SYN_P_0362,mobile,synthetic
PH_0363,+91-8492235444,SYN_P_0363,mobile,synthetic
PH_0364,+91-8068168092,SYN_P_0364,mobile,synthetic
PH_0365,+91-8965663196,SYN_P_0365,mobile,synthetic
PH_0366,+91-6343868435,SYN_P_0366,mobile,synthetic
PH_0367,+91-6610261057,SYN_P_0367,mobile,synthetic
PH_0368,+91-9136122697,SYN_P_0368,mobile,synthetic
PH_0369,+91-9140880304,SYN_P_0369,mobile,synthetic
PH_0370,+91-8260905359,SYN_P_0370,mobile,synthetic
PH_0371,+91-9690882970,SYN_P_0371,mobile,synthetic
PH_0372,+91-9223726033,SYN_P_0372,mobile,synthetic
PH_0373,+91-9345220398,SYN_P_0373,mobile,synthetic
PH_0374,+91-7200101356,SYN_P_0374,mobile,synthetic
PH_0375,+91-7996886326,SYN_P_0375,mobile,synthetic
PH_0376,+91-8220281423,SYN_P_0376,mobile,synthetic
PH_0377,+91-6336015067,SYN_P_0377,mobile,synthetic
PH_0378,+91-8247800298,SYN_P_0378,mobile,synthetic
PH_0379,+91-9822157884,SYN_P_0379,mobile,synthetic
PH_0380,+91-8620233330,SYN_P_0380,mobile,synthetic
PH_0381,+91-6379874179,SYN_P_0381,mobile,synthetic
PH_0382,+91-7053260431,SYN_P_0382,mobile,synthetic
PH_0383,+91-8029164060,SYN_P_0383,mobile,synthetic
PH_0384,+91-8708676312,SYN_P_0384,mobile,synthetic
PH_0385,+91-9185517590,SYN_P_0385,mobile,synthetic
PH_0386,+91-8850728447,SYN_P_0386,mobile,synthetic
PH_0387,+91-8872118270,SYN_P_0387,mobile,synthetic
PH_0388,+91-6335359270,SYN_P_0388,mobile,synthetic
PH_0389,+91-8938075532,SYN_P_0389,mobile,synthetic
PH_0390,+91-8721667797,SYN_P_0390,mobile,synthetic
PH_0391,+91-8315834382,SYN_P_0391,mobile,synthetic
PH_0392,+91-9427805833,SYN_P_0392,mobile,synthetic
PH_0393,+91-8489485190,SYN_P_0393,mobile,synthetic
PH_0394,+91-7342176089,SYN_P_0394,mobile,synthetic
PH_0395,+91-8632982968,SYN_P_0395,mobile,synthetic
PH_0396,+91-6226663762,SYN_P_0396,mobile,synthetic
PH_0397,+91-9880869195,SYN_P_0397,mobile,synthetic
PH_0398,+91-7475519583,SYN_P_0398,mobile,synthetic
PH_0399,+91-8297950359,SYN_P_0399,mobile,synthetic
PH_0400,+91-9343748592,SYN_P_0400,mobile,synthetic
PH_0401,+91-6046314343,SYN_P_0401,mobile,synthetic
PH_0402,+91-8013776199,SYN_P_0402,mobile,synthetic
PH_0403,+91-7950064497,SYN_P_0403,mobile,synthetic
PH_0404,+91-8201871277,SYN_P_0404,mobile,synthetic
PH_0405,+91-9891476956,SYN_P_0405,mobile,synthetic
PH_0406,+91-8015337791,SYN_P_0406,mobile,synthetic
PH_0407,+91-8465162177,SYN_P_0407,mobile,synthetic
PH_0408,+91-9151709494,SYN_P_0408,mobile,synthetic
PH_0409,+91-7423841741,SYN_P_0409,mobile,synthetic
PH_0410,+91-7808250421,SYN_P_0410,mobile,synthetic
PH_0411,+91-7515756391,SYN_P_0411,mobile,synthetic
PH_0412,+91-9428342624,SYN_P_0412,mobile,synthetic
PH_0413,+91-7265374436,SYN_P_0413,mobile,synthetic
PH_0414,+91-7242140808,SYN_P_0414,mobile,synthetic
PH_0415,+91-6719442108,SYN_P_0415,mobile,synthetic
PH_0416,+91-6151725037,SYN_P_0416,mobile,synthetic
PH_0417,+91-8985221988,SYN_P_0417,mobile,synthetic
PH_0418,+91-9963672922,SYN_P_0418,mobile,synthetic
PH_0419,+91-8566829299,SYN_P_0419,mobile,synthetic
PH_0420,+91-9218757065,SYN_P_0420,mobile,synthetic
PH_0421,+91-7305974315,SYN_P_0421,mobile,synthetic
PH_0422,+91-9122319712,SYN_P_0422,mobile,synthetic
PH_0423,+91-9371641901,SYN_P_0423,mobile,synthetic
PH_0424,+91-8421100023,SYN_P_0424,mobile,synthetic
PH_0425,+91-7118594780,SYN_P_0425,mobile,synthetic
PH_0426,+91-6263787271,SYN_P_0426,mobile,synthetic
PH_0427,+91-8702823150,SYN_P_0427,mobile,synthetic
PH_0428,+91-8032209020,SYN_P_0428,mobile,synthetic
PH_0429,+91-8483097086,SYN_P_0429,mobile,synthetic
PH_0430,+91-6726189798,SYN_P_0430,mobile,synthetic
PH_0431,+91-8460414950,SYN_P_0431,mobile,synthetic
PH_0432,+91-6221705700,SYN_P_0432,mobile,synthetic
PH_0433,+91-8818872419,SYN_P_0433,mobile,synthetic
PH_0434,+91-7253070489,SYN_P_0434,mobile,synthetic
PH_0435,+91-9474180925,SYN_P_0435,mobile,synthetic
PH_0436,+91-9167023323,SYN_P_0436,mobile,synthetic
PH_0437,+91-8681421120,SYN_P_0437,mobile,synthetic
PH_0438,+91-6117244390,SYN_P_0438,mobile,synthetic
PH_0439,+91-7231863866,SYN_P_0439,mobile,synthetic
PH_0440,+91-8082029167,SYN_P_0440,mobile,synthetic
PH_0441,+91-6354378489,SYN_P_0441,mobile,synthetic
PH_0442,+91-6544693476,SYN_P_0442,mobile,synthetic
PH_0443,+91-8171518770,SYN_P_0443,mobile,synthetic
PH_0444,+91-6330120877,SYN_P_0444,mobile,synthetic
PH_0445,+91-9656929513,SYN_P_0445,mobile,synthetic
PH_0446,+91-9366235681,SYN_P_0446,mobile,synthetic
PH_0447,+91-7193351499,SYN_P_0447,mobile,synthetic
PH_0448,+91-7082550715,SYN_P_0448,mobile,synthetic
PH_0449,+91-6569249644,SYN_P_0449,mobile,synthetic
PH_0450,+91-8644831247,SYN_P_0450,mobile,synthetic
PH_0451,+91-7206765277,SYN_P_0451,mobile,synthetic
PH_0452,+91-7182048491,SYN_P_0452,mobile,synthetic
PH_0453,+91-9684473724,SYN_P_0453,mobile,synthetic
PH_0454,+91-7103616435,SYN_P_0454,mobile,synthetic
PH_0455,+91-6061001449,SYN_P_0455,mobile,synthetic
PH_0456,+91-9184414029,SYN_P_0456,mobile,synthetic
PH_0457,+91-6479101035,SYN_P_0457,mobile,synthetic
PH_0458,+91-8593393772,SYN_P_0458,mobile,synthetic
PH_0459,+91-6749960739,SYN_P_0459,mobile,synthetic
PH_0460,+91-9908984981,SYN_P_0460,mobile,synthetic
PH_0461,+91-8541633324,SYN_P_0461,mobile,synthetic
PH_0462,+91-9173840107,SYN_P_0462,mobile,synthetic
PH_0463,+91-6649122505,SYN_P_0463,mobile,synthetic
PH_0464,+91-8831051904,SYN_P_0464,mobile,synthetic
PH_0465,+91-7918360758,SYN_P_0465,mobile,synthetic
PH_0466,+91-7588136431,SYN_P_0466,mobile,synthetic
PH_0467,+91-9469649363,SYN_P_0467,mobile,synthetic
PH_0468,+91-6753334536,SYN_P_0468,mobile,synthetic
PH_0469,+91-7122071298,SYN_P_0469,mobile,synthetic
PH_0470,+91-9360930901,SYN_P_0470,mobile,synthetic
PH_0471,+91-9009805180,SYN_P_0471,mobile,synthetic
PH_0472,+91-7014453592,SYN_P_0472,mobile,synthetic
PH_0473,+91-8082709180,SYN_P_0473,mobile,synthetic
PH_0474,+91-6776569551,SYN_P_0474,mobile,synthetic
PH_0475,+91-9433276612,SYN_P_0475,mobile,synthetic
PH_0476,+91-8265117869,SYN_P_0476,mobile,synthetic
PH_0477,+91-9702323796,SYN_P_0477,mobile,synthetic
PH_0478,+91-6142122736,SYN_P_0478,mobile,synthetic
PH_0479,+91-7472520899,SYN_P_0479,mobile,synthetic
PH_0480,+91-6362501515,SYN_P_0480,mobile,synthetic
PH_0481,+91-6623071990,SYN_P_0481,mobile,synthetic
PH_0482,+91-8557842371,SYN_P_0482,mobile,synthetic
PH_0483,+91-9529276727,SYN_P_0483,mobile,synthetic
PH_0484,+91-6662070480,SYN_P_0484,mobile,synthetic
PH_0485,+91-9597525665,SYN_P_0485,mobile,synthetic
PH_0486,+91-8130081627,SYN_P_0486,mobile,synthetic
PH_0487,+91-9233085142,SYN_P_0487,mobile,synthetic
PH_0488,+91-7773597623,SYN_P_0488,mobile,synthetic
PH_0489,+91-9308704462,SYN_P_0489,mobile,synthetic
PH_0490,+91-7645689727,SYN_P_0490,mobile,synthetic
PH_0491,+91-7021976457,SYN_P_0491,mobile,synthetic
PH_0492,+91-8837544412,SYN_P_0492,mobile,synthetic
PH_0493,+91-7890580203,SYN_P_0493,mobile,synthetic
PH_0494,+91-9118142344,SYN_P_0494,mobile,synthetic
PH_0495,+91-8738362362,SYN_P_0495,mobile,synthetic
PH_0496,+91-6718476143,SYN_P_0496,mobile,synthetic
PH_0497,+91-6905622824,SYN_P_0497,mobile,synthetic
PH_0498,+91-8481449107,SYN_P_0498,mobile,synthetic
PH_0499,+91-9154056937,SYN_P_0499,mobile,synthetic
PH_0500,+91-9615645347,SYN_P_0500,mobile,synthetic
PH_0501,+91-7482088956,SYN_P_0501,mobile,synthetic
PH_0502,+91-6233327459,SYN_P_0502,mobile,synthetic
PH_0503,+91-8758490418,SYN_P_0503,mobile,synthetic
PH_0504,+91-7135569990,SYN_P_0504,mobile,synthetic
PH_0505,+91-9244778757,SYN_P_0505,mobile,synthetic
PH_0506,+91-9519858899,SYN_P_0506,mobile,synthetic
PH_0507,+91-6498192006,SYN_P_0507,mobile,synthetic
PH_0508,+91-6225585432,SYN_P_0508,mobile,synthetic
PH_0509,+91-6719838233,SYN_P_0509,mobile,synthetic
PH_0510,+91-7992928946,SYN_P_0510,mobile,synthetic
PH_0511,+91-7712595879,SYN_P_0511,mobile,synthetic
PH_0512,+91-8045400609,SYN_P_0512,mobile,synthetic
PH_0513,+91-7294361972,SYN_P_0513,mobile,synthetic
PH_0514,+91-8045547915,SYN_P_0514,mobile,synthetic
PH_0515,+91-9204692162,SYN_P_0515,mobile,synthetic
PH_0516,+91-9231653009,SYN_P_0516,mobile,synthetic
PH_0517,+91-9961932300,SYN_P_0517,mobile,synthetic
PH_0518,+91-8287159563,SYN_P_0518,mobile,synthetic
PH_0519,+91-7003567683,SYN_P_0519,mobile,synthetic
PH_0520,+91-7631231993,SYN_P_0520,mobile,synthetic
PH_0521,+91-8935652923,SYN_P_0521,mobile,synthetic
PH_0522,+91-9030562457,SYN_P_0522,mobile,synthetic
PH_0523,+91-7675339976,SYN_P_0523,mobile,synthetic
PH_0524,+91-8038346724,SYN_P_0524,mobile,synthetic
PH_0525,+91-7127966460,SYN_P_0525,mobile,synthetic
PH_0526,+91-6623413787,SYN_P_0526,mobile,synthetic
PH_0527,+91-8278231594,SYN_P_0527,mobile,synthetic
PH_0528,+91-9737814424,SYN_P_0528,mobile,synthetic
PH_0529,+91-7867169740,SYN_P_0529,mobile,synthetic
PH_0530,+91-6050951360,SYN_P_0530,mobile,synthetic
PH_0531,+91-7240353129,SYN_P_0531,mobile,synthetic
PH_0532,+91-9982390427,SYN_P_0532,mobile,synthetic
PH_0533,+91-9424416260,SYN_P_0533,mobile,synthetic
PH_0534,+91-7927669906,SYN_P_0534,mobile,synthetic
PH_0535,+91-7640695079,SYN_P_0535,mobile,synthetic
PH_0536,+91-8914107002,SYN_P_0536,mobile,synthetic
PH_0537,+91-7355872317,SYN_P_0537,mobile,synthetic
PH_0538,+91-8277421089,SYN_P_0538,mobile,synthetic
PH_0539,+91-8932931415,SYN_P_0539,mobile,synthetic
PH_0540,+91-6176169319,SYN_P_0540,mobile,synthetic
PH_0541,+91-6418176555,SYN_P_0541,mobile,synthetic
PH_0542,+91-9941543618,SYN_P_0542,mobile,synthetic
PH_0543,+91-8281887562,SYN_P_0543,mobile,synthetic
PH_0544,+91-8737715893,SYN_P_0544,mobile,synthetic
PH_0545,+91-7519680064,SYN_P_0545,mobile,synthetic
PH_0546,+91-9625980113,SYN_P_0546,mobile,synthetic
PH_0547,+91-7854506228,SYN_P_0547,mobile,synthetic
PH_0548,+91-8622015536,SYN_P_0548,mobile,synthetic
PH_0549,+91-9942960425,SYN_P_0549,mobile,synthetic
PH_0550,+91-8800601821,SYN_P_0550,mobile,synthetic
PH_0551,+91-9686609552,SYN_P_0551,mobile,synthetic
PH_0552,+91-7170767681,SYN_P_0552,mobile,synthetic
PH_0553,+91-7438674062,SYN_P_0553,mobile,synthetic
PH_0554,+91-7161041845,SYN_P_0554,mobile,synthetic
PH_0555,+91-7147133409,SYN_P_0555,mobile,synthetic
PH_0556,+91-9445922559,SYN_P_0556,mobile,synthetic
PH_0557,+91-6422095589,SYN_P_0557,mobile,synthetic
PH_0558,+91-7096693765,SYN_P_0558,mobile,synthetic
PH_0559,+91-8810382991,SYN_P_0559,mobile,synthetic
PH_0560,+91-8509020413,SYN_P_0560,mobile,synthetic
PH_0561,+91-7679992638,SYN_P_0561,mobile,synthetic
PH_0562,+91-7980446323,SYN_P_0562,mobile,synthetic
PH_0563,+91-9320658306,SYN_P_0563,mobile,synthetic
PH_0564,+91-8900353279,SYN_P_0564,mobile,synthetic
PH_0565,+91-9217320974,SYN_P_0565,mobile,synthetic
PH_0566,+91-7038510073,SYN_P_0566,mobile,synthetic
PH_0567,+91-9153852268,SYN_P_0567,mobile,synthetic
PH_0568,+91-8885744937,SYN_P_0568,mobile,synthetic
PH_0569,+91-8528551559,SYN_P_0569,mobile,synthetic
PH_0570,+91-9309260670,SYN_P_0570,mobile,synthetic
PH_0571,+91-6837199429,SYN_P_0571,mobile,synthetic
PH_0572,+91-8233178208,SYN_P_0572,mobile,synthetic
PH_0573,+91-7449150306,SYN_P_0573,mobile,synthetic
PH_0574,+91-8910777335,SYN_P_0574,mobile,synthetic
PH_0575,+91-8964722828,SYN_P_0575,mobile,synthetic
PH_0576,+91-6772736132,SYN_P_0576,mobile,synthetic
PH_0577,+91-7345483676,SYN_P_0577,mobile,synthetic
PH_0578,+91-8351978047,SYN_P_0578,mobile,synthetic
PH_0579,+91-6045432125,SYN_P_0579,mobile,synthetic
PH_0580,+91-8889662004,SYN_P_0580,mobile,synthetic
PH_0581,+91-6036404854,SYN_P_0581,mobile,synthetic
PH_0582,+91-9572079205,SYN_P_0582,mobile,synthetic
PH_0583,+91-6291851443,SYN_P_0583,mobile,synthetic
PH_0584,+91-6051373886,SYN_P_0584,mobile,synthetic
PH_0585,+91-7766300020,SYN_P_0585,mobile,synthetic
PH_0586,+91-6419612987,SYN_P_0586,mobile,synthetic
PH_0587,+91-8255992861,SYN_P_0587,mobile,synthetic
PH_0588,+91-6446278368,SYN_P_0588,mobile,synthetic
PH_0589,+91-8944198153,SYN_P_0589,mobile,synthetic
PH_0590,+91-7915307177,SYN_P_0590,mobile,synthetic
PH_0591,+91-7509751531,SYN_P_0591,mobile,synthetic
PH_0592,+91-6942385937,SYN_P_0592,mobile,synthetic
PH_0593,+91-9114927861,SYN_P_0593,mobile,synthetic
PH_0594,+91-7216751436,SYN_P_0594,mobile,synthetic
PH_0595,+91-7081885552,SYN_P_0595,mobile,synthetic
PH_0596,+91-6829270292,SYN_P_0596,mobile,synthetic
PH_0597,+91-6146208285,SYN_P_0597,mobile,synthetic
PH_0598,+91-6101792766,SYN_P_0598,mobile,synthetic
PH_0599,+91-8660290823,SYN_P_0599,mobile,synthetic
PH_0600,+91-6394884830,SYN_P_0600,mobile,synthetic
PH_0601,+91-6244305931,SYN_P_0601,mobile,synthetic
PH_0602,+91-8551805769,SYN_P_0602,mobile,synthetic
PH_0603,+91-8820099205,SYN_P_0603,mobile,synthetic
PH_0604,+91-9839558856,SYN_P_0604,mobile,synthetic
PH_0605,+91-9588269668,SYN_P_0605,mobile,synthetic
PH_0606,+91-6931255046,SYN_P_0606,mobile,synthetic
PH_0607,+91-8574338859,SYN_P_0607,mobile,synthetic
PH_0608,+91-8740545127,SYN_P_0608,mobile,synthetic
PH_0609,+91-6523084612,SYN_P_0609,mobile,synthetic
PH_0610,+91-9041159396,SYN_P_0610,mobile,synthetic
PH_0611,+91-6515297776,SYN_P_0611,mobile,synthetic
PH_0612,+91-6371026639,SYN_P_0612,mobile,synthetic
PH_0613,+91-9678385314,SYN_P_0613,mobile,synthetic
PH_0614,+91-8597105677,SYN_P_0614,mobile,synthetic
PH_0615,+91-6557947412,SYN_P_0615,mobile,synthetic
PH_0616,+91-7614729199,SYN_P_0616,mobile,synthetic
PH_0617,+91-8819193463,SYN_P_0617,mobile,synthetic
PH_0618,+91-9280744111,SYN_P_0618,mobile,synthetic
PH_0619,+91-9865029114,SYN_P_0619,mobile,synthetic
PH_0620,+91-8782734390,SYN_P_0620,mobile,synthetic
PH_0621,+91-8431246996,SYN_P_0621,mobile,synthetic
PH_0622,+91-9449717996,SYN_P_0622,mobile,synthetic
PH_0623,+91-6793575163,SYN_P_0623,mobile,synthetic
PH_0624,+91-9848297723,SYN_P_0624,mobile,synthetic
PH_0625,+91-6476076030,SYN_P_0625,mobile,synthetic
PH_0626,+91-8987809626,SYN_P_0626,mobile,synthetic
PH_0627,+91-6791403539,SYN_P_0627,mobile,synthetic
PH_0628,+91-7088068733,SYN_P_0628,mobile,synthetic
PH_0629,+91-7265162573,SYN_P_0629,mobile,synthetic
PH_0630,+91-8005558943,SYN_P_0630,mobile,synthetic
PH_0631,+91-8836730724,SYN_P_0631,mobile,synthetic
PH_0632,+91-6325189913,SYN_P_0632,mobile,synthetic
PH_0633,+91-8743541394,SYN_P_0633,mobile,synthetic
PH_0634,+91-7947526113,SYN_P_0634,mobile,synthetic
PH_0635,+91-9962946526,SYN_P_0635,mobile,synthetic
PH_0636,+91-7187058341,SYN_P_0636,mobile,synthetic
PH_0637,+91-9304372292,SYN_P_0637,mobile,synthetic
PH_0638,+91-7833879716,SYN_P_0638,mobile,synthetic
PH_0639,+91-8973068647,SYN_P_0639,mobile,synthetic
PH_0640,+91-9880036912,SYN_P_0640,mobile,synthetic
PH_0641,+91-8867230846,SYN_P_0641,mobile,synthetic
PH_0642,+91-9306611604,SYN_P_0642,mobile,synthetic
PH_0643,+91-9307638543,SYN_P_0643,mobile,synthetic
PH_0644,+91-7389010157,SYN_P_0644,mobile,synthetic
PH_0645,+91-7105252271,SYN_P_0645,mobile,synthetic
PH_0646,+91-6695638799,SYN_P_0646,mobile,synthetic
PH_0647,+91-9353215401,SYN_P_0647,mobile,synthetic
PH_0648,+91-6317814973,SYN_P_0648,mobile,synthetic
PH_0649,+91-7190940658,SYN_P_0649,mobile,synthetic
PH_0650,+91-9337644657,SYN_P_0650,mobile,synthetic
PH_0651,+91-6267951754,SYN_P_0651,mobile,synthetic
PH_0652,+91-7644109210,SYN_P_0652,mobile,synthetic
PH_0653,+91-7668983193,SYN_P_0653,mobile,synthetic
PH_0654,+91-7428741189,SYN_P_0654,mobile,synthetic
PH_0655,+91-6257949939,SYN_P_0655,mobile,synthetic
PH_0656,+91-7109126346,SYN_P_0656,mobile,synthetic
PH_0657,+91-9490953123,SYN_P_0657,mobile,synthetic
PH_0658,+91-7136726892,SYN_P_0658,mobile,synthetic
PH_0659,+91-6764201331,SYN_P_0659,mobile,synthetic
PH_0660,+91-7892254518,SYN_P_0660,mobile,synthetic
PH_0661,+91-6298064202,SYN_P_0661,mobile,synthetic
PH_0662,+91-8111928965,SYN_P_0662,mobile,synthetic
PH_0663,+91-9988247780,SYN_P_0663,mobile,synthetic
PH_0664,+91-6861867284,SYN_P_0664,mobile,synthetic
PH_0665,+91-8621226653,SYN_P_0665,mobile,synthetic
PH_0666,+91-7686352103,SYN_P_0666,mobile,synthetic
PH_0667,+91-6766403264,SYN_P_0667,mobile,synthetic
PH_0668,+91-8772329146,SYN_P_0668,mobile,synthetic
PH_0669,+91-8113370001,SYN_P_0669,mobile,synthetic
PH_0670,+91-6465705342,SYN_P_0670,mobile,synthetic
PH_0671,+91-6617928099,SYN_P_0671,mobile,synthetic
PH_0672,+91-8321997415,SYN_P_0672,mobile,synthetic
PH_0673,+91-9301572823,SYN_P_0673,mobile,synthetic
PH_0674,+91-7852220019,SYN_P_0674,mobile,synthetic
PH_0675,+91-6937962865,SYN_P_0675,mobile,synthetic
PH_0676,+91-8636965147,SYN_P_0676,mobile,synthetic
PH_0677,+91-8763116394,SYN_P_0677,mobile,synthetic
PH_0678,+91-6456339011,SYN_P_0678,mobile,synthetic
PH_0679,+91-9919626765,SYN_P_0679,mobile,synthetic
PH_0680,+91-7896578985,SYN_P_0680,mobile,synthetic
PH_0681,+91-9072620983,SYN_P_0681,mobile,synthetic
PH_0682,+91-7112380464,SYN_P_0682,mobile,synthetic
PH_0683,+91-6443614797,SYN_P_0683,mobile,synthetic
PH_0684,+91-6149726408,SYN_P_0684,mobile,synthetic
PH_0685,+91-6313186891,SYN_P_0685,mobile,synthetic
PH_0686,+91-6302418646,SYN_P_0686,mobile,synthetic
PH_0687,+91-8453906177,SYN_P_0687,mobile,synthetic
PH_0688,+91-9124782639,SYN_P_0688,mobile,synthetic
PH_0689,+91-7076303124,SYN_P_0689,mobile,synthetic
PH_0690,+91-9338208207,SYN_P_0690,mobile,synthetic
PH_0691,+91-7915048861,SYN_P_0691,mobile,synthetic
PH_0692,+91-6080594152,SYN_P_0692,mobile,synthetic
PH_0693,+91-9850491393,SYN_P_0693,mobile,synthetic
PH_0694,+91-8137611159,SYN_P_0694,mobile,synthetic
PH_0695,+91-6639324232,SYN_P_0695,mobile,synthetic
PH_0696,+91-8804035234,SYN_P_0696,mobile,synthetic
PH_0697,+91-8750219066,SYN_P_0697,mobile,synthetic
PH_0698,+91-6003726468,SYN_P_0698,mobile,synthetic
PH_0699,+91-6162502787,SYN_P_0699,mobile,synthetic
PH_0700,+91-8854460322,SYN_P_0700,mobile,synthetic
PH_0701,+91-7677115255,SYN_P_0701,mobile,synthetic
PH_0702,+91-7144335983,SYN_P_0702,mobile,synthetic
PH_0703,+91-6651149137,SYN_P_0703,mobile,synthetic
PH_0704,+91-9006714179,SYN_P_0704,mobile,synthetic
PH_0705,+91-7416612771,SYN_P_0705,mobile,synthetic
PH_0706,+91-9885302779,SYN_P_0706,mobile,synthetic
PH_0707,+91-7680751126,SYN_P_0707,mobile,synthetic
PH_0708,+91-8468061102,SYN_P_0708,mobile,synthetic
PH_0709,+91-6015907492,SYN_P_0709,mobile,synthetic
PH_0710,+91-8213553149,SYN_P_0710,mobile,synthetic
PH_0711,+91-9039143129,SYN_P_0711,mobile,synthetic
PH_0712,+91-9311379525,SYN_P_0712,mobile,synthetic
PH_0713,+91-8107452219,SYN_P_0713,mobile,synthetic
PH_0714,+91-8053593200,SYN_P_0714,mobile,synthetic
PH_0715,+91-7872853413,SYN_P_0715,mobile,synthetic
PH_0716,+91-7734792059,SYN_P_0716,mobile,synthetic
PH_0717,+91-9625163511,SYN_P_0717,mobile,synthetic
PH_0718,+91-9125737263,SYN_P_0718,mobile,synthetic
PH_0719,+91-9354099011,SYN_P_0719,mobile,synthetic
PH_0720,+91-9488697358,SYN_P_0720,mobile,synthetic
PH_0721,+91-9373188745,SYN_P_0721,mobile,synthetic
PH_0722,+91-6301075867,SYN_P_0722,mobile,synthetic
PH_0723,+91-8319835182,SYN_P_0723,mobile,synthetic
PH_0724,+91-6970004816,SYN_P_0724,mobile,synthetic
PH_0725,+91-6014204998,SYN_P_0725,mobile,synthetic
PH_0726,+91-7651087940,SYN_P_0726,mobile,synthetic
PH_0727,+91-8960354769,SYN_P_0727,mobile,synthetic
PH_0728,+91-9513182984,SYN_P_0728,mobile,synthetic
PH_0729,+91-9349343855,SYN_P_0729,mobile,synthetic
PH_0730,+91-8070459171,SYN_P_0730,mobile,synthetic
PH_0731,+91-6520565727,SYN_P_0731,mobile,synthetic
PH_0732,+91-8436293936,SYN_P_0732,mobile,synthetic
PH_0733,+91-8299113475,SYN_P_0733,mobile,synthetic
PH_0734,+91-7541542479,SYN_P_0734,mobile,synthetic
PH_0735,+91-7432112664,SYN_P_0735,mobile,synthetic
PH_0736,+91-8928462203,SYN_P_0736,mobile,synthetic
PH_0737,+91-7300636690,SYN_P_0737,mobile,synthetic
PH_0738,+91-7720627470,SYN_P_0738,mobile,synthetic
PH_0739,+91-6237059301,SYN_P_0739,mobile,synthetic
PH_0740,+91-8715589803,SYN_P_0740,mobile,synthetic
PH_0741,+91-8779163450,SYN_P_0741,mobile,synthetic
PH_0742,+91-6389411691,SYN_P_0742,mobile,synthetic
PH_0743,+91-7569189330,SYN_P_0743,mobile,synthetic
PH_0744,+91-8296202444,SYN_P_0744,mobile,synthetic
PH_0745,+91-9665076310,SYN_P_0745,mobile,synthetic
PH_0746,+91-7460558581,SYN_P_0746,mobile,synthetic
PH_0747,+91-6345559261,SYN_P_0747,mobile,synthetic
PH_0748,+91-9612847416,SYN_P_0748,mobile,synthetic
PH_0749,+91-7974135984,SYN_P_0749,mobile,synthetic
PH_0750,+91-9266121111,SYN_P_0750,mobile,synthetic
PH_0751,+91-9292127183,SYN_P_0751,mobile,synthetic
PH_0752,+91-7245363002,SYN_P_0752,mobile,synthetic
PH_0753,+91-8782247929,SYN_P_0753,mobile,synthetic
PH_0754,+91-6872395778,SYN_P_0754,mobile,synthetic
PH_0755,+91-6758569854,SYN_P_0755,mobile,synthetic
PH_0756,+91-8381454037,SYN_P_0756,mobile,synthetic
PH_0757,+91-6168926124,SYN_P_0757,mobile,synthetic
PH_0758,+91-7649970409,SYN_P_0758,mobile,synthetic
PH_0759,+91-8837831301,SYN_P_0759,mobile,synthetic
PH_0760,+91-6820352323,SYN_P_0760,mobile,synthetic
PH_0761,+91-7283638341,SYN_P_0761,mobile,synthetic
PH_0762,+91-8988791630,SYN_P_0762,mobile,synthetic
PH_0763,+91-7675487027,SYN_P_0763,mobile,synthetic
PH_0764,+91-9850269395,SYN_P_0764,mobile,synthetic
PH_0765,+91-6458565144,SYN_P_0765,mobile,synthetic
PH_0766,+91-8708479630,SYN_P_0766,mobile,synthetic
PH_0767,+91-8958556372,SYN_P_0767,mobile,synthetic
PH_0768,+91-7543014759,SYN_P_0768,mobile,synthetic
PH_0769,+91-8089516830,SYN_P_0769,mobile,synthetic
PH_0770,+91-6364481568,SYN_P_0770,mobile,synthetic
PH_0771,+91-9801965834,SYN_P_0771,mobile,synthetic
PH_0772,+91-8717817798,SYN_P_0772,mobile,synthetic
PH_0773,+91-7881125866,SYN_P_0773,mobile,synthetic
PH_0774,+91-9158193327,SYN_P_0774,mobile,synthetic
PH_0775,+91-6813743830,SYN_P_0775,mobile,synthetic
PH_0776,+91-6601050402,SYN_P_0776,mobile,synthetic
PH_0777,+91-6153323006,SYN_P_0777,mobile,synthetic
PH_0778,+91-6829326917,SYN_P_0778,mobile,synthetic
PH_0779,+91-6108940146,SYN_P_0779,mobile,synthetic
PH_0780,+91-9091255606,SYN_P_0780,mobile,synthetic
PH_0781,+91-8546681221,SYN_P_0781,mobile,synthetic
PH_0782,+91-7024285839,SYN_P_0782,mobile,synthetic
PH_0783,+91-8101237808,SYN_P_0783,mobile,synthetic
PH_0784,+91-7669743840,SYN_P_0784,mobile,synthetic
PH_0785,+91-6270551270,SYN_P_0785,mobile,synthetic
PH_0786,+91-9404788802,SYN_P_0786,mobile,synthetic
PH_0787,+91-8321653348,SYN_P_0787,mobile,synthetic
PH_0788,+91-8763414778,SYN_P_0788,mobile,synthetic
PH_0789,+91-7321694065,SYN_P_0789,mobile,synthetic
PH_0790,+91-8146127091,SYN_P_0790,mobile,synthetic
PH_0791,+91-8293255031,SYN_P_0791,mobile,synthetic
PH_0792,+91-9583077705,SYN_P_0792,mobile,synthetic
PH_0793,+91-9486560320,SYN_P_0793,mobile,synthetic
PH_0794,+91-7929760035,SYN_P_0794,mobile,synthetic
PH_0795,+91-6070516000,SYN_P_0795,mobile,synthetic
PH_0796,+91-6159097113,SYN_P_0796,mobile,synthetic
PH_0797,+91-7457218442,SYN_P_0797,mobile,synthetic
PH_0798,+91-6240752042,SYN_P_0798,mobile,synthetic
PH_0799,+91-7450490338,SYN_P_0799,mobile,synthetic
PH_0800,+91-9383483025,SYN_P_0800,mobile,synthetic
PH_0801,+91-9096722936,SYN_P_0801,mobile,synthetic
PH_0802,+91-6183887017,SYN_P_0802,mobile,synthetic
PH_0803,+91-7741642976,SYN_P_0803,mobile,synthetic
PH_0804,+91-6507609787,SYN_P_0804,mobile,synthetic
PH_0805,+91-6909150816,SYN_P_0805,mobile,synthetic
PH_0806,+91-9466484009,SYN_P_0806,mobile,synthetic
PH_0807,+91-8808264092,SYN_P_0807,mobile,synthetic
PH_0808,+91-8866102200,SYN_P_0808,mobile,synthetic
PH_0809,+91-8246781759,SYN_P_0809,mobile,synthetic
PH_0810,+91-7968685708,SYN_P_0810,mobile,synthetic
PH_0811,+91-8912322067,SYN_P_0811,mobile,synthetic
PH_0812,+91-9737480643,SYN_P_0812,mobile,synthetic
PH_0813,+91-9754898316,SYN_P_0813,mobile,synthetic
PH_0814,+91-8304513663,SYN_P_0814,mobile,synthetic
PH_0815,+91-6639750957,SYN_P_0815,mobile,synthetic
PH_0816,+91-9182791942,SYN_P_0816,mobile,synthetic
PH_0817,+91-8488270884,SYN_P_0817,mobile,synthetic
PH_0818,+91-7000665786,SYN_P_0818,mobile,synthetic
PH_0819,+91-9972053670,SYN_P_0819,mobile,synthetic
PH_0820,+91-6309381429,SYN_P_0820,mobile,synthetic
PH_0821,+91-6158388381,SYN_P_0821,mobile,synthetic
PH_0822,+91-9158775469,SYN_P_0822,mobile,synthetic
PH_0823,+91-6608126462,SYN_P_0823,mobile,synthetic
PH_0824,+91-8099786785,SYN_P_0824,mobile,synthetic
PH_0825,+91-8808185031,SYN_P_0825,mobile,synthetic
PH_0826,+91-6081874986,SYN_P_0826,mobile,synthetic
PH_0827,+91-8023872904,SYN_P_0827,mobile,synthetic
PH_0828,+91-9896303609,SYN_P_0828,mobile,synthetic
PH_0829,+91-9942861902,SYN_P_0829,mobile,synthetic
PH_0830,+91-8655887892,SYN_P_0830,mobile,synthetic
PH_0831,+91-6196716790,SYN_P_0831,mobile,synthetic
PH_0832,+91-7042313610,SYN_P_0832,mobile,synthetic
PH_0833,+91-9012046858,SYN_P_0833,mobile,synthetic
PH_0834,+91-8786516452,SYN_P_0834,mobile,synthetic
PH_0835,+91-6560655311,SYN_P_0835,mobile,synthetic
PH_0836,+91-6061698094,SYN_P_0836,mobile,synthetic
PH_0837,+91-6739803849,SYN_P_0837,mobile,synthetic
PH_0838,+91-8717260269,SYN_P_0838,mobile,synthetic
PH_0839,+91-6214567941,SYN_P_0839,mobile,synthetic
PH_0840,+91-9885495214,SYN_P_0840,mobile,synthetic
PH_0841,+91-7320003795,SYN_P_0841,mobile,synthetic
PH_0842,+91-9525048115,SYN_P_0842,mobile,synthetic
PH_0843,+91-9408903107,SYN_P_0843,mobile,synthetic
PH_0844,+91-6417866985,SYN_P_0844,mobile,synthetic
PH_0845,+91-7959297889,SYN_P_0845,mobile,synthetic
PH_0846,+91-8625195227,SYN_P_0846,mobile,synthetic
PH_0847,+91-6733105340,SYN_P_0847,mobile,synthetic
PH_0848,+91-9587810181,SYN_P_0848,mobile,synthetic
PH_0849,+91-8538508163,SYN_P_0849,mobile,synthetic
PH_0850,+91-6274695850,SYN_P_0850,mobile,synthetic
PH_0851,+91-9512425015,SYN_P_0851,mobile,synthetic
PH_0852,+91-9511008639,SYN_P_0852,mobile,synthetic
PH_0853,+91-6456689025,SYN_P_0853,mobile,synthetic
PH_0854,+91-6490398001,SYN_P_0854,mobile,synthetic
PH_0855,+91-8135215050,SYN_P_0855,mobile,synthetic
PH_0856,+91-8555408498,SYN_P_0856,mobile,synthetic
PH_0857,+91-9432431427,SYN_P_0857,mobile,synthetic
PH_0858,+91-8644104389,SYN_P_0858,mobile,synthetic
PH_0859,+91-6947351792,SYN_P_0859,mobile,synthetic
PH_0860,+91-6271055863,SYN_P_0860,mobile,synthetic
PH_0861,+91-9455101626,SYN_P_0861,mobile,synthetic
PH_0862,+91-6870337080,SYN_P_0862,mobile,synthetic
PH_0863,+91-7830564310,SYN_P_0863,mobile,synthetic
PH_0864,+91-7448877631,SYN_P_0864,mobile,synthetic
PH_0865,+91-9485456278,SYN_P_0865,mobile,synthetic
PH_0866,+91-9590145751,SYN_P_0866,mobile,synthetic
PH_0867,+91-9169378355,SYN_P_0867,mobile,synthetic
PH_0868,+91-8913696513,SYN_P_0868,mobile,synthetic
PH_0869,+91-7726613833,SYN_P_0869,mobile,synthetic
PH_0870,+91-7392578489,SYN_P_0870,mobile,synthetic
PH_0871,+91-6518842513,SYN_P_0871,mobile,synthetic
PH_0872,+91-8938137245,SYN_P_0872,mobile,synthetic
PH_0873,+91-8473759462,SYN_P_0873,mobile,synthetic
PH_0874,+91-8344557360,SYN_P_0874,mobile,synthetic
PH_0875,+91-6589825310,SYN_P_0875,mobile,synthetic
PH_0876,+91-7381218039,SYN_P_0876,mobile,synthetic
PH_0877,+91-9592426992,SYN_P_0877,mobile,synthetic
PH_0878,+91-9406345733,SYN_P_0878,mobile,synthetic
PH_0879,+91-6915823748,SYN_P_0879,mobile,synthetic
PH_0880,+91-9282333775,SYN_P_0880,mobile,synthetic
PH_0881,+91-6195792723,SYN_P_0881,mobile,synthetic
PH_0882,+91-8547281761,SYN_P_0882,mobile,synthetic
PH_0883,+91-6744951997,SYN_P_0883,mobile,synthetic
PH_0884,+91-7440977557,SYN_P_0884,mobile,synthetic
PH_0885,+91-6271535964,SYN_P_0885,mobile,synthetic
PH_0886,+91-6518597947,SYN_P_0886,mobile,synthetic
PH_0887,+91-7176363031,SYN_P_0887,mobile,synthetic
PH_0888,+91-6606607450,SYN_P_0888,mobile,synthetic
PH_0889,+91-9253652858,SYN_P_0889,mobile,synthetic
PH_0890,+91-7783074271,SYN_P_0890,mobile,synthetic
PH_0891,+91-6721772903,SYN_P_0891,mobile,synthetic
PH_0892,+91-8990567626,SYN_P_0892,mobile,synthetic
PH_0893,+91-7588825845,SYN_P_0893,mobile,synthetic
PH_0894,+91-8376868109,SYN_P_0894,mobile,synthetic
PH_0895,+91-6708695913,SYN_P_0895,mobile,synthetic
PH_0896,+91-7884035554,SYN_P_0896,mobile,synthetic
PH_0897,+91-7046445603,SYN_P_0897,mobile,synthetic
PH_0898,+91-9975746117,SYN_P_0898,mobile,synthetic
PH_0899,+91-8499610004,SYN_P_0899,mobile,synthetic
PH_0900,+91-6174800445,SYN_P_0900,mobile,synthetic
PH_0901,+91-6572823571,SYN_P_0901,mobile,synthetic
PH_0902,+91-6429358638,SYN_P_0902,mobile,synthetic
PH_0903,+91-9397543728,SYN_P_0903,mobile,synthetic
PH_0904,+91-9639412297,SYN_P_0904,mobile,synthetic
PH_0905,+91-8715255193,SYN_P_0905,mobile,synthetic
PH_0906,+91-8630416242,SYN_P_0906,mobile,synthetic
PH_0907,+91-7615470562,SYN_P_0907,mobile,synthetic
PH_0908,+91-9340031305,SYN_P_0908,mobile,synthetic
PH_0909,+91-6677546830,SYN_P_0909,mobile,synthetic
PH_0910,+91-6067131712,SYN_P_0910,mobile,synthetic
PH_0911,+91-9777968929,SYN_P_0911,mobile,synthetic
PH_0912,+91-8091509391,SYN_P_0912,mobile,synthetic
PH_0913,+91-6346700963,SYN_P_0913,mobile,synthetic
PH_0914,+91-6027271239,SYN_P_0914,mobile,synthetic
PH_0915,+91-6031026838,SYN_P_0915,mobile,synthetic
PH_0916,+91-6770572350,SYN_P_0916,mobile,synthetic
PH_0917,+91-9977727965,SYN_P_0917,mobile,synthetic
PH_0918,+91-6382858698,SYN_P_0918,mobile,synthetic
PH_0919,+91-9035430541,SYN_P_0919,mobile,synthetic
PH_0920,+91-8799269793,SYN_P_0920,mobile,synthetic
PH_0921,+91-8550053175,SYN_P_0921,mobile,synthetic
PH_0922,+91-9809271522,SYN_P_0922,mobile,synthetic
PH_0923,+91-7218617714,SYN_P_0923,mobile,synthetic
PH_0924,+91-7787660912,SYN_P_0924,mobile,synthetic
PH_0925,+91-8978574975,SYN_P_0925,mobile,synthetic
PH_0926,+91-9467807282,SYN_P_0926,mobile,synthetic
PH_0927,+91-9402647938,SYN_P_0927,mobile,synthetic
PH_0928,+91-9318131581,SYN_P_0928,mobile,synthetic
PH_0929,+91-8044457991,SYN_P_0929,mobile,synthetic
PH_0930,+91-8973656415,SYN_P_0930,mobile,synthetic
PH_0931,+91-6544998804,SYN_P_0931,mobile,synthetic
PH_0932,+91-6885451419,SYN_P_0932,mobile,synthetic
PH_0933,+91-6614557693,SYN_P_0933,mobile,synthetic
PH_0934,+91-8748030488,SYN_P_0934,mobile,synthetic
PH_0935,+91-7163720296,SYN_P_0935,mobile,synthetic
PH_0936,+91-8246640975,SYN_P_0936,mobile,synthetic
PH_0937,+91-7934535440,SYN_P_0937,mobile,synthetic
PH_0938,+91-7769661076,SYN_P_0938,mobile,synthetic
PH_0939,+91-7027587052,SYN_P_0939,mobile,synthetic
PH_0940,+91-6749681967,SYN_P_0940,mobile,synthetic
PH_0941,+91-8622240691,SYN_P_0941,mobile,synthetic
PH_0942,+91-8970715367,SYN_P_0942,mobile,synthetic
PH_0943,+91-6161581876,SYN_P_0943,mobile,synthetic
PH_0944,+91-8560968626,SYN_P_0944,mobile,synthetic
PH_0945,+91-6773096126,SYN_P_0945,mobile,synthetic
PH_0946,+91-9080345195,SYN_P_0946,mobile,synthetic
PH_0947,+91-8147001030,SYN_P_0947,mobile,synthetic
PH_0948,+91-8628733950,SYN_P_0948,mobile,synthetic
PH_0949,+91-6378048132,SYN_P_0949,mobile,synthetic
PH_0950,+91-8693767622,SYN_P_0950,mobile,synthetic
PH_0951,+91-9549720007,SYN_P_0951,mobile,synthetic
PH_0952,+91-9361168522,SYN_P_0952,mobile,synthetic
PH_0953,+91-7293643136,SYN_P_0953,mobile,synthetic
PH_0954,+91-7494019687,SYN_P_0954,mobile,synthetic
PH_0955,+91-7798671637,SYN_P_0955,mobile,synthetic
PH_0956,+91-6019628190,SYN_P_0956,mobile,synthetic
PH_0957,+91-8395347941,SYN_P_0957,mobile,synthetic
PH_0958,+91-7012061834,SYN_P_0958,mobile,synthetic
PH_0959,+91-6824216542,SYN_P_0959,mobile,synthetic
PH_0960,+91-6504692228,SYN_P_0960,mobile,synthetic
PH_0961,+91-8277187437,SYN_P_0961,mobile,synthetic
PH_0962,+91-6410959012,SYN_P_0962,mobile,synthetic
PH_0963,+91-8658245206,SYN_P_0963,mobile,synthetic
PH_0964,+91-7554354263,SYN_P_0964,mobile,synthetic
PH_0965,+91-9705401678,SYN_P_0965,mobile,synthetic
PH_0966,+91-9269020873,SYN_P_0966,mobile,synthetic
PH_0967,+91-8318091886,SYN_P_0967,mobile,synthetic
PH_0968,+91-8179870948,SYN_P_0968,mobile,synthetic
PH_0969,+91-6941783821,SYN_P_0969,mobile,synthetic
PH_0970,+91-7993792569,SYN_P_0970,mobile,synthetic
PH_0971,+91-9308547649,SYN_P_0971,mobile,synthetic
PH_0972,+91-8690643430,SYN_P_0972,mobile,synthetic
PH_0973,+91-8831788593,SYN_P_0973,mobile,synthetic
PH_0974,+91-6893820081,SYN_P_0974,mobile,synthetic
PH_0975,+91-7187243159,SYN_P_0975,mobile,synthetic
PH_0976,+91-6227929714,SYN_P_0976,mobile,synthetic
PH_0977,+91-6832016743,SYN_P_0977,mobile,synthetic
PH_0978,+91-6483953122,SYN_P_0978,mobile,synthetic
PH_0979,+91-9421426659,SYN_P_0979,mobile,synthetic
PH_0980,+91-6640883910,SYN_P_0980,mobile,synthetic
PH_0981,+91-8943099512,SYN_P_0981,mobile,synthetic
PH_0982,+91-9624014778,SYN_P_0982,mobile,synthetic
PH_0983,+91-9914795562,SYN_P_0983,mobile,synthetic
PH_0984,+91-8037587624,SYN_P_0984,mobile,synthetic
PH_0985,+91-8136809970,SYN_P_0985,mobile,synthetic
PH_0986,+91-6757305041,SYN_P_0986,mobile,synthetic
PH_0987,+91-6686162224,SYN_P_0987,mobile,synthetic
PH_0988,+91-8878240673,SYN_P_0988,mobile,synthetic
PH_0989,+91-9962850544,SYN_P_0989,mobile,synthetic
PH_0990,+91-6185180108,SYN_P_0990,mobile,synthetic
PH_0991,+91-6232046822,SYN_P_0991,mobile,synthetic
PH_0992,+91-8769656194,SYN_P_0992,mobile,synthetic
PH_0993,+91-7564197331,SYN_P_0993,mobile,synthetic
PH_0994,+91-7224342797,SYN_P_0994,mobile,synthetic
PH_0995,+91-6900181147,SYN_P_0995,mobile,synthetic
PH_0996,+91-7866900511,SYN_P_0996,mobile,synthetic
PH_0997,+91-7079676542,SYN_P_0997,mobile,synthetic
PH_0998,+91-7435784491,SYN_P_0998,mobile,synthetic
PH_0999,+91-8649218939,SYN_P_0999,mobile,synthetic
PH_1000,+91-9458108703,SYN_P_1000,mobile,synthetic
PH_1001,+91-9822862749,SYN_P_1001,mobile,synthetic
PH_1002,+91-9257337656,SYN_P_1002,mobile,synthetic
PH_1003,+91-7946254259,SYN_P_1003,mobile,synthetic
PH_1004,+91-6186047172,SYN_P_1004,mobile,synthetic
PH_1005,+91-6448485198,SYN_P_1005,mobile,synthetic
PH_1006,+91-9180066307,SYN_P_1006,mobile,synthetic
PH_1007,+91-6225299266,SYN_P_1007,mobile,synthetic
PH_1008,+91-9972249241,SYN_P_1008,mobile,synthetic
PH_1009,+91-8307946396,SYN_P_1009,mobile,synthetic
PH_1010,+91-6755431522,SYN_P_1010,mobile,synthetic
PH_1011,+91-6678800733,SYN_P_1011,mobile,synthetic
PH_1012,+91-9373662535,SYN_P_1012,mobile,synthetic
PH_1013,+91-6124834191,SYN_P_1013,mobile,synthetic
PH_1014,+91-8083322831,SYN_P_1014,mobile,synthetic
PH_1015,+91-8211494631,SYN_P_1015,mobile,synthetic
PH_1016,+91-6498495745,SYN_P_1016,mobile,synthetic
PH_1017,+91-6304339206,SYN_P_1017,mobile,synthetic
PH_1018,+91-9844335785,SYN_P_1018,mobile,synthetic
PH_1019,+91-7010605064,SYN_P_1019,mobile,synthetic
PH_1020,+91-9098402644,SYN_P_1020,mobile,synthetic
PH_1021,+91-7910491180,SYN_P_1021,mobile,synthetic
PH_1022,+91-8545655743,SYN_P_1022,mobile,synthetic
PH_1023,+91-8490057858,SYN_P_1023,mobile,synthetic
PH_1024,+91-7400040429,SYN_P_1024,mobile,synthetic
PH_1025,+91-7799875937,SYN_P_1025,mobile,synthetic
PH_1026,+91-6853630743,SYN_P_1026,mobile,synthetic
PH_1027,+91-9208713163,SYN_P_1027,mobile,synthetic
PH_1028,+91-8907059529,SYN_P_1028,mobile,synthetic
PH_1029,+91-9858481600,SYN_P_1029,mobile,synthetic
PH_1030,+91-7398806247,SYN_P_1030,mobile,synthetic
PH_1031,+91-6988114061,SYN_P_1031,mobile,synthetic
PH_1032,+91-9345673352,SYN_P_1032,mobile,synthetic
PH_1033,+91-6473017075,SYN_P_1033,mobile,synthetic
PH_1034,+91-7400727238,SYN_P_1034,mobile,synthetic
PH_1035,+91-6978316519,SYN_P_1035,mobile,synthetic
PH_1036,+91-6421182269,SYN_P_1036,mobile,synthetic
PH_1037,+91-7018415610,SYN_P_1037,mobile,synthetic
PH_1038,+91-9168602952,SYN_P_1038,mobile,synthetic
PH_1039,+91-7772083970,SYN_P_1039,mobile,synthetic
PH_1040,+91-9736133245,SYN_P_1040,mobile,synthetic
