source_person_id,person_id,name,identity_status
SUBJ_0001,SYN_P_0001,Nisha Jain,fictional_demo_identity
SUBJ_0002,SYN_P_0002,Vivaan Ahuja,fictional_demo_identity
SUBJ_0003,SYN_P_0003,Akash Tiwari,fictional_demo_identity
SUBJ_0004,SYN_P_0004,Amit Malhotra,fictional_demo_identity
SUBJ_0005,SYN_P_0005,Muskan Agarwal,fictional_demo_identity
SUBJ_0006,SYN_P_0006,Tanvi Ahuja,fictional_demo_identity
SUBJ_0007,SYN_P_0007,Pooja Mehta,fictional_demo_identity
SUBJ_0008,SYN_P_0008,Riya Shukla,fictional_demo_identity
SUBJ_0009,SYN_P_0009,Aditya Verma,fictional_demo_identity
SUBJ_0010,SYN_P_0010,Rahul Srivastava,fictional_demo_identity
SUBJ_0011,SYN_P_0011,Amit Nair,fictional_demo_identity
SUBJ_0012,SYN_P_0012,Isha Verma,fictional_demo_identity
SUBJ_0013,SYN_P_0013,Kavya Saxena,fictional_demo_identity
SUBJ_0014,SYN_P_0014,Swati Ghosh,fictional_demo_identity
SUBJ_0015,SYN_P_0015,Divya Iyer,fictional_demo_identity
SUBJ_0016,SYN_P_0016,Anurag Mishra,fictional_demo_identity
SUBJ_0017,SYN_P_0017,Sameer Naidu,fictional_demo_identity
SUBJ_0018,SYN_P_0018,Akash Sharma,fictional_demo_identity
SUBJ_0019,SYN_P_0019,Pallavi Bansal,fictional_demo_identity
SUBJ_0020,SYN_P_0020,Divya Shukla,fictional_demo_identity
SUBJ_0021,SYN_P_0021,Harsh Yadav,fictional_demo_identity
SUBJ_0022,SYN_P_0022,Manish Srivastava,fictional_demo_identity
SUBJ_0023,SYN_P_0023,Pallavi Bhatia,fictional_demo_identity
SUBJ_0024,SYN_P_0024,Ankit Mehta,fictional_demo_identity
SUBJ_0025,SYN_P_0025,Shubham Agarwal,fictional_demo_identity
SUBJ_0026,SYN_P_0026,Abhishek Sethi,fictional_demo_identity
SUBJ_0027,SYN_P_0027,Isha Tripathi,fictional_demo_identity
SUBJ_0028,SYN_P_0028,Aditya Kohli,fictional_demo_identity
SUBJ_0029,SYN_P_0029,Naveen Iyer,fictional_demo_identity
SUBJ_0030,SYN_P_0030,Karan Khanna,fictional_demo_identity
SUBJ_0031,SYN_P_0031,Rahul Reddy,fictional_demo_identity
SUBJ_0032,SYN_P_0032,Deepak Banerjee,fictional_demo_identity
SUBJ_0033,SYN_P_0033,Simran Arora,fictional_demo_identity
SUBJ_0034,SYN_P_0034,Sneha Saxena,fictional_demo_identity
SUBJ_0035,SYN_P_0035,Swati Gupta,fictional_demo_identity
SUBJ_0036,SYN_P_0036,Aditya Dutta,fictional_demo_identity
SUBJ_0037,SYN_P_0037,Amit Gill,fictional_demo_identity
SUBJ_0038,SYN_P_0038,Deepak Mehta,fictional_demo_identity
SUBJ_0039,SYN_P_0039,Amit Agarwal,fictional_demo_identity
SUBJ_0040,SYN_P_0040,Shubham Yadav,fictional_demo_identity
SUBJ_0041,SYN_P_0041,Naveen Banerjee,fictional_demo_identity
SUBJ_0042,SYN_P_0042,Rishabh Bansal,fictional_demo_identity
SUBJ_0043,SYN_P_0043,Rishabh Sethi,fictional_demo_identity
SUBJ_0044,SYN_P_0044,Varun Dutta,fictional_demo_identity
SUBJ_0045,SYN_P_0045,Akash Bose,fictional_demo_identity
SUBJ_0046,SYN_P_0046,Tanvi Ghosh,fictional_demo_identity
SUBJ_0047,SYN_P_0047,Rohan Das,fictional_demo_identity
SUBJ_0048,SYN_P_0048,Nisha Bansal,fictional_demo_identity
SUBJ_0049,SYN_P_0049,Pooja Kohli,fictional_demo_identity
SUBJ_0050,SYN_P_0050,Raj Bansal,fictional_demo_identity
SUBJ_0051,SYN_P_0051,Naveen Khanna,fictional_demo_identity
SUBJ_0052,SYN_P_0052,Akash Banerjee,fictional_demo_identity
SUBJ_0053,SYN_P_0053,Divya Reddy,fictional_demo_identity
SUBJ_0054,SYN_P_0054,Amit Chatterjee,fictional_demo_identity
SUBJ_0055,SYN_P_0055,Yash Gill,fictional_demo_identity
SUBJ_0056,SYN_P_0056,Komal Kumar,fictional_demo_identity
SUBJ_0057,SYN_P_0057,Amit Singh,fictional_demo_identity
SUBJ_0058,SYN_P_0058,Yash Sinha,fictional_demo_identity
SUBJ_0059,SYN_P_0059,Akash Gupta,fictional_demo_identity
SUBJ_0060,SYN_P_0060,Varun Rao,fictional_demo_identity
SUBJ_0061,SYN_P_0061,Swati Joshi,fictional_demo_identity
SUBJ_0062,SYN_P_0062,Varun Ghosh,fictional_demo_identity
SUBJ_0063,SYN_P_0063,Ananya Sinha,fictional_demo_identity
SUBJ_0064,SYN_P_0064,Shreya Jadhav,fictional_demo_identity
SUBJ_0065,SYN_P_0065,Manish Tripathi,fictional_demo_identity
SUBJ_0066,SYN_P_0066,Vikram Tiwari,fictional_demo_identity
SUBJ_0067,SYN_P_0067,Muskan Reddy,fictional_demo_identity
SUBJ_0068,SYN_P_0068,Pooja Tripathi,fictional_demo_identity
SUBJ_0069,SYN_P_0069,Muskan Naidu,fictional_demo_identity
SUBJ_0070,SYN_P_0070,Gaurav Naidu,fictional_demo_identity
SUBJ_0071,SYN_P_0071,Ayush Arora,fictional_demo_identity
SUBJ_0072,SYN_P_0072,Aditi Deshmukh,fictional_demo_identity
SUBJ_0073,SYN_P_0073,Rahul Wadhwa,fictional_demo_identity
SUBJ_0074,SYN_P_0074,Arjun Jain,fictional_demo_identity
SUBJ_0075,SYN_P_0075,Manish Banerjee,fictional_demo_identity
SUBJ_0076,SYN_P_0076,Nikhil Chatterjee,fictional_demo_identity
SUBJ_0077,SYN_P_0077,Gaurav Das,fictional_demo_identity
SUBJ_0078,SYN_P_0078,Rohan Khanna,fictional_demo_identity
SUBJ_0079,SYN_P_0079,Shubham Das,fictional_demo_identity
SUBJ_0080,SYN_P_0080,Naveen Menon,fictional_demo_identity
SUBJ_0081,SYN_P_0081,Rajat Reddy,fictional_demo_identity
SUBJ_0082,SYN_P_0082,Aarav Chatterjee,fictional_demo_identity
SUBJ_0083,SYN_P_0083,Sakshi Jain,fictional_demo_identity
SUBJ_0084,SYN_P_0084,Tanvi Iyer,fictional_demo_identity
SUBJ_0085,SYN_P_0085,Pallavi Yadav,fictional_demo_identity
SUBJ_0086,SYN_P_0086,Komal Ghosh,fictional_demo_identity
SUBJ_0087,SYN_P_0087,Harsh Jain,fictional_demo_identity
SUBJ_0088,SYN_P_0088,Deepak Shukla,fictional_demo_identity
SUBJ_0089,SYN_P_0089,Nikhil Jadhav,fictional_demo_identity
SUBJ_0090,SYN_P_0090,Aarav Kohli,fictional_demo_identity
SUBJ_0091,SYN_P_0091,Sakshi Tripathi,fictional_demo_identity
SUBJ_0092,SYN_P_0092,Aditi Wadhwa,fictional_demo_identity
SUBJ_0093,SYN_P_0093,Saurabh Nair,fictional_demo_identity
SUBJ_0094,SYN_P_0094,Ankit Banerjee,fictional_demo_identity
SUBJ_0095,SYN_P_0095,Pranav Banerjee,fictional_demo_identity
SUBJ_0096,SYN_P_0096,Aditi Das,fictional_demo_identity
SUBJ_0097,SYN_P_0097,Mohit Kapoor,fictional_demo_identity
SUBJ_0098,SYN_P_0098,Rishabh Wadhwa,fictional_demo_identity
SUBJ_0099,SYN_P_0099,Nikhil Iyer,fictional_demo_identity
SUBJ_0100,SYN_P_0100,Komal Menon,fictional_demo_identity
SUBJ_0101,SYN_P_0101,Aarav Das,fictional_demo_identity
SUBJ_0102,SYN_P_0102,Yash Deshmukh,fictional_demo_identity
SUBJ_0103,SYN_P_0103,Vivaan Jain,fictional_demo_identity
SUBJ_0104,SYN_P_0104,Rishabh Rana,fictional_demo_identity
SUBJ_0105,SYN_P_0105,Raj Kumar,fictional_demo_identity
SUBJ_0106,SYN_P_0106,Raj Rao,fictional_demo_identity
SUBJ_0107,SYN_P_0107,Rahul Mehta,fictional_demo_identity
SUBJ_0108,SYN_P_0108,Sakshi Deshmukh,fictional_demo_identity
SUBJ_0109,SYN_P_0109,Rohan Wadhwa,fictional_demo_identity
SUBJ_0110,SYN_P_0110,Pooja Gill,fictional_demo_identity
SUBJ_0111,SYN_P_0111,Vikram Malhotra,fictional_demo_identity
SUBJ_0112,SYN_P_0112,Meera Patil,fictional_demo_identity
SUBJ_0113,SYN_P_0113,Kavya Bansal,fictional_demo_identity
SUBJ_0114,SYN_P_0114,Rajat Menon,fictional_demo_identity
SUBJ_0115,SYN_P_0115,Isha Shukla,fictional_demo_identity
SUBJ_0116,SYN_P_0116,Varun Iyer,fictional_demo_identity
SUBJ_0117,SYN_P_0117,Pallavi Kohli,fictional_demo_identity
SUBJ_0118,SYN_P_0118,Divya Saxena,fictional_demo_identity
SUBJ_0119,SYN_P_0119,Swati Rana,fictional_demo_identity
SUBJ_0120,SYN_P_0120,Ayush Dutta,fictional_demo_identity
SUBJ_0121,SYN_P_0121,Shreya Arora,fictional_demo_identity
SUBJ_0122,SYN_P_0122,Sameer Menon,fictional_demo_identity
SUBJ_0123,SYN_P_0123,Sameer Jain,fictional_demo_identity
SUBJ_0124,SYN_P_0124,Raj Mishra,fictional_demo_identity
SUBJ_0125,SYN_P_0125,Rohan Bhatia,fictional_demo_identity
SUBJ_0126,SYN_P_0126,Vivaan Naidu,fictional_demo_identity
SUBJ_0127,SYN_P_0127,Kavya Mishra,fictional_demo_identity
SUBJ_0128,SYN_P_0128,Riya Mishra,fictional_demo_identity
SUBJ_0129,SYN_P_0129,Aarav Gupta,fictional_demo_identity
SUBJ_0130,SYN_P_0130,Swati Banerjee,fictional_demo_identity
SUBJ_0131,SYN_P_0131,Arjun Mishra,fictional_demo_identity
SUBJ_0132,SYN_P_0132,Rohan Singh,fictional_demo_identity
SUBJ_0133,SYN_P_0133,Harsh Gupta,fictional_demo_identity
SUBJ_0134,SYN_P_0134,Aditi Tiwari,fictional_demo_identity
SUBJ_0135,SYN_P_0135,Akash Dutta,fictional_demo_identity
SUBJ_0136,SYN_P_0136,Ananya Srivastava,fictional_demo_identity
SUBJ_0137,SYN_P_0137,Pooja Malhotra,fictional_demo_identity
SUBJ_0138,SYN_P_0138,Sakshi Rao,fictional_demo_identity
SUBJ_0139,SYN_P_0139,Sneha Patil,fictional_demo_identity
SUBJ_0140,SYN_P_0140,Raj Patil,fictional_demo_identity
SUBJ_0141,SYN_P_0141,Anurag Saxena,fictional_demo_identity
SUBJ_0142,SYN_P_0142,Ankit Agarwal,fictional_demo_identity
SUBJ_0143,SYN_P_0143,Meera Shukla,fictional_demo_identity
SUBJ_0144,SYN_P_0144,Abhishek Shukla,fictional_demo_identity
SUBJ_0145,SYN_P_0145,Anurag Jadhav,fictional_demo_identity
SUBJ_0146,SYN_P_0146,Sakshi Kumar,fictional_demo_identity
SUBJ_0147,SYN_P_0147,Shreya Agarwal,fictional_demo_identity
SUBJ_0148,SYN_P_0148,Arjun Sinha,fictional_demo_identity
SUBJ_0149,SYN_P_0149,Sakshi Bhatia,fictional_demo_identity
SUBJ_0150,SYN_P_0150,Ankit Tiwari,fictional_demo_identity
SUBJ_0151,SYN_P_0151,Mohit Saxena,fictional_demo_identity
SUBJ_0152,SYN_P_0152,Pooja Dubey,fictional_demo_identity
SUBJ_0153,SYN_P_0153,Vikram Shukla,fictional_demo_identity
SUBJ_0154,SYN_P_0154,Saurabh Yadav,fictional_demo_identity
SUBJ_0155,SYN_P_0155,Naveen Tiwari,fictional_demo_identity
SUBJ_0156,SYN_P_0156,Rohan Dubey,fictional_demo_identity
SUBJ_0157,SYN_P_0157,Kavya Agarwal,fictional_demo_identity
SUBJ_0158,SYN_P_0158,Arjun Ghosh,fictional_demo_identity
SUBJ_0159,SYN_P_0159,Pooja Sharma,fictional_demo_identity
SUBJ_0160,SYN_P_0160,Anurag Deshmukh,fictional_demo_identity
SUBJ_0161,SYN_P_0161,Priya Srivastava,fictional_demo_identity
SUBJ_0162,SYN_P_0162,Ayush Kumar,fictional_demo_identity
SUBJ_0163,SYN_P_0163,Nikhil Khanna,fictional_demo_identity
SUBJ_0164,SYN_P_0164,Aarav Khanna,fictional_demo_identity
SUBJ_0165,SYN_P_0165,Rajat Jadhav,fictional_demo_identity
SUBJ_0166,SYN_P_0166,Divya Kohli,fictional_demo_identity
SUBJ_0167,SYN_P_0167,Kavya Dutta,fictional_demo_identity
SUBJ_0168,SYN_P_0168,Swati Deshmukh,fictional_demo_identity
SUBJ_0169,SYN_P_0169,Manish Saxena,fictional_demo_identity
SUBJ_0170,SYN_P_0170,Deepak Srivastava,fictional_demo_identity
SUBJ_0171,SYN_P_0171,Arjun Naidu,fictional_demo_identity
SUBJ_0172,SYN_P_0172,Muskan Iyer,fictional_demo_identity
SUBJ_0173,SYN_P_0173,Arjun Ahuja,fictional_demo_identity
SUBJ_0174,SYN_P_0174,Yash Kumar,fictional_demo_identity
SUBJ_0175,SYN_P_0175,Priya Nair,fictional_demo_identity
SUBJ_0176,SYN_P_0176,Neha Bansal,fictional_demo_identity
SUBJ_0177,SYN_P_0177,Arjun Nair,fictional_demo_identity
SUBJ_0178,SYN_P_0178,Rahul Chopra,fictional_demo_identity
SUBJ_0179,SYN_P_0179,Rohan Chatterjee,fictional_demo_identity
SUBJ_0180,SYN_P_0180,Raj Sinha,fictional_demo_identity
SUBJ_0181,SYN_P_0181,Karan Rao,fictional_demo_identity
SUBJ_0182,SYN_P_0182,Raj Naidu,fictional_demo_identity
SUBJ_0183,SYN_P_0183,Isha Singh,fictional_demo_identity
SUBJ_0184,SYN_P_0184,Simran Mehta,fictional_demo_identity
SUBJ_0185,SYN_P_0185,Anurag Dutta,fictional_demo_identity
SUBJ_0186,SYN_P_0186,Riya Rao,fictional_demo_identity
SUBJ_0187,SYN_P_0187,Neha Joshi,fictional_demo_identity
SUBJ_0188,SYN_P_0188,Rajat Srivastava,fictional_demo_identity
SUBJ_0189,SYN_P_0189,Meera Sarkar,fictional_demo_identity
SUBJ_0190,SYN_P_0190,Yash Tiwari,fictional_demo_identity
SUBJ_0191,SYN_P_0191,Rajat Sinha,fictional_demo_identity
SUBJ_0192,SYN_P_0192,Vikram Dutta,fictional_demo_identity
SUBJ_0193,SYN_P_0193,Shreya Rana,fictional_demo_identity
SUBJ_0194,SYN_P_0194,Naveen Joshi,fictional_demo_identity
SUBJ_0195,SYN_P_0195,Pallavi Gupta,fictional_demo_identity
SUBJ_0196,SYN_P_0196,Aarav Jadhav,fictional_demo_identity
SUBJ_0197,SYN_P_0197,Simran Rao,fictional_demo_identity
SUBJ_0198,SYN_P_0198,Ankit Gupta,fictional_demo_identity
SUBJ_0199,SYN_P_0199,Pooja Srivastava,fictional_demo_identity
SUBJ_0200,SYN_P_0200,Aditi Tripathi,fictional_demo_identity
SUBJ_0201,SYN_P_0201,Vikram Sethi,fictional_demo_identity
SUBJ_0202,SYN_P_0202,Rohan Tiwari,fictional_demo_identity
SUBJ_0203,SYN_P_0203,Rishabh Chauhan,fictional_demo_identity
SUBJ_0204,SYN_P_0204,Nikhil Dubey,fictional_demo_identity
SUBJ_0205,SYN_P_0205,Pooja Sarkar,fictional_demo_identity
SUBJ_0206,SYN_P_0206,Pranav Mukherjee,fictional_demo_identity
SUBJ_0207,SYN_P_0207,Shreya Menon,fictional_demo_identity
SUBJ_0208,SYN_P_0208,Aarav Dutta,fictional_demo_identity
SUBJ_0209,SYN_P_0209,Kavya Rana,fictional_demo_identity
SUBJ_0210,SYN_P_0210,Meera Agarwal,fictional_demo_identity
SUBJ_0211,SYN_P_0211,Vikram Tripathi,fictional_demo_identity
SUBJ_0212,SYN_P_0212,Karan Agarwal,fictional_demo_identity
SUBJ_0213,SYN_P_0213,Manish Yadav,fictional_demo_identity
SUBJ_0214,SYN_P_0214,Deepak Das,fictional_demo_identity
SUBJ_0215,SYN_P_0215,Varun Sarkar,fictional_demo_identity
SUBJ_0216,SYN_P_0216,Harsh Srivastava,fictional_demo_identity
SUBJ_0217,SYN_P_0217,Tanvi Banerjee,fictional_demo_identity
SUBJ_0218,SYN_P_0218,Rajat Nair,fictional_demo_identity
SUBJ_0219,SYN_P_0219,Ananya Tripathi,fictional_demo_identity
SUBJ_0220,SYN_P_0220,Arjun Mehta,fictional_demo_identity
SUBJ_0221,SYN_P_0221,Nisha Shukla,fictional_demo_identity
SUBJ_0222,SYN_P_0222,Akash Singh,fictional_demo_identity
SUBJ_0223,SYN_P_0223,Aarav Bhatia,fictional_demo_identity
SUBJ_0224,SYN_P_0224,Komal Malhotra,fictional_demo_identity
SUBJ_0225,SYN_P_0225,Nisha Tripathi,fictional_demo_identity
SUBJ_0226,SYN_P_0226,Nikhil Ahuja,fictional_demo_identity
SUBJ_0227,SYN_P_0227,Sameer Reddy,fictional_demo_identity
SUBJ_0228,SYN_P_0228,Swati Shukla,fictional_demo_identity
SUBJ_0229,SYN_P_0229,Kavya Sharma,fictional_demo_identity
SUBJ_0230,SYN_P_0230,Karan Gupta,fictional_demo_identity
SUBJ_0231,SYN_P_0231,Divya Kapoor,fictional_demo_identity
SUBJ_0232,SYN_P_0232,Pooja Singh,fictional_demo_identity
SUBJ_0233,SYN_P_0233,Rishabh Naidu,fictional_demo_identity
SUBJ_0234,SYN_P_0234,Kavya Kapoor,fictional_demo_identity
SUBJ_0235,SYN_P_0235,Gaurav Malhotra,fictional_demo_identity
SUBJ_0236,SYN_P_0236,Aditya Rana,fictional_demo_identity
SUBJ_0237,SYN_P_0237,Rishabh Singh,fictional_demo_identity
SUBJ_0238,SYN_P_0238,Abhishek Srivastava,fictional_demo_identity
SUBJ_0239,SYN_P_0239,Tanvi Tiwari,fictional_demo_identity
SUBJ_0240,SYN_P_0240,Abhishek Gill,fictional_demo_identity
SUBJ_0241,SYN_P_0241,Kavya Pandey,fictional_demo_identity
SUBJ_0242,SYN_P_0242,Simran Ahuja,fictional_demo_identity
SUBJ_0243,SYN_P_0243,Manish Tiwari,fictional_demo_identity
SUBJ_0244,SYN_P_0244,Nikhil Chopra,fictional_demo_identity
SUBJ_0245,SYN_P_0245,Anurag Verma,fictional_demo_identity
SUBJ_0246,SYN_P_0246,Saurabh Ahuja,fictional_demo_identity
SUBJ_0247,SYN_P_0247,Harsh Pandey,fictional_demo_identity
SUBJ_0248,SYN_P_0248,Meera Ahuja,fictional_demo_identity
SUBJ_0249,SYN_P_0249,Raj Yadav,fictional_demo_identity
SUBJ_0250,SYN_P_0250,Nikhil Bose,fictional_demo_identity
SUBJ_0251,SYN_P_0251,Ankit Khanna,fictional_demo_identity
SUBJ_0252,SYN_P_0252,Aditya Patil,fictional_demo_identity
SUBJ_0253,SYN_P_0253,Amit Saxena,fictional_demo_identity
SUBJ_0254,SYN_P_0254,Naveen Sethi,fictional_demo_identity
SUBJ_0255,SYN_P_0255,Pranav Mishra,fictional_demo_identity
SUBJ_0256,SYN_P_0256,Amit Verma,fictional_demo_identity
SUBJ_0257,SYN_P_0257,Meera Saxena,fictional_demo_identity
SUBJ_0258,SYN_P_0258,Ayush Bhatia,fictional_demo_identity
SUBJ_0259,SYN_P_0259,Komal Yadav,fictional_demo_identity
SUBJ_0260,SYN_P_0260,Abhishek Ghosh,fictional_demo_identity
SUBJ_0261,SYN_P_0261,Aditi Sinha,fictional_demo_identity
SUBJ_0262,SYN_P_0262,Harsh Verma,fictional_demo_identity
SUBJ_0263,SYN_P_0263,Karan Tripathi,fictional_demo_identity
SUBJ_0264,SYN_P_0264,Saurabh Naidu,fictional_demo_identity
SUBJ_0265,SYN_P_0265,Rajat Singh,fictional_demo_identity
SUBJ_0266,SYN_P_0266,Ankit Das,fictional_demo_identity
SUBJ_0267,SYN_P_0267,Gaurav Sethi,fictional_demo_identity
SUBJ_0268,SYN_P_0268,Sakshi Joshi,fictional_demo_identity
SUBJ_0269,SYN_P_0269,Aditi Jain,fictional_demo_identity
SUBJ_0270,SYN_P_0270,Shubham Rao,fictional_demo_identity
SUBJ_0271,SYN_P_0271,Mohit Tripathi,fictional_demo_identity
SUBJ_0272,SYN_P_0272,Aditya Sarkar,fictional_demo_identity
SUBJ_0273,SYN_P_0273,Gaurav Sharma,fictional_demo_identity
SUBJ_0274,SYN_P_0274,Neha Iyer,fictional_demo_identity
SUBJ_0275,SYN_P_0275,Tanvi Kohli,fictional_demo_identity
SUBJ_0276,SYN_P_0276,Muskan Ahuja,fictional_demo_identity
SUBJ_0277,SYN_P_0277,Rishabh Shukla,fictional_demo_identity
SUBJ_0278,SYN_P_0278,Rohan Dutta,fictional_demo_identity
SUBJ_0279,SYN_P_0279,Harsh Mukherjee,fictional_demo_identity
SUBJ_0280,SYN_P_0280,Yash Dutta,fictional_demo_identity
SUBJ_0281,SYN_P_0281,Karan Kohli,fictional_demo_identity
SUBJ_0282,SYN_P_0282,Pranav Nair,fictional_demo_identity
SUBJ_0283,SYN_P_0283,Pranav Dutta,fictional_demo_identity
SUBJ_0284,SYN_P_0284,Anurag Joshi,fictional_demo_identity
SUBJ_0285,SYN_P_0285,Ayush Bose,fictional_demo_identity
SUBJ_0286,SYN_P_0286,Deepak Reddy,fictional_demo_identity
SUBJ_0287,SYN_P_0287,Vikram Saxena,fictional_demo_identity
SUBJ_0288,SYN_P_0288,Shubham Chatterjee,fictional_demo_identity
SUBJ_0289,SYN_P_0289,Muskan Chopra,fictional_demo_identity
SUBJ_0290,SYN_P_0290,Pranav Sinha,fictional_demo_identity
SUBJ_0291,SYN_P_0291,Pranav Chauhan,fictional_demo_identity
SUBJ_0292,SYN_P_0292,Varun Shukla,fictional_demo_identity
SUBJ_0293,SYN_P_0293,Riya Das,fictional_demo_identity
SUBJ_0294,SYN_P_0294,Shreya Joshi,fictional_demo_identity
SUBJ_0295,SYN_P_0295,Naveen Dubey,fictional_demo_identity
SUBJ_0296,SYN_P_0296,Sameer Chatterjee,fictional_demo_identity
SUBJ_0297,SYN_P_0297,Varun Nair,fictional_demo_identity
SUBJ_0298,SYN_P_0298,Priya Ahuja,fictional_demo_identity
SUBJ_0299,SYN_P_0299,Nikhil Dutta,fictional_demo_identity
SUBJ_0300,SYN_P_0300,Rahul Chauhan,fictional_demo_identity
SUBJ_0301,SYN_P_0301,Aditi Dutta,fictional_demo_identity
SUBJ_0302,SYN_P_0302,Nisha Mukherjee,fictional_demo_identity
SUBJ_0303,SYN_P_0303,Harsh Mehta,fictional_demo_identity
SUBJ_0304,SYN_P_0304,Pallavi Tiwari,fictional_demo_identity
SUBJ_0305,SYN_P_0305,Tanvi Rana,fictional_demo_identity
SUBJ_0306,SYN_P_0306,Manish Verma,fictional_demo_identity
SUBJ_0307,SYN_P_0307,Aditya Tiwari,fictional_demo_identity
SUBJ_0308,SYN_P_0308,Priya Mukherjee,fictional_demo_identity
SUBJ_0309,SYN_P_0309,Komal Gupta,fictional_demo_identity
SUBJ_0310,SYN_P_0310,Naveen Pandey,fictional_demo_identity
SUBJ_0311,SYN_P_0311,Nisha Rao,fictional_demo_identity
SUBJ_0312,SYN_P_0312,Mohit Sarkar,fictional_demo_identity
SUBJ_0313,SYN_P_0313,Divya Khanna,fictional_demo_identity
SUBJ_0314,SYN_P_0314,Raj Kapoor,fictional_demo_identity
SUBJ_0315,SYN_P_0315,Shreya Bose,fictional_demo_identity
SUBJ_0316,SYN_P_0316,Aarav Wadhwa,fictional_demo_identity
SUBJ_0317,SYN_P_0317,Komal Agarwal,fictional_demo_identity
SUBJ_0318,SYN_P_0318,Komal Shukla,fictional_demo_identity
SUBJ_0319,SYN_P_0319,Amit Chopra,fictional_demo_identity
SUBJ_0320,SYN_P_0320,Divya Menon,fictional_demo_identity
SUBJ_0321,SYN_P_0321,Naveen Kumar,fictional_demo_identity
SUBJ_0322,SYN_P_0322,Kavya Tiwari,fictional_demo_identity
SUBJ_0323,SYN_P_0323,Karan Jadhav,fictional_demo_identity
SUBJ_0324,SYN_P_0324,Vikram Jadhav,fictional_demo_identity
SUBJ_0325,SYN_P_0325,Meera Menon,fictional_demo_identity
SUBJ_0326,SYN_P_0326,Kavya Das,fictional_demo_identity
SUBJ_0327,SYN_P_0327,Yash Wadhwa,fictional_demo_identity
SUBJ_0328,SYN_P_0328,Sameer Mukherjee,fictional_demo_identity
SUBJ_0329,SYN_P_0329,Sakshi Nair,fictional_demo_identity
SUBJ_0330,SYN_P_0330,Gaurav Reddy,fictional_demo_identity
SUBJ_0331,SYN_P_0331,Sameer Bansal,fictional_demo_identity
SUBJ_0332,SYN_P_0332,Muskan Patil,fictional_demo_identity
SUBJ_0333,SYN_P_0333,Sameer Tripathi,fictional_demo_identity
SUBJ_0334,SYN_P_0334,Nisha Yadav,fictional_demo_identity
SUBJ_0335,SYN_P_0335,Komal Gill,fictional_demo_identity
SUBJ_0336,SYN_P_0336,Neha Deshmukh,fictional_demo_identity
SUBJ_0337,SYN_P_0337,Nisha Tiwari,fictional_demo_identity
SUBJ_0338,SYN_P_0338,Akash Dubey,fictional_demo_identity
SUBJ_0339,SYN_P_0339,Rohan Sarkar,fictional_demo_identity
SUBJ_0340,SYN_P_0340,Deepak Tiwari,fictional_demo_identity
SUBJ_0341,SYN_P_0341,Akash Bhatia,fictional_demo_identity
SUBJ_0342,SYN_P_0342,Yash Iyer,fictional_demo_identity
SUBJ_0343,SYN_P_0343,Rahul Malhotra,fictional_demo_identity
SUBJ_0344,SYN_P_0344,Manish Mishra,fictional_demo_identity
SUBJ_0345,SYN_P_0345,Shubham Bose,fictional_demo_identity
SUBJ_0346,SYN_P_0346,Manish Sarkar,fictional_demo_identity
SUBJ_0347,SYN_P_0347,Varun Gupta,fictional_demo_identity
SUBJ_0348,SYN_P_0348,Anurag Pandey,fictional_demo_identity
SUBJ_0349,SYN_P_0349,Harsh Iyer,fictional_demo_identity
SUBJ_0350,SYN_P_0350,Arjun Srivastava,fictional_demo_identity
SUBJ_0351,SYN_P_0351,Anurag Khanna,fictional_demo_identity
SUBJ_0352,SYN_P_0352,Komal Naidu,fictional_demo_identity
SUBJ_0353,SYN_P_0353,Divya Verma,fictional_demo_identity
SUBJ_0354,SYN_P_0354,Pallavi Rao,fictional_demo_identity
SUBJ_0355,SYN_P_0355,Shubham Patil,fictional_demo_identity
SUBJ_0356,SYN_P_0356,Aarav Sethi,fictional_demo_identity
SUBJ_0357,SYN_P_0357,Pranav Wadhwa,fictional_demo_identity
SUBJ_0358,SYN_P_0358,Shubham Pandey,fictional_demo_identity
SUBJ_0359,SYN_P_0359,Pooja Ahuja,fictional_demo_identity
SUBJ_0360,SYN_P_0360,Isha Mishra,fictional_demo_identity
SUBJ_0361,SYN_P_0361,Ananya Mishra,fictional_demo_identity
SUBJ_0362,SYN_P_0362,Akash Shukla,fictional_demo_identity
SUBJ_0363,SYN_P_0363,Ananya Verma,fictional_demo_identity
SUBJ_0364,SYN_P_0364,Shubham Bhatia,fictional_demo_identity
SUBJ_0365,SYN_P_0365,Meera Chatterjee,fictional_demo_identity
SUBJ_0366,SYN_P_0366,Ayush Kohli,fictional_demo_identity
SUBJ_0367,SYN_P_0367,Vikram Mukherjee,fictional_demo_identity
SUBJ_0368,SYN_P_0368,Pooja Verma,fictional_demo_identity
SUBJ_0369,SYN_P_0369,Ayush Naidu,fictional_demo_identity
SUBJ_0370,SYN_P_0370,Sneha Dutta,fictional_demo_identity
SUBJ_0371,SYN_P_0371,Vivaan Mehta,fictional_demo_identity
SUBJ_0372,SYN_P_0372,Shreya Shukla,fictional_demo_identity
SUBJ_0373,SYN_P_0373,Saurabh Kumar,fictional_demo_identity
SUBJ_0374,SYN_P_0374,Rajat Khanna,fictional_demo_identity
SUBJ_0375,SYN_P_0375,Yash Srivastava,fictional_demo_identity
SUBJ_0376,SYN_P_0376,Harsh Wadhwa,fictional_demo_identity
SUBJ_0377,SYN_P_0377,Pallavi Pandey,fictional_demo_identity
SUBJ_0378,SYN_P_0378,Rajat Mehta,fictional_demo_identity
SUBJ_0379,SYN_P_0379,Priya Verma,fictional_demo_identity
SUBJ_0380,SYN_P_0380,Arjun Sethi,fictional_demo_identity
SUBJ_0381,SYN_P_0381,Amit Ghosh,fictional_demo_identity
SUBJ_0382,SYN_P_0382,Rohan Gill,fictional_demo_identity
SUBJ_0383,SYN_P_0383,Shreya Singh,fictional_demo_identity
SUBJ_0384,SYN_P_0384,Pallavi Verma,fictional_demo_identity
SUBJ_0385,SYN_P_0385,Raj Saxena,fictional_demo_identity
SUBJ_0386,SYN_P_0386,Vivaan Mukherjee,fictional_demo_identity
SUBJ_0387,SYN_P_0387,Vikram Patil,fictional_demo_identity
SUBJ_0388,SYN_P_0388,Meera Jain,fictional_demo_identity
SUBJ_0389,SYN_P_0389,Sneha Srivastava,fictional_demo_identity
SUBJ_0390,SYN_P_0390,Naveen Bose,fictional_demo_identity
SUBJ_0391,SYN_P_0391,Rajat Gill,fictional_demo_identity
SUBJ_0392,SYN_P_0392,Isha Das,fictional_demo_identity
SUBJ_0393,SYN_P_0393,Muskan Sarkar,fictional_demo_identity
SUBJ_0394,SYN_P_0394,Karan Gill,fictional_demo_identity
SUBJ_0395,SYN_P_0395,Nikhil Rana,fictional_demo_identity
SUBJ_0396,SYN_P_0396,Ankit Naidu,fictional_demo_identity
SUBJ_0397,SYN_P_0397,Vivaan Rana,fictional_demo_identity
SUBJ_0398,SYN_P_0398,Sneha Chatterjee,fictional_demo_identity
SUBJ_0399,SYN_P_0399,Shubham Sinha,fictional_demo_identity
SUBJ_0400,SYN_P_0400,Swati Saxena,fictional_demo_identity
SUBJ_0401,SYN_P_0401,Rohan Naidu,fictional_demo_identity
SUBJ_0402,SYN_P_0402,Divya Banerjee,fictional_demo_identity
SUBJ_0403,SYN_P_0403,Raj Agarwal,fictional_demo_identity
SUBJ_0404,SYN_P_0404,Divya Gill,fictional_demo_identity
SUBJ_0405,SYN_P_0405,Pranav Chatterjee,fictional_demo_identity
SUBJ_0406,SYN_P_0406,Isha Jain,fictional_demo_identity
SUBJ_0407,SYN_P_0407,Sneha Singh,fictional_demo_identity
SUBJ_0408,SYN_P_0408,Abhishek Iyer,fictional_demo_identity
SUBJ_0409,SYN_P_0409,Gaurav Dutta,fictional_demo_identity
SUBJ_0410,SYN_P_0410,Rishabh Gupta,fictional_demo_identity
SUBJ_0411,SYN_P_0411,Aditi Ghosh,fictional_demo_identity
SUBJ_0412,SYN_P_0412,Harsh Sharma,fictional_demo_identity
SUBJ_0413,SYN_P_0413,Ankit Shukla,fictional_demo_identity
SUBJ_0414,SYN_P_0414,Rishabh Banerjee,fictional_demo_identity
SUBJ_0415,SYN_P_0415,Naveen Sarkar,fictional_demo_identity
SUBJ_0416,SYN_P_0416,Manish Shukla,fictional_demo_identity
SUBJ_0417,SYN_P_0417,Saurabh Kohli,fictional_demo_identity
SUBJ_0418,SYN_P_0418,Neha Ghosh,fictional_demo_identity
SUBJ_0419,SYN_P_0419,Akash Mukherjee,fictional_demo_identity
SUBJ_0420,SYN_P_0420,Priya Jadhav,fictional_demo_identity
SUBJ_0421,SYN_P_0421,Gaurav Kohli,fictional_demo_identity
SUBJ_0422,SYN_P_0422,Riya Yadav,fictional_demo_identity
SUBJ_0423,SYN_P_0423,Rahul Yadav,fictional_demo_identity
SUBJ_0424,SYN_P_0424,Sameer Tiwari,fictional_demo_identity
SUBJ_0425,SYN_P_0425,Pallavi Jadhav,fictional_demo_identity
SUBJ_0426,SYN_P_0426,Sneha Mukherjee,fictional_demo_identity
SUBJ_0427,SYN_P_0427,Meera Khanna,fictional_demo_identity
SUBJ_0428,SYN_P_0428,Ananya Joshi,fictional_demo_identity
SUBJ_0429,SYN_P_0429,Saurabh Deshmukh,fictional_demo_identity
SUBJ_0430,SYN_P_0430,Varun Sethi,fictional_demo_identity
SUBJ_0431,SYN_P_0431,Rajat Bhatia,fictional_demo_identity
SUBJ_0432,SYN_P_0432,Akash Das,fictional_demo_identity
SUBJ_0433,SYN_P_0433,Divya Yadav,fictional_demo_identity
SUBJ_0434,SYN_P_0434,Neha Saxena,fictional_demo_identity
SUBJ_0435,SYN_P_0435,Rahul Tiwari,fictional_demo_identity
SUBJ_0436,SYN_P_0436,Sakshi Pandey,fictional_demo_identity
SUBJ_0437,SYN_P_0437,Ananya Reddy,fictional_demo_identity
SUBJ_0438,SYN_P_0438,Divya Patil,fictional_demo_identity
SUBJ_0439,SYN_P_0439,Shreya Sarkar,fictional_demo_identity
SUBJ_0440,SYN_P_0440,Ananya Dubey,fictional_demo_identity
SUBJ_0441,SYN_P_0441,Deepak Mishra,fictional_demo_identity
SUBJ_0442,SYN_P_0442,Raj Rana,fictional_demo_identity
SUBJ_0443,SYN_P_0443,Meera Naidu,fictional_demo_identity
SUBJ_0444,SYN_P_0444,Rishabh Patil,fictional_demo_identity
SUBJ_0445,SYN_P_0445,Kavya Menon,fictional_demo_identity
SUBJ_0446,SYN_P_0446,Harsh Sethi,fictional_demo_identity
SUBJ_0447,SYN_P_0447,Divya Jadhav,fictional_demo_identity
SUBJ_0448,SYN_P_0448,Akash Rana,fictional_demo_identity
SUBJ_0449,SYN_P_0449,Rajat Mishra,fictional_demo_identity
SUBJ_0450,SYN_P_0450,Mohit Joshi,fictional_demo_identity
SUBJ_0451,SYN_P_0451,Karan Ahuja,fictional_demo_identity
SUBJ_0452,SYN_P_0452,Pooja Wadhwa,fictional_demo_identity
SUBJ_0453,SYN_P_0453,Divya Chopra,fictional_demo_identity
SUBJ_0454,SYN_P_0454,Mohit Srivastava,fictional_demo_identity
SUBJ_0455,SYN_P_0455,Akash Kohli,fictional_demo_identity
SUBJ_0456,SYN_P_0456,Riya Wadhwa,fictional_demo_identity
SUBJ_0457,SYN_P_0457,Neha Das,fictional_demo_identity
SUBJ_0458,SYN_P_0458,Deepak Agarwal,fictional_demo_identity
SUBJ_0459,SYN_P_0459,Mohit Chauhan,fictional_demo_identity
SUBJ_0460,SYN_P_0460,Amit Arora,fictional_demo_identity
SUBJ_0461,SYN_P_0461,Saurabh Rana,fictional_demo_identity
SUBJ_0462,SYN_P_0462,Aarav Sarkar,fictional_demo_identity
SUBJ_0463,SYN_P_0463,Arjun Reddy,fictional_demo_identity
SUBJ_0464,SYN_P_0464,Deepak Bose,fictional_demo_identity
SUBJ_0465,SYN_P_0465,Vikram Banerjee,fictional_demo_identity
SUBJ_0466,SYN_P_0466,Pallavi Deshmukh,fictional_demo_identity
SUBJ_0467,SYN_P_0467,Ankit Sharma,fictional_demo_identity
SUBJ_0468,SYN_P_0468,Sneha Chauhan,fictional_demo_identity
SUBJ_0469,SYN_P_0469,Priya Patil,fictional_demo_identity
SUBJ_0470,SYN_P_0470,Sameer Bhatia,fictional_demo_identity
SUBJ_0471,SYN_P_0471,Rajat Patil,fictional_demo_identity
SUBJ_0472,SYN_P_0472,Ayush Deshmukh,fictional_demo_identity
SUBJ_0473,SYN_P_0473,Rohan Rao,fictional_demo_identity
SUBJ_0474,SYN_P_0474,Nisha Chatterjee,fictional_demo_identity
SUBJ_0475,SYN_P_0475,Arjun Kapoor,fictional_demo_identity
SUBJ_0476,SYN_P_0476,Manish Rao,fictional_demo_identity
SUBJ_0477,SYN_P_0477,Pranav Mehta,fictional_demo_identity
SUBJ_0478,SYN_P_0478,Raj Jain,fictional_demo_identity
SUBJ_0479,SYN_P_0479,Kavya Wadhwa,fictional_demo_identity
SUBJ_0480,SYN_P_0480,Anurag Das,fictional_demo_identity
SUBJ_0481,SYN_P_0481,Isha Mukherjee,fictional_demo_identity
SUBJ_0482,SYN_P_0482,Neha Khanna,fictional_demo_identity
SUBJ_0483,SYN_P_0483,Sameer Dubey,fictional_demo_identity
SUBJ_0484,SYN_P_0484,Pranav Naidu,fictional_demo_identity
SUBJ_0485,SYN_P_0485,Gaurav Rana,fictional_demo_identity
SUBJ_0486,SYN_P_0486,Arjun Mukherjee,fictional_demo_identity
SUBJ_0487,SYN_P_0487,Pallavi Srivastava,fictional_demo_identity
SUBJ_0488,SYN_P_0488,Nisha Srivastava,fictional_demo_identity
SUBJ_0489,SYN_P_0489,Rajat Dutta,fictional_demo_identity
SUBJ_0490,SYN_P_0490,Rahul Bansal,fictional_demo_identity
SUBJ_0491,SYN_P_0491,Raj Chopra,fictional_demo_identity
SUBJ_0492,SYN_P_0492,Kavya Gupta,fictional_demo_identity
SUBJ_0493,SYN_P_0493,Nikhil Sharma,fictional_demo_identity
SUBJ_0494,SYN_P_0494,Anurag Dubey,fictional_demo_identity
SUBJ_0495,SYN_P_0495,Divya Das,fictional_demo_identity
SUBJ_0496,SYN_P_0496,Priya Chauhan,fictional_demo_identity
SUBJ_0497,SYN_P_0497,Aditya Mishra,fictional_demo_identity
SUBJ_0498,SYN_P_0498,Deepak Sarkar,fictional_demo_identity
SUBJ_0499,SYN_P_0499,Naveen Gupta,fictional_demo_identity
SUBJ_0500,SYN_P_0500,Tanvi Mishra,fictional_demo_identity
SUBJ_0501,SYN_P_0501,Rajat Banerjee,fictional_demo_identity
SUBJ_0502,SYN_P_0502,Riya Dutta,fictional_demo_identity
SUBJ_0503,SYN_P_0503,Mohit Shukla,fictional_demo_identity
SUBJ_0504,SYN_P_0504,Karan Iyer,fictional_demo_identity
SUBJ_0505,SYN_P_0505,Manish Gupta,fictional_demo_identity
SUBJ_0506,SYN_P_0506,Arjun Bansal,fictional_demo_identity
SUBJ_0507,SYN_P_0507,Pranav Das,fictional_demo_identity
SUBJ_0508,SYN_P_0508,Muskan Rao,fictional_demo_identity
SUBJ_0509,SYN_P_0509,Deepak Dubey,fictional_demo_identity
SUBJ_0510,SYN_P_0510,Divya Rana,fictional_demo_identity
SUBJ_0511,SYN_P_0511,Divya Sinha,fictional_demo_identity
SUBJ_0512,SYN_P_0512,Akash Nair,fictional_demo_identity
SUBJ_0513,SYN_P_0513,Pooja Deshmukh,fictional_demo_identity
SUBJ_0514,SYN_P_0514,Sameer Mehta,fictional_demo_identity
SUBJ_0515,SYN_P_0515,Gaurav Ahuja,fictional_demo_identity
SUBJ_0516,SYN_P_0516,Yash Das,fictional_demo_identity
SUBJ_0517,SYN_P_0517,Rajat Verma,fictional_demo_identity
SUBJ_0518,SYN_P_0518,Rahul Mishra,fictional_demo_identity
SUBJ_0519,SYN_P_0519,Tanvi Rao,fictional_demo_identity
SUBJ_0520,SYN_P_0520,Riya Verma,fictional_demo_identity
SUBJ_0521,SYN_P_0521,Pallavi Chatterjee,fictional_demo_identity
SUBJ_0522,SYN_P_0522,Akash Rao,fictional_demo_identity
SUBJ_0523,SYN_P_0523,Aditya Wadhwa,fictional_demo_identity
SUBJ_0524,SYN_P_0524,Pallavi Chopra,fictional_demo_identity
SUBJ_0525,SYN_P_0525,Priya Menon,fictional_demo_identity
SUBJ_0526,SYN_P_0526,Shreya Dubey,fictional_demo_identity
SUBJ_0527,SYN_P_0527,Akash Chopra,fictional_demo_identity
SUBJ_0528,SYN_P_0528,Nisha Deshmukh,fictional_demo_identity
SUBJ_0529,SYN_P_0529,Rahul Patil,fictional_demo_identity
SUBJ_0530,SYN_P_0530,Abhishek Pandey,fictional_demo_identity
SUBJ_0531,SYN_P_0531,Harsh Joshi,fictional_demo_identity
SUBJ_0532,SYN_P_0532,Nikhil Bhatia,fictional_demo_identity
SUBJ_0533,SYN_P_0533,Anurag Bose,fictional_demo_identity
SUBJ_0534,SYN_P_0534,Ananya Chauhan,fictional_demo_identity
SUBJ_0535,SYN_P_0535,Meera Sinha,fictional_demo_identity
SUBJ_0536,SYN_P_0536,Pallavi Reddy,fictional_demo_identity
SUBJ_0537,SYN_P_0537,Aditya Jadhav,fictional_demo_identity
SUBJ_0538,SYN_P_0538,Rahul Joshi,fictional_demo_identity
SUBJ_0539,SYN_P_0539,Rajat Joshi,fictional_demo_identity
SUBJ_0540,SYN_P_0540,Ayush Nair,fictional_demo_identity
SUBJ_0541,SYN_P_0541,Pooja Jadhav,fictional_demo_identity
SUBJ_0542,SYN_P_0542,Anurag Kumar,fictional_demo_identity
SUBJ_0543,SYN_P_0543,Mohit Menon,fictional_demo_identity
SUBJ_0544,SYN_P_0544,Rishabh Mukherjee,fictional_demo_identity
SUBJ_0545,SYN_P_0545,Nisha Dubey,fictional_demo_identity
SUBJ_0546,SYN_P_0546,Pallavi Kumar,fictional_demo_identity
SUBJ_0547,SYN_P_0547,Varun Yadav,fictional_demo_identity
SUBJ_0548,SYN_P_0548,Kavya Malhotra,fictional_demo_identity
SUBJ_0549,SYN_P_0549,Divya Deshmukh,fictional_demo_identity
SUBJ_0550,SYN_P_0550,Karan Verma,fictional_demo_identity
SUBJ_0551,SYN_P_0551,Nisha Das,fictional_demo_identity
SUBJ_0552,SYN_P_0552,Raj Sarkar,fictional_demo_identity
SUBJ_0553,SYN_P_0553,Karan Ghosh,fictional_demo_identity
SUBJ_0554,SYN_P_0554,Manish Deshmukh,fictional_demo_identity
SUBJ_0555,SYN_P_0555,Swati Chauhan,fictional_demo_identity
SUBJ_0556,SYN_P_0556,Aditi Sarkar,fictional_demo_identity
SUBJ_0557,SYN_P_0557,Akash Pandey,fictional_demo_identity
SUBJ_0558,SYN_P_0558,Raj Jadhav,fictional_demo_identity
SUBJ_0559,SYN_P_0559,Shubham Saxena,fictional_demo_identity
SUBJ_0560,SYN_P_0560,Isha Nair,fictional_demo_identity
SUBJ_0561,SYN_P_0561,Muskan Malhotra,fictional_demo_identity
SUBJ_0562,SYN_P_0562,Rohan Yadav,fictional_demo_identity
SUBJ_0563,SYN_P_0563,Komal Pandey,fictional_demo_identity
SUBJ_0564,SYN_P_0564,Harsh Nair,fictional_demo_identity
SUBJ_0565,SYN_P_0565,Deepak Kohli,fictional_demo_identity
SUBJ_0566,SYN_P_0566,Ananya Kapoor,fictional_demo_identity
SUBJ_0567,SYN_P_0567,Sameer Iyer,fictional_demo_identity
SUBJ_0568,SYN_P_0568,Priya Sethi,fictional_demo_identity
SUBJ_0569,SYN_P_0569,Harsh Reddy,fictional_demo_identity
SUBJ_0570,SYN_P_0570,Pallavi Iyer,fictional_demo_identity
SUBJ_0571,SYN_P_0571,Shubham Jadhav,fictional_demo_identity
SUBJ_0572,SYN_P_0572,Yash Saxena,fictional_demo_identity
SUBJ_0573,SYN_P_0573,Divya Tiwari,fictional_demo_identity
SUBJ_0574,SYN_P_0574,Sneha Khanna,fictional_demo_identity
SUBJ_0575,SYN_P_0575,Anurag Singh,fictional_demo_identity
SUBJ_0576,SYN_P_0576,Yash Ahuja,fictional_demo_identity
SUBJ_0577,SYN_P_0577,Priya Sarkar,fictional_demo_identity
SUBJ_0578,SYN_P_0578,Shubham Khanna,fictional_demo_identity
SUBJ_0579,SYN_P_0579,Meera Ghosh,fictional_demo_identity
SUBJ_0580,SYN_P_0580,Aditya Malhotra,fictional_demo_identity
SUBJ_0581,SYN_P_0581,Aditi Naidu,fictional_demo_identity
SUBJ_0582,SYN_P_0582,Harsh Agarwal,fictional_demo_identity
SUBJ_0583,SYN_P_0583,Sameer Agarwal,fictional_demo_identity
SUBJ_0584,SYN_P_0584,Neha Jadhav,fictional_demo_identity
SUBJ_0585,SYN_P_0585,Manish Pandey,fictional_demo_identity
SUBJ_0586,SYN_P_0586,Shreya Kapoor,fictional_demo_identity
SUBJ_0587,SYN_P_0587,Rohan Patil,fictional_demo_identity
SUBJ_0588,SYN_P_0588,Simran Bose,fictional_demo_identity
SUBJ_0589,SYN_P_0589,Ayush Ghosh,fictional_demo_identity
SUBJ_0590,SYN_P_0590,Rahul Bhatia,fictional_demo_identity
SUBJ_0591,SYN_P_0591,Shubham Joshi,fictional_demo_identity
SUBJ_0592,SYN_P_0592,Nisha Sarkar,fictional_demo_identity
SUBJ_0593,SYN_P_0593,Simran Gupta,fictional_demo_identity
SUBJ_0594,SYN_P_0594,Raj Banerjee,fictional_demo_identity
SUBJ_0595,SYN_P_0595,Tanvi Chauhan,fictional_demo_identity
SUBJ_0596,SYN_P_0596,Amit Ahuja,fictional_demo_identity
SUBJ_0597,SYN_P_0597,Rahul Shukla,fictional_demo_identity
SUBJ_0598,SYN_P_0598,Ankit Wadhwa,fictional_demo_identity
SUBJ_0599,SYN_P_0599,Ankit Dubey,fictional_demo_identity
SUBJ_0600,SYN_P_0600,Pranav Verma,fictional_demo_identity
SUBJ_0601,SYN_P_0601,Aditya Joshi,fictional_demo_identity
SUBJ_0602,SYN_P_0602,Arjun Chauhan,fictional_demo_identity
SUBJ_0603,SYN_P_0603,Abhishek Arora,fictional_demo_identity
SUBJ_0604,SYN_P_0604,Gaurav Kapoor,fictional_demo_identity
SUBJ_0605,SYN_P_0605,Raj Menon,fictional_demo_identity
SUBJ_0606,SYN_P_0606,Anurag Rao,fictional_demo_identity
SUBJ_0607,SYN_P_0607,Tanvi Chopra,fictional_demo_identity
SUBJ_0608,SYN_P_0608,Rahul Mukherjee,fictional_demo_identity
SUBJ_0609,SYN_P_0609,Shubham Mukherjee,fictional_demo_identity
SUBJ_0610,SYN_P_0610,Ananya Naidu,fictional_demo_identity
SUBJ_0611,SYN_P_0611,Deepak Chatterjee,fictional_demo_identity
SUBJ_0612,SYN_P_0612,Pooja Bansal,fictional_demo_identity
SUBJ_0613,SYN_P_0613,Abhishek Naidu,fictional_demo_identity
SUBJ_0614,SYN_P_0614,Gaurav Bose,fictional_demo_identity
SUBJ_0615,SYN_P_0615,Pranav Saxena,fictional_demo_identity
SUBJ_0616,SYN_P_0616,Abhishek Rao,fictional_demo_identity
SUBJ_0617,SYN_P_0617,Deepak Verma,fictional_demo_identity
SUBJ_0618,SYN_P_0618,Komal Ahuja,fictional_demo_identity
SUBJ_0619,SYN_P_0619,Arjun Das,fictional_demo_identity
SUBJ_0620,SYN_P_0620,Muskan Deshmukh,fictional_demo_identity
SUBJ_0621,SYN_P_0621,Deepak Gill,fictional_demo_identity
SUBJ_0622,SYN_P_0622,Amit Das,fictional_demo_identity
SUBJ_0623,SYN_P_0623,Abhishek Mishra,fictional_demo_identity
SUBJ_0624,SYN_P_0624,Nisha Saxena,fictional_demo_identity
SUBJ_0625,SYN_P_0625,Simran Tripathi,fictional_demo_identity
SUBJ_0626,SYN_P_0626,Tanvi Wadhwa,fictional_demo_identity
SUBJ_0627,SYN_P_0627,Sakshi Gill,fictional_demo_identity
SUBJ_0628,SYN_P_0628,Pranav Dubey,fictional_demo_identity
SUBJ_0629,SYN_P_0629,Aditya Naidu,fictional_demo_identity
SUBJ_0630,SYN_P_0630,Rishabh Kohli,fictional_demo_identity
SUBJ_0631,SYN_P_0631,Vikram Mehta,fictional_demo_identity
SUBJ_0632,SYN_P_0632,Deepak Joshi,fictional_demo_identity
SUBJ_0633,SYN_P_0633,Muskan Pandey,fictional_demo_identity
SUBJ_0634,SYN_P_0634,Saurabh Saxena,fictional_demo_identity
SUBJ_0635,SYN_P_0635,Vikram Iyer,fictional_demo_identity
SUBJ_0636,SYN_P_0636,Rishabh Menon,fictional_demo_identity
SUBJ_0637,SYN_P_0637,Aditi Yadav,fictional_demo_identity
SUBJ_0638,SYN_P_0638,Nikhil Tripathi,fictional_demo_identity
SUBJ_0639,SYN_P_0639,Muskan Bhatia,fictional_demo_identity
SUBJ_0640,SYN_P_0640,Rohan Kapoor,fictional_demo_identity
SUBJ_0641,SYN_P_0641,Pallavi Mishra,fictional_demo_identity
SUBJ_0642,SYN_P_0642,Tanvi Sinha,fictional_demo_identity
SUBJ_0643,SYN_P_0643,Kavya Arora,fictional_demo_identity
SUBJ_0644,SYN_P_0644,Rahul Sinha,fictional_demo_identity
SUBJ_0645,SYN_P_0645,Aarav Tripathi,fictional_demo_identity
SUBJ_0646,SYN_P_0646,Pooja Jain,fictional_demo_identity
SUBJ_0647,SYN_P_0647,Naveen Arora,fictional_demo_identity
SUBJ_0648,SYN_P_0648,Tanvi Tripathi,fictional_demo_identity
SUBJ_0649,SYN_P_0649,Riya Khanna,fictional_demo_identity
SUBJ_0650,SYN_P_0650,Nisha Arora,fictional_demo_identity
SUBJ_0651,SYN_P_0651,Ankit Chatterjee,fictional_demo_identity
SUBJ_0652,SYN_P_0652,Amit Patil,fictional_demo_identity
SUBJ_0653,SYN_P_0653,Kavya Joshi,fictional_demo_identity
SUBJ_0654,SYN_P_0654,Simran Mishra,fictional_demo_identity
SUBJ_0655,SYN_P_0655,Shreya Gupta,fictional_demo_identity
SUBJ_0656,SYN_P_0656,Nisha Jadhav,fictional_demo_identity
SUBJ_0657,SYN_P_0657,Shreya Pandey,fictional_demo_identity
SUBJ_0658,SYN_P_0658,Karan Malhotra,fictional_demo_identity
SUBJ_0659,SYN_P_0659,Aditya Singh,fictional_demo_identity
SUBJ_0660,SYN_P_0660,Pranav Deshmukh,fictional_demo_identity
SUBJ_0661,SYN_P_0661,Raj Iyer,fictional_demo_identity
SUBJ_0662,SYN_P_0662,Vikram Khanna,fictional_demo_identity
SUBJ_0663,SYN_P_0663,Anurag Naidu,fictional_demo_identity
SUBJ_0664,SYN_P_0664,Muskan Kohli,fictional_demo_identity
SUBJ_0665,SYN_P_0665,Ananya Mukherjee,fictional_demo_identity
SUBJ_0666,SYN_P_0666,Anurag Yadav,fictional_demo_identity
SUBJ_0667,SYN_P_0667,Aditya Bose,fictional_demo_identity
SUBJ_0668,SYN_P_0668,Rishabh Srivastava,fictional_demo_identity
SUBJ_0669,SYN_P_0669,Raj Arora,fictional_demo_identity
SUBJ_0670,SYN_P_0670,Rishabh Iyer,fictional_demo_identity
SUBJ_0671,SYN_P_0671,Shreya Sethi,fictional_demo_identity
SUBJ_0672,SYN_P_0672,Akash Saxena,fictional_demo_identity
SUBJ_0673,SYN_P_0673,Rahul Dutta,fictional_demo_identity
SUBJ_0674,SYN_P_0674,Vivaan Kumar,fictional_demo_identity
SUBJ_0675,SYN_P_0675,Harsh Tiwari,fictional_demo_identity
SUBJ_0676,SYN_P_0676,Vikram Rao,fictional_demo_identity
SUBJ_0677,SYN_P_0677,Varun Naidu,fictional_demo_identity
SUBJ_0678,SYN_P_0678,Varun Mishra,fictional_demo_identity
SUBJ_0679,SYN_P_0679,Harsh Gill,fictional_demo_identity
SUBJ_0680,SYN_P_0680,Manish Das,fictional_demo_identity
SUBJ_0681,SYN_P_0681,Aarav Yadav,fictional_demo_identity
SUBJ_0682,SYN_P_0682,Manish Malhotra,fictional_demo_identity
SUBJ_0683,SYN_P_0683,Saurabh Jain,fictional_demo_identity
SUBJ_0684,SYN_P_0684,Meera Verma,fictional_demo_identity
SUBJ_0685,SYN_P_0685,Vikram Sharma,fictional_demo_identity
SUBJ_0686,SYN_P_0686,Abhishek Tiwari,fictional_demo_identity
SUBJ_0687,SYN_P_0687,Riya Joshi,fictional_demo_identity
SUBJ_0688,SYN_P_0688,Vivaan Chopra,fictional_demo_identity
SUBJ_0689,SYN_P_0689,Rajat Kumar,fictional_demo_identity
SUBJ_0690,SYN_P_0690,Vikram Ahuja,fictional_demo_identity
SUBJ_0691,SYN_P_0691,Anurag Menon,fictional_demo_identity
SUBJ_0692,SYN_P_0692,Sameer Gill,fictional_demo_identity
SUBJ_0693,SYN_P_0693,Rishabh Nair,fictional_demo_identity
SUBJ_0694,SYN_P_0694,Riya Agarwal,fictional_demo_identity
SUBJ_0695,SYN_P_0695,Sameer Nair,fictional_demo_identity
SUBJ_0696,SYN_P_0696,Amit Mukherjee,fictional_demo_identity
SUBJ_0697,SYN_P_0697,Pranav Jadhav,fictional_demo_identity
SUBJ_0698,SYN_P_0698,Shreya Verma,fictional_demo_identity
SUBJ_0699,SYN_P_0699,Arjun Patil,fictional_demo_identity
SUBJ_0700,SYN_P_0700,Ayush Shukla,fictional_demo_identity
SUBJ_0701,SYN_P_0701,Tanvi Agarwal,fictional_demo_identity
SUBJ_0702,SYN_P_0702,Ananya Sarkar,fictional_demo_identity
SUBJ_0703,SYN_P_0703,Sameer Gupta,fictional_demo_identity
SUBJ_0704,SYN_P_0704,Isha Kapoor,fictional_demo_identity
SUBJ_0705,SYN_P_0705,Rohan Malhotra,fictional_demo_identity
SUBJ_0706,SYN_P_0706,Nisha Naidu,fictional_demo_identity
SUBJ_0707,SYN_P_0707,Kavya Sarkar,fictional_demo_identity
SUBJ_0708,SYN_P_0708,Yash Khanna,fictional_demo_identity
SUBJ_0709,SYN_P_0709,Isha Menon,fictional_demo_identity
SUBJ_0710,SYN_P_0710,Deepak Jadhav,fictional_demo_identity
SUBJ_0711,SYN_P_0711,Gaurav Agarwal,fictional_demo_identity
SUBJ_0712,SYN_P_0712,Divya Jain,fictional_demo_identity
SUBJ_0713,SYN_P_0713,Shreya Ghosh,fictional_demo_identity
SUBJ_0714,SYN_P_0714,Komal Reddy,fictional_demo_identity
SUBJ_0715,SYN_P_0715,Sakshi Srivastava,fictional_demo_identity
SUBJ_0716,SYN_P_0716,Gaurav Dubey,fictional_demo_identity
SUBJ_0717,SYN_P_0717,Amit Pandey,fictional_demo_identity
SUBJ_0718,SYN_P_0718,Harsh Jadhav,fictional_demo_identity
SUBJ_0719,SYN_P_0719,Ayush Pandey,fictional_demo_identity
SUBJ_0720,SYN_P_0720,Sakshi Agarwal,fictional_demo_identity
SUBJ_0721,SYN_P_0721,Yash Shukla,fictional_demo_identity
SUBJ_0722,SYN_P_0722,Rajat Arora,fictional_demo_identity
SUBJ_0723,SYN_P_0723,Manish Chatterjee,fictional_demo_identity
SUBJ_0724,SYN_P_0724,Priya Gupta,fictional_demo_identity
SUBJ_0725,SYN_P_0725,Ankit Ahuja,fictional_demo_identity
SUBJ_0726,SYN_P_0726,Muskan Arora,fictional_demo_identity
SUBJ_0727,SYN_P_0727,Vikram Reddy,fictional_demo_identity
SUBJ_0728,SYN_P_0728,Kavya Reddy,fictional_demo_identity
SUBJ_0729,SYN_P_0729,Harsh Dutta,fictional_demo_identity
SUBJ_0730,SYN_P_0730,Karan Pandey,fictional_demo_identity
SUBJ_0731,SYN_P_0731,Abhishek Dutta,fictional_demo_identity
SUBJ_0732,SYN_P_0732,Pallavi Shukla,fictional_demo_identity
SUBJ_0733,SYN_P_0733,Pranav Sethi,fictional_demo_identity
SUBJ_0734,SYN_P_0734,Ankit Rao,fictional_demo_identity
SUBJ_0735,SYN_P_0735,Aditi Srivastava,fictional_demo_identity
SUBJ_0736,SYN_P_0736,Manish Dutta,fictional_demo_identity
SUBJ_0737,SYN_P_0737,Priya Mishra,fictional_demo_identity
SUBJ_0738,SYN_P_0738,Ankit Sethi,fictional_demo_identity
SUBJ_0739,SYN_P_0739,Karan Wadhwa,fictional_demo_identity
SUBJ_0740,SYN_P_0740,Amit Shukla,fictional_demo_identity
SUBJ_0741,SYN_P_0741,Kavya Gill,fictional_demo_identity
SUBJ_0742,SYN_P_0742,Simran Mukherjee,fictional_demo_identity
SUBJ_0743,SYN_P_0743,Kavya Verma,fictional_demo_identity
SUBJ_0744,SYN_P_0744,Isha Dutta,fictional_demo_identity
SUBJ_0745,SYN_P_0745,Pallavi Rana,fictional_demo_identity
SUBJ_0746,SYN_P_0746,Aarav Chopra,fictional_demo_identity
SUBJ_0747,SYN_P_0747,Muskan Banerjee,fictional_demo_identity
SUBJ_0748,SYN_P_0748,Muskan Menon,fictional_demo_identity
SUBJ_0749,SYN_P_0749,Varun Khanna,fictional_demo_identity
SUBJ_0750,SYN_P_0750,Harsh Bansal,fictional_demo_identity
SUBJ_0751,SYN_P_0751,Komal Rao,fictional_demo_identity
SUBJ_0752,SYN_P_0752,Isha Mehta,fictional_demo_identity
SUBJ_0753,SYN_P_0753,Nikhil Wadhwa,fictional_demo_identity
SUBJ_0754,SYN_P_0754,Simran Kumar,fictional_demo_identity
SUBJ_0755,SYN_P_0755,Tanvi Mehta,fictional_demo_identity
SUBJ_0756,SYN_P_0756,Ananya Das,fictional_demo_identity
SUBJ_0757,SYN_P_0757,Sameer Pandey,fictional_demo_identity
SUBJ_0758,SYN_P_0758,Akash Srivastava,fictional_demo_identity
SUBJ_0759,SYN_P_0759,Pallavi Nair,fictional_demo_identity
SUBJ_0760,SYN_P_0760,Karan Sethi,fictional_demo_identity
SUBJ_0761,SYN_P_0761,Gaurav Jain,fictional_demo_identity
SUBJ_0762,SYN_P_0762,Tanvi Naidu,fictional_demo_identity
SUBJ_0763,SYN_P_0763,Ananya Menon,fictional_demo_identity
SUBJ_0764,SYN_P_0764,Meera Rana,fictional_demo_identity
SUBJ_0765,SYN_P_0765,Ayush Das,fictional_demo_identity
SUBJ_0766,SYN_P_0766,Arjun Sharma,fictional_demo_identity
SUBJ_0767,SYN_P_0767,Varun Rana,fictional_demo_identity
SUBJ_0768,SYN_P_0768,Varun Gill,fictional_demo_identity
SUBJ_0769,SYN_P_0769,Vikram Wadhwa,fictional_demo_identity
SUBJ_0770,SYN_P_0770,Rajat Chauhan,fictional_demo_identity
SUBJ_0771,SYN_P_0771,Yash Jain,fictional_demo_identity
SUBJ_0772,SYN_P_0772,Aarav Deshmukh,fictional_demo_identity
SUBJ_0773,SYN_P_0773,Muskan Shukla,fictional_demo_identity
SUBJ_0774,SYN_P_0774,Saurabh Malhotra,fictional_demo_identity
SUBJ_0775,SYN_P_0775,Shubham Iyer,fictional_demo_identity
SUBJ_0776,SYN_P_0776,Swati Mishra,fictional_demo_identity
SUBJ_0777,SYN_P_0777,Aditi Reddy,fictional_demo_identity
SUBJ_0778,SYN_P_0778,Meera Sethi,fictional_demo_identity
SUBJ_0779,SYN_P_0779,Rohan Sinha,fictional_demo_identity
SUBJ_0780,SYN_P_0780,Muskan Singh,fictional_demo_identity
SUBJ_0781,SYN_P_0781,Gaurav Verma,fictional_demo_identity
SUBJ_0782,SYN_P_0782,Yash Rao,fictional_demo_identity
SUBJ_0783,SYN_P_0783,Gaurav Rao,fictional_demo_identity
SUBJ_0784,SYN_P_0784,Ayush Sarkar,fictional_demo_identity
SUBJ_0785,SYN_P_0785,Nisha Pandey,fictional_demo_identity
SUBJ_0786,SYN_P_0786,Deepak Jain,fictional_demo_identity
SUBJ_0787,SYN_P_0787,Ayush Verma,fictional_demo_identity
SUBJ_0788,SYN_P_0788,Yash Bansal,fictional_demo_identity
SUBJ_0789,SYN_P_0789,Simran Jadhav,fictional_demo_identity
SUBJ_0790,SYN_P_0790,Divya Arora,fictional_demo_identity
SUBJ_0791,SYN_P_0791,Ayush Menon,fictional_demo_identity
SUBJ_0792,SYN_P_0792,Pranav Ahuja,fictional_demo_identity
SUBJ_0793,SYN_P_0793,Harsh Mishra,fictional_demo_identity
SUBJ_0794,SYN_P_0794,Nikhil Gupta,fictional_demo_identity
SUBJ_0795,SYN_P_0795,Aditi Banerjee,fictional_demo_identity
SUBJ_0796,SYN_P_0796,Karan Menon,fictional_demo_identity
SUBJ_0797,SYN_P_0797,Aditi Saxena,fictional_demo_identity
SUBJ_0798,SYN_P_0798,Komal Sethi,fictional_demo_identity
SUBJ_0799,SYN_P_0799,Abhishek Kohli,fictional_demo_identity
SUBJ_0800,SYN_P_0800,Mohit Chopra,fictional_demo_identity
SUBJ_0801,SYN_P_0801,Pallavi Wadhwa,fictional_demo_identity
SUBJ_0802,SYN_P_0802,Saurabh Gill,fictional_demo_identity
SUBJ_0803,SYN_P_0803,Naveen Wadhwa,fictional_demo_identity
SUBJ_0804,SYN_P_0804,Sneha Wadhwa,fictional_demo_identity
SUBJ_0805,SYN_P_0805,Riya Dubey,fictional_demo_identity
SUBJ_0806,SYN_P_0806,Shreya Banerjee,fictional_demo_identity
SUBJ_0807,SYN_P_0807,Simran Joshi,fictional_demo_identity
SUBJ_0808,SYN_P_0808,Nisha Joshi,fictional_demo_identity
SUBJ_0809,SYN_P_0809,Manish Dubey,fictional_demo_identity
SUBJ_0810,SYN_P_0810,Sameer Banerjee,fictional_demo_identity
SUBJ_0811,SYN_P_0811,Pranav Yadav,fictional_demo_identity
SUBJ_0812,SYN_P_0812,Riya Kumar,fictional_demo_identity
SUBJ_0813,SYN_P_0813,Abhishek Nair,fictional_demo_identity
SUBJ_0814,SYN_P_0814,Rohan Rana,fictional_demo_identity
SUBJ_0815,SYN_P_0815,Aditya Kumar,fictional_demo_identity
SUBJ_0816,SYN_P_0816,Rohan Ghosh,fictional_demo_identity
SUBJ_0817,SYN_P_0817,Riya Reddy,fictional_demo_identity
SUBJ_0818,SYN_P_0818,Sameer Rao,fictional_demo_identity
SUBJ_0819,SYN_P_0819,Shreya Saxena,fictional_demo_identity
SUBJ_0820,SYN_P_0820,Manish Kumar,fictional_demo_identity
SUBJ_0821,SYN_P_0821,Harsh Sarkar,fictional_demo_identity
SUBJ_0822,SYN_P_0822,Rahul Nair,fictional_demo_identity
SUBJ_0823,SYN_P_0823,Shreya Chopra,fictional_demo_identity
SUBJ_0824,SYN_P_0824,Swati Dubey,fictional_demo_identity
SUBJ_0825,SYN_P_0825,Neha Mukherjee,fictional_demo_identity
SUBJ_0826,SYN_P_0826,Nikhil Arora,fictional_demo_identity
SUBJ_0827,SYN_P_0827,Komal Bhatia,fictional_demo_identity
SUBJ_0828,SYN_P_0828,Tanvi Das,fictional_demo_identity
SUBJ_0829,SYN_P_0829,Arjun Banerjee,fictional_demo_identity
SUBJ_0830,SYN_P_0830,Shreya Bhatia,fictional_demo_identity
SUBJ_0831,SYN_P_0831,Ankit Reddy,fictional_demo_identity
SUBJ_0832,SYN_P_0832,Tanvi Khanna,fictional_demo_identity
SUBJ_0833,SYN_P_0833,Deepak Tripathi,fictional_demo_identity
SUBJ_0834,SYN_P_0834,Sakshi Dutta,fictional_demo_identity
SUBJ_0835,SYN_P_0835,Manish Sethi,fictional_demo_identity
SUBJ_0836,SYN_P_0836,Pranav Ghosh,fictional_demo_identity
SUBJ_0837,SYN_P_0837,Divya Dutta,fictional_demo_identity
SUBJ_0838,SYN_P_0838,Ayush Malhotra,fictional_demo_identity
SUBJ_0839,SYN_P_0839,Isha Sarkar,fictional_demo_identity
SUBJ_0840,SYN_P_0840,Rahul Rana,fictional_demo_identity
SUBJ_0841,SYN_P_0841,Kavya Khanna,fictional_demo_identity
SUBJ_0842,SYN_P_0842,Divya Ahuja,fictional_demo_identity
SUBJ_0843,SYN_P_0843,Tanvi Menon,fictional_demo_identity
SUBJ_0844,SYN_P_0844,Rahul Ghosh,fictional_demo_identity
SUBJ_0845,SYN_P_0845,Aditi Arora,fictional_demo_identity
SUBJ_0846,SYN_P_0846,Vivaan Arora,fictional_demo_identity
SUBJ_0847,SYN_P_0847,Pranav Chopra,fictional_demo_identity
SUBJ_0848,SYN_P_0848,Varun Bhatia,fictional_demo_identity
SUBJ_0849,SYN_P_0849,Komal Deshmukh,fictional_demo_identity
SUBJ_0850,SYN_P_0850,Mohit Mishra,fictional_demo_identity
SUBJ_0851,SYN_P_0851,Vikram Kapoor,fictional_demo_identity
SUBJ_0852,SYN_P_0852,Rohan Chauhan,fictional_demo_identity
SUBJ_0853,SYN_P_0853,Ankit Nair,fictional_demo_identity
SUBJ_0854,SYN_P_0854,Komal Iyer,fictional_demo_identity
SUBJ_0855,SYN_P_0855,Simran Malhotra,fictional_demo_identity
SUBJ_0856,SYN_P_0856,Isha Khanna,fictional_demo_identity
SUBJ_0857,SYN_P_0857,Manish Bansal,fictional_demo_identity
SUBJ_0858,SYN_P_0858,Saurabh Bose,fictional_demo_identity
SUBJ_0859,SYN_P_0859,Komal Mukherjee,fictional_demo_identity
SUBJ_0860,SYN_P_0860,Nikhil Kohli,fictional_demo_identity
SUBJ_0861,SYN_P_0861,Sameer Singh,fictional_demo_identity
SUBJ_0862,SYN_P_0862,Anurag Arora,fictional_demo_identity
SUBJ_0863,SYN_P_0863,Raj Dubey,fictional_demo_identity
SUBJ_0864,SYN_P_0864,Simran Chauhan,fictional_demo_identity
SUBJ_0865,SYN_P_0865,Pallavi Ahuja,fictional_demo_identity
SUBJ_0866,SYN_P_0866,Sameer Mishra,fictional_demo_identity
SUBJ_0867,SYN_P_0867,Pooja Tiwari,fictional_demo_identity
SUBJ_0868,SYN_P_0868,Pranav Patil,fictional_demo_identity
SUBJ_0869,SYN_P_0869,Mohit Arora,fictional_demo_identity
SUBJ_0870,SYN_P_0870,Sameer Jadhav,fictional_demo_identity
SUBJ_0871,SYN_P_0871,Komal Chauhan,fictional_demo_identity
SUBJ_0872,SYN_P_0872,Komal Khanna,fictional_demo_identity
SUBJ_0873,SYN_P_0873,Aditi Menon,fictional_demo_identity
SUBJ_0874,SYN_P_0874,Anurag Bansal,fictional_demo_identity
SUBJ_0875,SYN_P_0875,Mohit Das,fictional_demo_identity
SUBJ_0876,SYN_P_0876,Priya Arora,fictional_demo_identity
SUBJ_0877,SYN_P_0877,Swati Menon,fictional_demo_identity
SUBJ_0878,SYN_P_0878,Karan Chauhan,fictional_demo_identity
SUBJ_0879,SYN_P_0879,Nikhil Yadav,fictional_demo_identity
SUBJ_0880,SYN_P_0880,Sameer Sethi,fictional_demo_identity
SUBJ_0881,SYN_P_0881,Vivaan Pandey,fictional_demo_identity
SUBJ_0882,SYN_P_0882,Raj Khanna,fictional_demo_identity
SUBJ_0883,SYN_P_0883,Rahul Arora,fictional_demo_identity
SUBJ_0884,SYN_P_0884,Yash Agarwal,fictional_demo_identity
SUBJ_0885,SYN_P_0885,Harsh Kapoor,fictional_demo_identity
SUBJ_0886,SYN_P_0886,Vikram Singh,fictional_demo_identity
SUBJ_0887,SYN_P_0887,Deepak Patil,fictional_demo_identity
SUBJ_0888,SYN_P_0888,Divya Malhotra,fictional_demo_identity
SUBJ_0889,SYN_P_0889,Pallavi Sarkar,fictional_demo_identity
SUBJ_0890,SYN_P_0890,Priya Dubey,fictional_demo_identity
SUBJ_0891,SYN_P_0891,Simran Sharma,fictional_demo_identity
SUBJ_0892,SYN_P_0892,Rahul Verma,fictional_demo_identity
SUBJ_0893,SYN_P_0893,Manish Reddy,fictional_demo_identity
SUBJ_0894,SYN_P_0894,Sakshi Das,fictional_demo_identity
SUBJ_0895,SYN_P_0895,Neha Shukla,fictional_demo_identity
SUBJ_0896,SYN_P_0896,Pranav Jain,fictional_demo_identity
SUBJ_0897,SYN_P_0897,Arjun Tiwari,fictional_demo_identity
SUBJ_0898,SYN_P_0898,Anurag Banerjee,fictional_demo_identity
SUBJ_0899,SYN_P_0899,Rohan Jain,fictional_demo_identity
SUBJ_0900,SYN_P_0900,Nisha Nair,fictional_demo_identity
SUBJ_0901,SYN_P_0901,Sneha Tiwari,fictional_demo_identity
SUBJ_0902,SYN_P_0902,Swati Kapoor,fictional_demo_identity
SUBJ_0903,SYN_P_0903,Aarav Mukherjee,fictional_demo_identity
SUBJ_0904,SYN_P_0904,Sneha Pandey,fictional_demo_identity
SUBJ_0905,SYN_P_0905,Saurabh Dutta,fictional_demo_identity
SUBJ_0906,SYN_P_0906,Meera Mehta,fictional_demo_identity
SUBJ_0907,SYN_P_0907,Neha Arora,fictional_demo_identity
SUBJ_0908,SYN_P_0908,Rohan Menon,fictional_demo_identity
SUBJ_0909,SYN_P_0909,Pooja Nair,fictional_demo_identity
SUBJ_0910,SYN_P_0910,Vivaan Khanna,fictional_demo_identity
SUBJ_0911,SYN_P_0911,Priya Singh,fictional_demo_identity
SUBJ_0912,SYN_P_0912,Nisha Khanna,fictional_demo_identity
SUBJ_0913,SYN_P_0913,Rishabh Tripathi,fictional_demo_identity
SUBJ_0914,SYN_P_0914,Muskan Verma,fictional_demo_identity
SUBJ_0915,SYN_P_0915,Abhishek Gupta,fictional_demo_identity
SUBJ_0916,SYN_P_0916,Nisha Agarwal,fictional_demo_identity
SUBJ_0917,SYN_P_0917,Muskan Wadhwa,fictional_demo_identity
SUBJ_0918,SYN_P_0918,Harsh Malhotra,fictional_demo_identity
SUBJ_0919,SYN_P_0919,Aditya Sethi,fictional_demo_identity
SUBJ_0920,SYN_P_0920,Pooja Bhatia,fictional_demo_identity
SUBJ_0921,SYN_P_0921,Komal Chatterjee,fictional_demo_identity
SUBJ_0922,SYN_P_0922,Priya Banerjee,fictional_demo_identity
SUBJ_0923,SYN_P_0923,Komal Jadhav,fictional_demo_identity
SUBJ_0924,SYN_P_0924,Aditya Chauhan,fictional_demo_identity
SUBJ_0925,SYN_P_0925,Mohit Singh,fictional_demo_identity
SUBJ_0926,SYN_P_0926,Yash Rana,fictional_demo_identity
SUBJ_0927,SYN_P_0927,Pooja Patil,fictional_demo_identity
SUBJ_0928,SYN_P_0928,Pallavi Ghosh,fictional_demo_identity
SUBJ_0929,SYN_P_0929,Karan Arora,fictional_demo_identity
SUBJ_0930,SYN_P_0930,Gaurav Sinha,fictional_demo_identity
SUBJ_0931,SYN_P_0931,Muskan Dubey,fictional_demo_identity
SUBJ_0932,SYN_P_0932,Akash Mehta,fictional_demo_identity
SUBJ_0933,SYN_P_0933,Sakshi Shukla,fictional_demo_identity
SUBJ_0934,SYN_P_0934,Isha Chopra,fictional_demo_identity
SUBJ_0935,SYN_P_0935,Pooja Chauhan,fictional_demo_identity
SUBJ_0936,SYN_P_0936,Meera Chauhan,fictional_demo_identity
SUBJ_0937,SYN_P_0937,Gaurav Bansal,fictional_demo_identity
SUBJ_0938,SYN_P_0938,Divya Dubey,fictional_demo_identity
SUBJ_0939,SYN_P_0939,Abhishek Dubey,fictional_demo_identity
SUBJ_0940,SYN_P_0940,Abhishek Mukherjee,fictional_demo_identity
SUBJ_0941,SYN_P_0941,Gaurav Yadav,fictional_demo_identity
SUBJ_0942,SYN_P_0942,Nisha Kumar,fictional_demo_identity
SUBJ_0943,SYN_P_0943,Nisha Sinha,fictional_demo_identity
SUBJ_0944,SYN_P_0944,Muskan Chatterjee,fictional_demo_identity
SUBJ_0945,SYN_P_0945,Nikhil Verma,fictional_demo_identity
SUBJ_0946,SYN_P_0946,Tanvi Dubey,fictional_demo_identity
SUBJ_0947,SYN_P_0947,Rishabh Arora,fictional_demo_identity
SUBJ_0948,SYN_P_0948,Aditya Das,fictional_demo_identity
SUBJ_0949,SYN_P_0949,Sameer Arora,fictional_demo_identity
SUBJ_0950,SYN_P_0950,Rishabh Dubey,fictional_demo_identity
SUBJ_0951,SYN_P_0951,Sneha Malhotra,fictional_demo_identity
SUBJ_0952,SYN_P_0952,Ayush Joshi,fictional_demo_identity
SUBJ_0953,SYN_P_0953,Shreya Yadav,fictional_demo_identity
SUBJ_0954,SYN_P_0954,Kavya Jain,fictional_demo_identity
SUBJ_0955,SYN_P_0955,Rajat Sarkar,fictional_demo_identity
SUBJ_0956,SYN_P_0956,Sameer Srivastava,fictional_demo_identity
SUBJ_0957,SYN_P_0957,Mohit Jain,fictional_demo_identity
SUBJ_0958,SYN_P_0958,Vikram Gupta,fictional_demo_identity
SUBJ_0959,SYN_P_0959,Sameer Chopra,fictional_demo_identity
SUBJ_0960,SYN_P_0960,Rahul Chatterjee,fictional_demo_identity
SUBJ_0961,SYN_P_0961,Abhishek Sarkar,fictional_demo_identity
SUBJ_0962,SYN_P_0962,Rohan Reddy,fictional_demo_identity
SUBJ_0963,SYN_P_0963,Pranav Bansal,fictional_demo_identity
SUBJ_0964,SYN_P_0964,Swati Sarkar,fictional_demo_identity
SUBJ_0965,SYN_P_0965,Saurabh Arora,fictional_demo_identity
SUBJ_0966,SYN_P_0966,Aditi Mishra,fictional_demo_identity
SUBJ_0967,SYN_P_0967,Karan Saxena,fictional_demo_identity
SUBJ_0968,SYN_P_0968,Rishabh Reddy,fictional_demo_identity
SUBJ_0969,SYN_P_0969,Sneha Arora,fictional_demo_identity
SUBJ_0970,SYN_P_0970,Naveen Reddy,fictional_demo_identity
SUBJ_0971,SYN_P_0971,Rahul Gupta,fictional_demo_identity
SUBJ_0972,SYN_P_0972,Swati Kohli,fictional_demo_identity
SUBJ_0973,SYN_P_0973,Anurag Gill,fictional_demo_identity
SUBJ_0974,SYN_P_0974,Yash Ghosh,fictional_demo_identity
SUBJ_0975,SYN_P_0975,Naveen Chatterjee,fictional_demo_identity
SUBJ_0976,SYN_P_0976,Neha Sethi,fictional_demo_identity
SUBJ_0977,SYN_P_0977,Vikram Gill,fictional_demo_identity
SUBJ_0978,SYN_P_0978,Kavya Banerjee,fictional_demo_identity
SUBJ_0979,SYN_P_0979,Riya Chopra,fictional_demo_identity
SUBJ_0980,SYN_P_0980,Gaurav Nair,fictional_demo_identity
SUBJ_0981,SYN_P_0981,Neha Kapoor,fictional_demo_identity
SUBJ_0982,SYN_P_0982,Nikhil Joshi,fictional_demo_identity
SUBJ_0983,SYN_P_0983,Abhishek Menon,fictional_demo_identity
SUBJ_0984,SYN_P_0984,Rajat Saxena,fictional_demo_identity
SUBJ_0985,SYN_P_0985,Nisha Reddy,fictional_demo_identity
SUBJ_0986,SYN_P_0986,Akash Malhotra,fictional_demo_identity
SUBJ_0987,SYN_P_0987,Nisha Rana,fictional_demo_identity
SUBJ_0988,SYN_P_0988,Simran Iyer,fictional_demo_identity
SUBJ_0989,SYN_P_0989,Shreya Bansal,fictional_demo_identity
SUBJ_0990,SYN_P_0990,Riya Naidu,fictional_demo_identity
SUBJ_0991,SYN_P_0991,Meera Mukherjee,fictional_demo_identity
SUBJ_0992,SYN_P_0992,Harsh Rao,fictional_demo_identity
SUBJ_0993,SYN_P_0993,Rahul Singh,fictional_demo_identity
SUBJ_0994,SYN_P_0994,Shreya Gill,fictional_demo_identity
SUBJ_0995,SYN_P_0995,Sneha Tripathi,fictional_demo_identity
SUBJ_0996,SYN_P_0996,Shreya Srivastava,fictional_demo_identity
SUBJ_0997,SYN_P_0997,Anurag Mukherjee,fictional_demo_identity
SUBJ_0998,SYN_P_0998,Nisha Verma,fictional_demo_identity
SUBJ_0999,SYN_P_0999,Ananya Banerjee,fictional_demo_identity
SUBJ_1000,SYN_P_1000,Priya Tiwari,fictional_demo_identity
SUBJ_1001,SYN_P_1001,Rohan Bose,fictional_demo_identity
SUBJ_1002,SYN_P_1002,Yash Sarkar,fictional_demo_identity
SUBJ_1003,SYN_P_1003,Yash Kohli,fictional_demo_identity
SUBJ_1004,SYN_P_1004,Abhishek Sinha,fictional_demo_identity
SUBJ_1005,SYN_P_1005,Naveen Jain,fictional_demo_identity
SUBJ_1006,SYN_P_1006,Ankit Kumar,fictional_demo_identity
SUBJ_1007,SYN_P_1007,Deepak Khanna,fictional_demo_identity
SUBJ_1008,SYN_P_1008,Simran Pandey,fictional_demo_identity
SUBJ_1009,SYN_P_1009,Mohit Wadhwa,fictional_demo_identity
SUBJ_1010,SYN_P_1010,Nikhil Deshmukh,fictional_demo_identity
SUBJ_1011,SYN_P_1011,Aditi Jadhav,fictional_demo_identity
SUBJ_1012,SYN_P_1012,Ananya Rana,fictional_demo_identity
SUBJ_1013,SYN_P_1013,Raj Srivastava,fictional_demo_identity
SUBJ_1014,SYN_P_1014,Riya Sethi,fictional_demo_identity
SUBJ_1015,SYN_P_1015,Arjun Kumar,fictional_demo_identity
SUBJ_1016,SYN_P_1016,Deepak Deshmukh,fictional_demo_identity
SUBJ_1017,SYN_P_1017,Isha Ghosh,fictional_demo_identity
SUBJ_1018,SYN_P_1018,Tanvi Patil,fictional_demo_identity
SUBJ_1019,SYN_P_1019,Deepak Iyer,fictional_demo_identity
SUBJ_1020,SYN_P_1020,Aarav Agarwal,fictional_demo_identity
SUBJ_1021,SYN_P_1021,Rajat Kohli,fictional_demo_identity
SUBJ_1022,SYN_P_1022,Aditya Sinha,fictional_demo_identity
SUBJ_1023,SYN_P_1023,Arjun Rao,fictional_demo_identity
SUBJ_1024,SYN_P_1024,Deepak Gupta,fictional_demo_identity
SUBJ_1025,SYN_P_1025,Shubham Nair,fictional_demo_identity
SUBJ_1026,SYN_P_1026,Sameer Wadhwa,fictional_demo_identity
SUBJ_1027,SYN_P_1027,Kavya Yadav,fictional_demo_identity
SUBJ_1028,SYN_P_1028,Simran Chatterjee,fictional_demo_identity
SUBJ_1029,SYN_P_1029,Simran Jain,fictional_demo_identity
SUBJ_1030,SYN_P_1030,Vikram Agarwal,fictional_demo_identity
SUBJ_1031,SYN_P_1031,Swati Bhatia,fictional_demo_identity
SUBJ_1032,SYN_P_1032,Naveen Kapoor,fictional_demo_identity
SUBJ_1033,SYN_P_1033,Vikram Joshi,fictional_demo_identity
SUBJ_1034,SYN_P_1034,Nikhil Sinha,fictional_demo_identity
SUBJ_1035,SYN_P_1035,Aditi Iyer,fictional_demo_identity
SUBJ_1036,SYN_P_1036,Sneha Rana,fictional_demo_identity
SUBJ_1037,SYN_P_1037,Rishabh Bhatia,fictional_demo_identity
SUBJ_1038,SYN_P_1038,Tanvi Jain,fictional_demo_identity
SUBJ_1039,SYN_P_1039,Pranav Kohli,fictional_demo_identity
SUBJ_1040,SYN_P_1040,Vivaan Das,fictional_demo_identity
