vehicle_id,registration_number,make,model,owner_person_id
VEH_0001,RJ49HC8716,Honda,Bolero,SYN_P_0112
VEH_0002,KA19GT8454,Hyundai,Bolero,SYN_P_0765
VEH_0003,UK59XG6875,Tata,Creta,SYN_P_0688
VEH_0004,UK05WS1977,Tata,Creta,SYN_P_0228
VEH_0005,TS59NF6629,Hyundai,Nexon,SYN_P_0322
VEH_0006,MP79FS4763,Maruti Suzuki,Bolero,SYN_P_1002
VEH_0007,RJ76PO5573,Maruti Suzuki,Innova,SYN_P_0877
VEH_0008,BR32HK8114,Honda,Creta,SYN_P_0306
VEH_0009,WB01NB1656,Mahindra,Innova,SYN_P_1033
VEH_0010,DL55QM8852,Kia,Seltos,SYN_P_0201
VEH_0011,TS64HC1203,Toyota,Innova,SYN_P_0833
VEH_0012,RJ17LJ4916,Toyota,Swift,SYN_P_0033
VEH_0013,TS86JF8524,Kia,City,SYN_P_0050
VEH_0014,TS60YE7641,Hyundai,Seltos,SYN_P_0759
VEH_0015,MP60WU1022,Kia,Innova,SYN_P_0145
VEH_0016,KA89KQ1535,Tata,Bolero,SYN_P_0553
VEH_0017,BR79RS4393,Kia,Innova,SYN_P_0166
VEH_0018,WB43XB9433,Toyota,Nexon,SYN_P_0106
VEH_0019,UP50LO1669,Tata,Nexon,SYN_P_0359
VEH_0020,MP72WC4354,Hyundai,Nexon,SYN_P_0489
VEH_0021,TN15UP4437,Kia,Innova,SYN_P_0462
VEH_0022,GJ46IQ7929,Tata,Swift,SYN_P_0130
VEH_0023,GJ45OP9215,Honda,Seltos,SYN_P_0252
VEH_0024,TS91RV9730,Tata,Bolero,SYN_P_0754
VEH_0025,MP89ZC4085,Mahindra,Swift,SYN_P_0165
VEH_0026,KA23JC2791,Hyundai,Nexon,SYN_P_0230
VEH_0027,BR19PE4346,Honda,Innova,SYN_P_0047
VEH_0028,MH54VR3163,Mahindra,Nexon,SYN_P_0861
VEH_0029,TS95UA5776,Hyundai,Swift,SYN_P_0046
VEH_0030,RJ67UK7745,Honda,Nexon,SYN_P_0669
VEH_0031,TS76VW9686,Kia,City,SYN_P_0912
VEH_0032,TS39SE6021,Hyundai,Seltos,SYN_P_0533
VEH_0033,RJ62LJ1775,Hyundai,Nexon,SYN_P_0583
VEH_0034,TS22TF9770,Tata,Creta,SYN_P_0360
VEH_0035,BR89VZ3514,Hyundai,Creta,SYN_P_0240
VEH_0036,DL41SE8223,Tata,Nexon,SYN_P_0378
VEH_0037,RJ72WB6192,Tata,Creta,SYN_P_0764
VEH_0038,TS70FR5940,Maruti Suzuki,Swift,SYN_P_0829
VEH_0039,TS99EO6246,Hyundai,Swift,SYN_P_1040
VEH_0040,GJ83WJ8764,Tata,Seltos,SYN_P_0302
VEH_0041,WB94OK2840,Toyota,Bolero,SYN_P_0083
VEH_0042,UK87RD6047,Maruti Suzuki,Bolero,SYN_P_0452
VEH_0043,TS46CK1901,Honda,Innova,SYN_P_0400
VEH_0044,WB68HZ5553,Hyundai,Swift,SYN_P_0172
VEH_0045,TN58VV2431,Honda,Bolero,SYN_P_0399
VEH_0046,TS41TT9381,Maruti Suzuki,Innova,SYN_P_0740
VEH_0047,KA19WN7056,Mahindra,Nexon,SYN_P_0025
VEH_0048,MH45LJ8300,Kia,City,SYN_P_0180
VEH_0049,RJ94OX7809,Kia,Bolero,SYN_P_0592
VEH_0050,UK94NX7786,Hyundai,Seltos,SYN_P_0177
VEH_0051,UK27JP9606,Tata,Swift,SYN_P_0770
VEH_0052,UP01NU5478,Mahindra,Creta,SYN_P_0947
VEH_0053,BR73YE4264,Hyundai,Seltos,SYN_P_0782
VEH_0054,MH71PB5947,Kia,City,SYN_P_0623
VEH_0055,TS72XO4678,Maruti Suzuki,Seltos,SYN_P_0006
VEH_0056,UK34JU8742,Maruti Suzuki,Innova,SYN_P_0590
VEH_0057,KA23PW5009,Maruti Suzuki,Swift,SYN_P_0568
VEH_0058,TS09TX6927,Honda,Bolero,SYN_P_0894
VEH_0059,MH81VP2959,Tata,City,SYN_P_0036
VEH_0060,MH21SB3394,Tata,Bolero,SYN_P_0278
VEH_0061,GJ21BI6917,Mahindra,Innova,SYN_P_0730
VEH_0062,DL38JQ2258,Honda,Creta,SYN_P_0376
VEH_0063,UP77YF9908,Tata,Seltos,SYN_P_0648
VEH_0064,MP39IV6939,Maruti Suzuki,City,SYN_P_0721
VEH_0065,UK02EQ5610,Tata,Seltos,SYN_P_0994
VEH_0066,KA44FD4569,Hyundai,City,SYN_P_0453
VEH_0067,RJ72TW9612,Kia,City,SYN_P_0234
VEH_0068,KA59CD3150,Maruti Suzuki,Bolero,SYN_P_0714
VEH_0069,MH89LE8240,Honda,City,SYN_P_0701
VEH_0070,UK91JA2943,Hyundai,Creta,SYN_P_0292
VEH_0071,BR30JE4438,Hyundai,Swift,SYN_P_0871
VEH_0072,BR98ZD2273,Maruti Suzuki,Seltos,SYN_P_0992
VEH_0073,KA06GD1537,Kia,Innova,SYN_P_0122
VEH_0074,TS16IB2085,Tata,Innova,SYN_P_0022
VEH_0075,UP16TG4277,Hyundai,Innova,SYN_P_0720
VEH_0076,DL12EX5544,Honda,Nexon,SYN_P_0722
VEH_0077,UK65YX4962,Honda,City,SYN_P_0140
VEH_0078,UP75YA9664,Hyundai,Innova,SYN_P_0393
VEH_0079,MH22YR1070,Toyota,Swift,SYN_P_0439
VEH_0080,TN91PL4033,Mahindra,Innova,SYN_P_0220
VEH_0081,UK46MN4510,Honda,Creta,SYN_P_0835
VEH_0082,UP98KD8633,Maruti Suzuki,City,SYN_P_0279
VEH_0083,TS98LW5723,Honda,Innova,SYN_P_0084
VEH_0084,UP42PD7304,Tata,Bolero,SYN_P_0639
VEH_0085,MP57HR7672,Tata,Seltos,SYN_P_0877
VEH_0086,RJ09ZP7020,Hyundai,Swift,SYN_P_1007
VEH_0087,MP14MO9563,Toyota,Innova,SYN_P_0175
VEH_0088,UP19MM2666,Toyota,Creta,SYN_P_0133
VEH_0089,GJ26KG7623,Maruti Suzuki,Creta,SYN_P_0870
VEH_0090,BR64IY5472,Kia,Seltos,SYN_P_0820
VEH_0091,GJ61VT7626,Mahindra,City,SYN_P_0572
VEH_0092,UK99OD3001,Tata,Bolero,SYN_P_1019
VEH_0093,RJ81EA2631,Toyota,Swift,SYN_P_0140
VEH_0094,TS87AF7269,Honda,Innova,SYN_P_0670
VEH_0095,UK39TT2578,Kia,Swift,SYN_P_1009
VEH_0096,TS26JV9157,Mahindra,City,SYN_P_0536
VEH_0097,TN44ZR9955,Maruti Suzuki,Seltos,SYN_P_0065
VEH_0098,KA16MO6153,Kia,Bolero,SYN_P_0907
VEH_0099,TS05BF5965,Toyota,Creta,SYN_P_1007
VEH_0100,KA18JW7374,Mahindra,Seltos,SYN_P_0225
VEH_0101,WB87PV9837,Honda,Bolero,SYN_P_0975
VEH_0102,TN21QB7412,Tata,Bolero,SYN_P_0774
VEH_0103,WB87LY5660,Tata,Swift,SYN_P_0058
VEH_0104,WB06EL6715,Kia,Innova,SYN_P_0056
VEH_0105,MP44MD8014,Tata,Nexon,SYN_P_0844
VEH_0106,GJ08VH5056,Hyundai,Innova,SYN_P_0640
VEH_0107,WB11WC5995,Maruti Suzuki,Nexon,SYN_P_0348
VEH_0108,DL69KB8551,Toyota,Seltos,SYN_P_0866
VEH_0109,WB66NI1334,Toyota,Bolero,SYN_P_0046
VEH_0110,GJ49SM6282,Honda,Swift,SYN_P_1001
VEH_0111,UP89VG6504,Mahindra,City,SYN_P_0696
VEH_0112,UK79JL8143,Hyundai,Bolero,SYN_P_0155
VEH_0113,TN28JI1778,Tata,City,SYN_P_0824
VEH_0114,RJ80XC2552,Honda,Nexon,SYN_P_0560
VEH_0115,UP73ZQ8786,Mahindra,Creta,SYN_P_0712
VEH_0116,UP84JQ5913,Mahindra,Innova,SYN_P_0642
VEH_0117,RJ54MI9443,Mahindra,Innova,SYN_P_0370
VEH_0118,DL81WQ4056,Honda,Bolero,SYN_P_0437
VEH_0119,MP96OI9728,Kia,City,SYN_P_0889
VEH_0120,WB94UB9556,Hyundai,Nexon,SYN_P_0948
VEH_0121,UK31EX5919,Kia,Bolero,SYN_P_0841
VEH_0122,GJ09UG7757,Tata,Seltos,SYN_P_0588
VEH_0123,MP21IV4868,Mahindra,Creta,SYN_P_0233
VEH_0124,UK25AH6087,Mahindra,Bolero,SYN_P_0894
VEH_0125,KA83BG3610,Tata,Creta,SYN_P_0060
VEH_0126,MH36VR3883,Toyota,Seltos,SYN_P_0087
VEH_0127,BR63ZA1906,Kia,Swift,SYN_P_0643
VEH_0128,WB39CN6954,Toyota,Innova,SYN_P_0185
VEH_0129,KA93EH2833,Honda,Innova,SYN_P_1025
VEH_0130,UP67VS9605,Tata,Bolero,SYN_P_0185
VEH_0131,RJ77DY6134,Tata,Seltos,SYN_P_0799
VEH_0132,BR96HN4571,Hyundai,Swift,SYN_P_0359
VEH_0133,RJ36ON5166,Kia,City,SYN_P_0115
VEH_0134,TS69LW2850,Tata,City,SYN_P_0868
VEH_0135,TS88HI3374,Tata,Bolero,SYN_P_0754
VEH_0136,MH03UT1570,Kia,Innova,SYN_P_0112
VEH_0137,BR86HI7302,Tata,Innova,SYN_P_0744
VEH_0138,MP16RH8248,Mahindra,Swift,SYN_P_0805
VEH_0139,MH39CY4857,Tata,Creta,SYN_P_0329
VEH_0140,TS81KZ7656,Kia,Swift,SYN_P_0562
VEH_0141,UP63PX7765,Kia,Nexon,SYN_P_0866
VEH_0142,UP21WI9295,Maruti Suzuki,Nexon,SYN_P_0862
VEH_0143,WB94RX6353,Mahindra,Innova,SYN_P_0057
VEH_0144,DL83UF8264,Kia,Innova,SYN_P_0279
VEH_0145,DL52GU6006,Tata,City,SYN_P_0169
VEH_0146,UP21HQ3131,Kia,City,SYN_P_0841
VEH_0147,GJ58PX3187,Tata,Creta,SYN_P_0671
VEH_0148,MH26CN7022,Hyundai,Bolero,SYN_P_0773
VEH_0149,WB29AA4747,Maruti Suzuki,Bolero,SYN_P_0407
VEH_0150,MH90FB7570,Honda,Bolero,SYN_P_0533
VEH_0151,UK12LF2922,Maruti Suzuki,Innova,SYN_P_0892
VEH_0152,TS87PD4677,Toyota,Creta,SYN_P_0391
VEH_0153,MH37XP7259,Hyundai,Bolero,SYN_P_0424
VEH_0154,WB28JX4102,Mahindra,Creta,SYN_P_0837
VEH_0155,UK04JI4858,Honda,Bolero,SYN_P_0509
VEH_0156,GJ75VU8506,Maruti Suzuki,Swift,SYN_P_0961
VEH_0157,UK42WM4476,Toyota,Bolero,SYN_P_0867
VEH_0158,BR77IC2561,Honda,Swift,SYN_P_0107
VEH_0159,GJ31PL1745,Maruti Suzuki,Nexon,SYN_P_1034
VEH_0160,WB49JM7076,Hyundai,City,SYN_P_0085
VEH_0161,WB23IF9253,Mahindra,Nexon,SYN_P_0959
VEH_0162,UK12KW9690,Mahindra,Creta,SYN_P_0534
VEH_0163,UP41BE9179,Kia,Seltos,SYN_P_0576
VEH_0164,BR47NJ5312,Honda,Seltos,SYN_P_0541
VEH_0165,TN41NF6169,Toyota,Bolero,SYN_P_0310
VEH_0166,TN85UZ8208,Maruti Suzuki,Creta,SYN_P_0305
VEH_0167,DL30FB8704,Tata,Creta,SYN_P_0957
VEH_0168,KA15PB8233,Tata,Innova,SYN_P_0994
VEH_0169,TS64DX3425,Maruti Suzuki,Nexon,SYN_P_0192
VEH_0170,RJ37FF9335,Kia,Nexon,SYN_P_0435
VEH_0171,WB01QY3958,Mahindra,Swift,SYN_P_0505
VEH_0172,TS87DK1425,Tata,Innova,SYN_P_0250
VEH_0173,KA48SD6300,Hyundai,Swift,SYN_P_0167
VEH_0174,TS91VP8439,Toyota,Nexon,SYN_P_0012
VEH_0175,GJ06UT8423,Tata,Innova,SYN_P_0265
VEH_0176,RJ07ZU5635,Tata,Seltos,SYN_P_0114
VEH_0177,BR10RT7248,Maruti Suzuki,Bolero,SYN_P_0523
VEH_0178,UK31YM2461,Maruti Suzuki,Seltos,SYN_P_0427
VEH_0179,UK50YM5668,Toyota,Seltos,SYN_P_0316
VEH_0180,UP39PZ8083,Toyota,Seltos,SYN_P_0636
VEH_0181,MP78EL2574,Kia,Nexon,SYN_P_0410
VEH_0182,TS58MP5398,Honda,City,SYN_P_0867
VEH_0183,UP97NZ7033,Honda,Creta,SYN_P_0890
VEH_0184,MP55CB9410,Tata,Bolero,SYN_P_0460
VEH_0185,MP88WE9115,Honda,Innova,SYN_P_0172
VEH_0186,MH60NC8825,Tata,Creta,SYN_P_0262
VEH_0187,MP39HQ8007,Tata,City,SYN_P_0098
VEH_0188,TN10BQ2763,Honda,Bolero,SYN_P_0846
VEH_0189,UP60VX5151,Tata,Nexon,SYN_P_0168
VEH_0190,TN03DX8583,Hyundai,Seltos,SYN_P_0374
VEH_0191,KA06CN5876,Tata,City,SYN_P_0932
VEH_0192,MP58TZ5342,Tata,Seltos,SYN_P_0384
VEH_0193,RJ24CX5248,Kia,Innova,SYN_P_0218
VEH_0194,KA69AA7470,Maruti Suzuki,Swift,SYN_P_0352
VEH_0195,MP62OW7637,Kia,Innova,SYN_P_0997
VEH_0196,MH80TL7471,Kia,Nexon,SYN_P_0180
VEH_0197,UK18AG2833,Kia,Swift,SYN_P_0386
VEH_0198,DL27PU3378,Toyota,Creta,SYN_P_0893
VEH_0199,MP69GC5930,Kia,Bolero,SYN_P_0304
VEH_0200,TS55AD3721,Hyundai,Innova,SYN_P_0912
VEH_0201,TS61AO4975,Hyundai,Nexon,SYN_P_0803
VEH_0202,DL43AD8074,Mahindra,Seltos,SYN_P_1016
VEH_0203,BR75TX5764,Maruti Suzuki,Bolero,SYN_P_0819
VEH_0204,TS66SX8993,Hyundai,Innova,SYN_P_0125
VEH_0205,TN03NS6174,Honda,Swift,SYN_P_0549
VEH_0206,MP54PD9106,Honda,Innova,SYN_P_0711
VEH_0207,TS90NA3643,Tata,Innova,SYN_P_0394
VEH_0208,TS45OH9317,Hyundai,City,SYN_P_0695
VEH_0209,WB92VO3148,Tata,Innova,SYN_P_0800
VEH_0210,KA87UX6902,Kia,Bolero,SYN_P_0332
VEH_0211,WB27JW2412,Toyota,Bolero,SYN_P_0265
VEH_0212,UK26FT9063,Maruti Suzuki,Seltos,SYN_P_0852
VEH_0213,TS39HG1770,Maruti Suzuki,Nexon,SYN_P_0535
VEH_0214,GJ87FF9248,Maruti Suzuki,Seltos,SYN_P_0131
VEH_0215,GJ56DT4714,Maruti Suzuki,City,SYN_P_0459
VEH_0216,TS34KZ6820,Kia,Swift,SYN_P_0548
VEH_0217,UK89QT2706,Toyota,Swift,SYN_P_0897
VEH_0218,TS97DD2669,Kia,City,SYN_P_0086
VEH_0219,TN14FU2934,Kia,Creta,SYN_P_0741
VEH_0220,UK94JW8233,Kia,City,SYN_P_1021
VEH_0221,BR13EU6959,Tata,Seltos,SYN_P_0283
VEH_0222,UP26ON1107,Hyundai,Seltos,SYN_P_0971
VEH_0223,GJ37QF2396,Tata,Nexon,SYN_P_0850
VEH_0224,GJ81VH3483,Kia,Seltos,SYN_P_0864
VEH_0225,RJ18ZN7773,Mahindra,Bolero,SYN_P_0741
VEH_0226,DL57EY1162,Toyota,Seltos,SYN_P_0143
VEH_0227,UP44KM3692,Mahindra,Swift,SYN_P_0806
VEH_0228,DL85UE1947,Toyota,Innova,SYN_P_0606
VEH_0229,KA52VW5986,Toyota,Innova,SYN_P_0643
VEH_0230,GJ02IQ3406,Toyota,Bolero,SYN_P_0914
VEH_0231,MP27RT8244,Toyota,Nexon,SYN_P_0829
VEH_0232,RJ39CB9805,Tata,Bolero,SYN_P_0259
VEH_0233,TN70JG2520,Honda,City,SYN_P_0640
VEH_0234,TN44YU3621,Maruti Suzuki,Swift,SYN_P_0530
VEH_0235,RJ39XN9278,Maruti Suzuki,Innova,SYN_P_0123
VEH_0236,GJ34UQ6807,Maruti Suzuki,Swift,SYN_P_0256
VEH_0237,TS39SX1085,Mahindra,Nexon,SYN_P_0484
VEH_0238,BR75SW9737,Kia,City,SYN_P_0479
VEH_0239,GJ39JV3293,Toyota,Bolero,SYN_P_0508
VEH_0240,UP42QS4154,Kia,Seltos,SYN_P_0740
VEH_0241,TS13EW7974,Kia,Bolero,SYN_P_0168
VEH_0242,UP08NE8802,Hyundai,Bolero,SYN_P_0160
VEH_0243,GJ87QM9502,Kia,Bolero,SYN_P_0541
VEH_0244,WB64UN8210,Toyota,Bolero,SYN_P_0854
VEH_0245,UK19QE8942,Toyota,Bolero,SYN_P_0265
VEH_0246,BR66QD4483,Mahindra,Bolero,SYN_P_0067
VEH_0247,BR21RL2945,Honda,Seltos,SYN_P_0837
VEH_0248,UP16LS5744,Maruti Suzuki,City,SYN_P_0314
VEH_0249,UP48JL5968,Tata,Bolero,SYN_P_0058
VEH_0250,UK19ZS7910,Maruti Suzuki,Nexon,SYN_P_0581
VEH_0251,RJ24XP1034,Maruti Suzuki,City,SYN_P_0715
VEH_0252,UP06NP6074,Honda,Bolero,SYN_P_0692
VEH_0253,KA61XT3175,Kia,Creta,SYN_P_1034
VEH_0254,MP59YO8357,Hyundai,Seltos,SYN_P_0667
VEH_0255,UP80VT7711,Mahindra,Creta,SYN_P_0810
VEH_0256,GJ70BV8259,Toyota,Nexon,SYN_P_0182
VEH_0257,UK91AS6060,Honda,Innova,SYN_P_0254
VEH_0258,MP72CG9877,Honda,Seltos,SYN_P_0109
VEH_0259,WB67GY8796,Honda,Swift,SYN_P_0247
VEH_0260,MP69FA5504,Kia,Creta,SYN_P_0503
VEH_0261,BR75OC9741,Honda,Nexon,SYN_P_0823
VEH_0262,WB06PA6569,Mahindra,Creta,SYN_P_0850
VEH_0263,DL68KM5213,Maruti Suzuki,Swift,SYN_P_0204
VEH_0264,TN22JE3992,Tata,Seltos,SYN_P_0184
VEH_0265,UK40NV3772,Maruti Suzuki,City,SYN_P_0667
VEH_0266,UK04WB5882,Mahindra,Swift,SYN_P_0656
VEH_0267,UK53KI7152,Kia,Swift,SYN_P_0107
VEH_0268,RJ31YT4874,Mahindra,City,SYN_P_1034
VEH_0269,KA15IB6215,Mahindra,City,SYN_P_0834
VEH_0270,UP62AN4829,Maruti Suzuki,Nexon,SYN_P_0208
VEH_0271,RJ98RU3057,Tata,City,SYN_P_0834
VEH_0272,TS11UQ4333,Kia,Creta,SYN_P_0765
VEH_0273,TN22ZH9806,Mahindra,City,SYN_P_0926
VEH_0274,DL01OT5739,Toyota,Creta,SYN_P_0002
VEH_0275,DL62IT5110,Kia,Innova,SYN_P_0779
VEH_0276,GJ81GS9361,Tata,Swift,SYN_P_0331
VEH_0277,BR69SC5925,Maruti Suzuki,Bolero,SYN_P_0252
VEH_0278,UK93RI8077,Hyundai,City,SYN_P_1034
VEH_0279,GJ88KU5282,Kia,Innova,SYN_P_0928
VEH_0280,MH32VK6597,Hyundai,Bolero,SYN_P_0673
VEH_0281,DL89EU1033,Honda,Bolero,SYN_P_0009
VEH_0282,DL87FN9011,Kia,Bolero,SYN_P_0167
VEH_0283,MP84CR1507,Kia,Seltos,SYN_P_0912
VEH_0284,MP16LM6864,Mahindra,Creta,SYN_P_0018
VEH_0285,UP60LG8283,Maruti Suzuki,Creta,SYN_P_0041
VEH_0286,MH88WL4137,Maruti Suzuki,Seltos,SYN_P_0621
VEH_0287,BR29HP6947,Maruti Suzuki,Nexon,SYN_P_1010
VEH_0288,BR91TG1116,Hyundai,Seltos,SYN_P_0812
VEH_0289,UP36SQ9093,Hyundai,City,SYN_P_0397
VEH_0290,MP95SV3875,Maruti Suzuki,City,SYN_P_0263
VEH_0291,BR09EI4734,Honda,Innova,SYN_P_0562
VEH_0292,RJ87AW9731,Honda,Nexon,SYN_P_0930
VEH_0293,DL55UV1849,Kia,Nexon,SYN_P_0886
VEH_0294,KA36DV9491,Mahindra,Bolero,SYN_P_0741
VEH_0295,TN98BX4678,Maruti Suzuki,Nexon,SYN_P_0861
VEH_0296,TN58KA7420,Hyundai,Nexon,SYN_P_0168
VEH_0297,WB04XH7943,Maruti Suzuki,Creta,SYN_P_0404
VEH_0298,UK43JC2584,Maruti Suzuki,Bolero,SYN_P_0885
VEH_0299,DL76ZU6477,Kia,Nexon,SYN_P_0507
VEH_0300,UP61HK1891,Kia,Nexon,SYN_P_0485
VEH_0301,UP77TO2567,Toyota,Bolero,SYN_P_0256
VEH_0302,UP08BM6132,Kia,Innova,SYN_P_0134
VEH_0303,UK08ZO1897,Tata,City,SYN_P_0885
VEH_0304,UP14VB1855,Tata,Seltos,SYN_P_0782
VEH_0305,KA13TY7735,Hyundai,Seltos,SYN_P_0022
VEH_0306,TS50OZ8014,Honda,City,SYN_P_0208
VEH_0307,GJ84VZ1425,Mahindra,City,SYN_P_0673
VEH_0308,WB25DD1201,Honda,Innova,SYN_P_0139
VEH_0309,WB25SE9337,Tata,Nexon,SYN_P_0863
VEH_0310,TS93TO4046,Hyundai,Creta,SYN_P_0091
VEH_0311,DL17JS8140,Honda,Innova,SYN_P_0733
VEH_0312,MH75RY3385,Hyundai,Bolero,SYN_P_0633
VEH_0313,WB44JL1132,Honda,City,SYN_P_0297
VEH_0314,DL31QR1894,Mahindra,Nexon,SYN_P_0401
VEH_0315,RJ82GZ2120,Tata,Creta,SYN_P_0975
VEH_0316,BR89OT6425,Kia,City,SYN_P_0688
VEH_0317,WB39NK3658,Maruti Suzuki,Bolero,SYN_P_0087
VEH_0318,TS29AU4654,Toyota,Creta,SYN_P_0956
VEH_0319,WB28HP6431,Kia,Innova,SYN_P_0770
VEH_0320,RJ52FA6944,Maruti Suzuki,Swift,SYN_P_0733
VEH_0321,DL72DE5760,Mahindra,Creta,SYN_P_0738
VEH_0322,DL04GG5654,Hyundai,Creta,SYN_P_0537
VEH_0323,BR23KR5029,Hyundai,Creta,SYN_P_0045
VEH_0324,UK34DA3248,Mahindra,Innova,SYN_P_0228
VEH_0325,GJ27JO4934,Tata,Seltos,SYN_P_0763
VEH_0326,MP22QZ8106,Toyota,Swift,SYN_P_0243
VEH_0327,UK17ZG4140,Honda,Bolero,SYN_P_0767
VEH_0328,GJ77NU5006,Maruti Suzuki,Seltos,SYN_P_0388
VEH_0329,TN38ZE6368,Hyundai,Swift,SYN_P_0574
VEH_0330,UK66SP4428,Toyota,Swift,SYN_P_0964
VEH_0331,MP79CF9333,Mahindra,Seltos,SYN_P_0767
VEH_0332,TS67OF6272,Toyota,Nexon,SYN_P_0990
VEH_0333,BR64PI7569,Toyota,Seltos,SYN_P_0075
VEH_0334,RJ29GO4840,Mahindra,Creta,SYN_P_0627
VEH_0335,KA49SF7129,Tata,City,SYN_P_0174
VEH_0336,UK97CJ8282,Honda,Nexon,SYN_P_0472
VEH_0337,WB06OQ6511,Mahindra,Bolero,SYN_P_0958
VEH_0338,KA53LZ9151,Tata,Nexon,SYN_P_0784
VEH_0339,DL23OH5351,Toyota,Swift,SYN_P_0736
VEH_0340,UP38QQ9956,Toyota,Swift,SYN_P_0567
VEH_0341,RJ13DC6902,Maruti Suzuki,City,SYN_P_0411
VEH_0342,GJ26VK5096,Tata,Innova,SYN_P_0563
VEH_0343,RJ91TE9898,Tata,Swift,SYN_P_0614
VEH_0344,MH45ZM7647,Kia,City,SYN_P_0025
VEH_0345,TS84QY3445,Kia,Bolero,SYN_P_0467
VEH_0346,RJ93XG8773,Hyundai,City,SYN_P_0960
VEH_0347,BR60KZ2406,Tata,Seltos,SYN_P_0385
VEH_0348,KA99WN4433,Mahindra,Bolero,SYN_P_0062
VEH_0349,GJ18SE6006,Toyota,Swift,SYN_P_1024
VEH_0350,MP46KH7867,Mahindra,Innova,SYN_P_0827
VEH_0351,BR69JK1380,Honda,Seltos,SYN_P_0066
VEH_0352,UK20KS7404,Mahindra,Creta,SYN_P_0801
VEH_0353,UP69MG8778,Maruti Suzuki,Nexon,SYN_P_0925
VEH_0354,MP39CF2709,Toyota,City,SYN_P_0364
VEH_0355,DL89TP1439,Hyundai,Creta,SYN_P_0143
VEH_0356,KA37GH5769,Toyota,City,SYN_P_0144
VEH_0357,TS08LQ1180,Hyundai,Nexon,SYN_P_0842
VEH_0358,KA21DE9789,Mahindra,Bolero,SYN_P_0141
VEH_0359,KA27EG6075,Mahindra,Seltos,SYN_P_0973
VEH_0360,UK78SJ4325,Honda,Innova,SYN_P_0940
VEH_0361,MH26AE8302,Maruti Suzuki,Seltos,SYN_P_0818
VEH_0362,WB32QK9043,Mahindra,Bolero,SYN_P_0081
VEH_0363,BR12JU8476,Tata,Innova,SYN_P_0610
VEH_0364,KA79ZF7800,Hyundai,Creta,SYN_P_0885
VEH_0365,TS50VF2565,Mahindra,Innova,SYN_P_0090
VEH_0366,RJ21IU9810,Tata,Innova,SYN_P_0137
VEH_0367,BR93XG9085,Mahindra,Seltos,SYN_P_0249
VEH_0368,GJ10YD9264,Kia,Seltos,SYN_P_0668
VEH_0369,KA58FI4397,Honda,Swift,SYN_P_0947
VEH_0370,DL10UW8567,Mahindra,Nexon,SYN_P_0818
VEH_0371,RJ51BA5105,Maruti Suzuki,Innova,SYN_P_0280
VEH_0372,GJ86XO8942,Mahindra,Swift,SYN_P_0170
VEH_0373,TN85HW8171,Hyundai,Bolero,SYN_P_0572
VEH_0374,UK22AT2646,Hyundai,Nexon,SYN_P_0255
VEH_0375,TN95MF2271,Toyota,Seltos,SYN_P_0023
VEH_0376,MP35EO6866,Hyundai,Creta,SYN_P_0071
VEH_0377,MP69GO1782,Kia,Innova,SYN_P_0211
VEH_0378,KA89JO1858,Honda,Swift,SYN_P_0100
VEH_0379,KA99GH7138,Hyundai,Creta,SYN_P_0188
VEH_0380,DL54AA6523,Kia,Creta,SYN_P_0130
VEH_0381,RJ13ZV3750,Toyota,Creta,SYN_P_0091
VEH_0382,KA66DK6286,Honda,Innova,SYN_P_0389
VEH_0383,WB27RM8010,Maruti Suzuki,Creta,SYN_P_0438
VEH_0384,UP46KF1245,Mahindra,Innova,SYN_P_0648
VEH_0385,DL50GO4606,Maruti Suzuki,Innova,SYN_P_0571
VEH_0386,MP80LB2103,Hyundai,Bolero,SYN_P_0618
VEH_0387,WB64DW9784,Kia,Seltos,SYN_P_0352
VEH_0388,MH13TK7366,Toyota,Seltos,SYN_P_0273
VEH_0389,GJ23UY6209,Kia,Innova,SYN_P_0988
VEH_0390,UP43AT8354,Mahindra,City,SYN_P_0477
VEH_0391,TN76WA4811,Maruti Suzuki,City,SYN_P_0255
VEH_0392,MH31XN4990,Honda,Swift,SYN_P_0123
VEH_0393,UK48PJ4309,Hyundai,Bolero,SYN_P_0419
VEH_0394,MP05HX8270,Toyota,Nexon,SYN_P_0275
VEH_0395,MH41UZ1648,Honda,Seltos,SYN_P_0850
VEH_0396,MP37YA4752,Kia,Innova,SYN_P_0679
VEH_0397,GJ32GR1885,Toyota,Creta,SYN_P_0456
VEH_0398,WB49QK4007,Mahindra,Innova,SYN_P_0013
VEH_0399,UP63CG1853,Toyota,Creta,SYN_P_0419
VEH_0400,UK12FS9992,Kia,Seltos,SYN_P_0419
VEH_0401,RJ65CN8652,Tata,Creta,SYN_P_0405
VEH_0402,RJ55FT5079,Tata,Nexon,SYN_P_0919
VEH_0403,MP26IZ8883,Maruti Suzuki,Nexon,SYN_P_0816
VEH_0404,KA22PO7925,Honda,City,SYN_P_0888
VEH_0405,UK62AY7249,Mahindra,Seltos,SYN_P_0171
VEH_0406,MH77RE3878,Tata,Bolero,SYN_P_0950
VEH_0407,MH59JM8878,Maruti Suzuki,Nexon,SYN_P_0280
VEH_0408,BR61GE4106,Maruti Suzuki,Swift,SYN_P_1026
VEH_0409,BR93LP7628,Mahindra,Bolero,SYN_P_0765
VEH_0410,KA63JU2167,Mahindra,Swift,SYN_P_0255
VEH_0411,KA73FG8148,Tata,Seltos,SYN_P_0714
VEH_0412,TN91PU7032,Toyota,Swift,SYN_P_0790
VEH_0413,KA95HH8827,Maruti Suzuki,Seltos,SYN_P_0741
VEH_0414,MP91VA3422,Tata,City,SYN_P_0933
VEH_0415,MP19IH3644,Maruti Suzuki,Swift,SYN_P_0190
VEH_0416,MP92MM2316,Honda,Creta,SYN_P_0867
VEH_0417,UK55IW5951,Honda,City,SYN_P_0784
VEH_0418,WB40XN2456,Maruti Suzuki,Innova,SYN_P_0706
VEH_0419,UK35XG7520,Toyota,Nexon,SYN_P_0014
VEH_0420,UK63AD2144,Kia,Innova,SYN_P_0856
VEH_0421,TN54UJ8060,Hyundai,Creta,SYN_P_0768
VEH_0422,UK91EG8970,Hyundai,City,SYN_P_0226
VEH_0423,TS73GF4292,Maruti Suzuki,Innova,SYN_P_0375
VEH_0424,RJ34NO2789,Kia,Innova,SYN_P_0341
VEH_0425,UP38CM3042,Tata,Swift,SYN_P_0701
VEH_0426,DL75HP8949,Toyota,Seltos,SYN_P_0207
VEH_0427,DL08IY1118,Toyota,City,SYN_P_0086
VEH_0428,UP28QZ1118,Mahindra,City,SYN_P_0545
VEH_0429,TS61YK8036,Tata,Nexon,SYN_P_0703
VEH_0430,GJ31LV7528,Mahindra,City,SYN_P_0118
VEH_0431,GJ43ZD1050,Mahindra,Seltos,SYN_P_0823
VEH_0432,BR18AT3013,Kia,City,SYN_P_0573
VEH_0433,BR97HL8404,Honda,Innova,SYN_P_0974
VEH_0434,TN53VG1051,Toyota,Seltos,SYN_P_0660
VEH_0435,DL82LB6333,Toyota,Bolero,SYN_P_0479
VEH_0436,WB63MX2333,Tata,Bolero,SYN_P_0976
VEH_0437,MP90DX7305,Tata,City,SYN_P_0400
VEH_0438,BR19QS9267,Maruti Suzuki,Creta,SYN_P_1020
VEH_0439,UP39VR8648,Hyundai,Bolero,SYN_P_0237
VEH_0440,TS85RH4987,Hyundai,Creta,SYN_P_0184
VEH_0441,UP56WA3625,Tata,Bolero,SYN_P_0575
VEH_0442,RJ93IV8803,Toyota,Swift,SYN_P_0279
VEH_0443,TN82XP2481,Kia,Innova,SYN_P_0682
VEH_0444,RJ74YT2059,Toyota,Nexon,SYN_P_0773
VEH_0445,BR96XX7252,Toyota,Innova,SYN_P_0895
VEH_0446,RJ29ID5767,Maruti Suzuki,Swift,SYN_P_0183
VEH_0447,GJ95SG2902,Honda,Nexon,SYN_P_0261
VEH_0448,GJ49SX1027,Tata,Swift,SYN_P_0389
VEH_0449,KA55KY6980,Kia,Innova,SYN_P_0259
VEH_0450,TN85TS4639,Maruti Suzuki,Bolero,SYN_P_0019
VEH_0451,TN59KE5863,Kia,Creta,SYN_P_1024
VEH_0452,MP59ET5643,Hyundai,Innova,SYN_P_0071
VEH_0453,WB41JQ3022,Tata,Seltos,SYN_P_0980
VEH_0454,MP28PJ7171,Maruti Suzuki,Seltos,SYN_P_0683
VEH_0455,UK92GX4687,Toyota,Innova,SYN_P_0108
VEH_0456,UK63XM5900,Kia,Innova,SYN_P_0327
VEH_0457,DL71MK7921,Toyota,Bolero,SYN_P_0714
VEH_0458,KA51CQ5637,Tata,Innova,SYN_P_0400
VEH_0459,BR71MD3144,Tata,Seltos,SYN_P_0111
VEH_0460,BR39OU3681,Honda,Creta,SYN_P_0905
VEH_0461,BR62JE4436,Hyundai,Seltos,SYN_P_0401
VEH_0462,BR84AL2670,Toyota,Seltos,SYN_P_0303
VEH_0463,KA55VF1922,Maruti Suzuki,Nexon,SYN_P_0971
VEH_0464,UK07DQ6545,Honda,Bolero,SYN_P_0305
VEH_0465,MP93MH1556,Maruti Suzuki,Creta,SYN_P_0813
VEH_0466,TS39WT3826,Toyota,Innova,SYN_P_0769
VEH_0467,BR86VC8596,Kia,Seltos,SYN_P_0783
VEH_0468,MH81UO7018,Maruti Suzuki,Swift,SYN_P_0239
VEH_0469,UP16PU9351,Hyundai,Swift,SYN_P_0983
VEH_0470,MH89XD3967,Mahindra,Bolero,SYN_P_0889
VEH_0471,MH74ED6328,Maruti Suzuki,Innova,SYN_P_0379
VEH_0472,KA90AM9788,Kia,Seltos,SYN_P_1001
VEH_0473,UP67SR3033,Kia,Seltos,SYN_P_0425
VEH_0474,MP16FT3948,Maruti Suzuki,City,SYN_P_0916
VEH_0475,GJ16BE4378,Toyota,Creta,SYN_P_0180
VEH_0476,TN33YB2386,Maruti Suzuki,City,SYN_P_0612
VEH_0477,GJ70FN1001,Hyundai,Nexon,SYN_P_0095
VEH_0478,TN38VR8289,Hyundai,City,SYN_P_1005
VEH_0479,BR41QL9818,Honda,Creta,SYN_P_0203
VEH_0480,MP06HB4081,Hyundai,Nexon,SYN_P_0441
VEH_0481,UK78RG6882,Tata,Creta,SYN_P_0865
VEH_0482,UP71II7255,Toyota,Creta,SYN_P_0820
VEH_0483,TS11IV7968,Toyota,Creta,SYN_P_0418
VEH_0484,UP81XI4156,Toyota,Nexon,SYN_P_0336
VEH_0485,KA20KZ8104,Mahindra,Swift,SYN_P_0507
VEH_0486,UP35DR2802,Toyota,City,SYN_P_0834
VEH_0487,UP43UC6944,Tata,Seltos,SYN_P_0560
VEH_0488,UK29IA2604,Mahindra,Creta,SYN_P_0776
VEH_0489,UP16FQ6022,Honda,Seltos,SYN_P_1003
VEH_0490,UP68LW5620,Honda,Nexon,SYN_P_0203
VEH_0491,DL22KY7382,Hyundai,Nexon,SYN_P_0825
VEH_0492,TS76EI1155,Toyota,City,SYN_P_0319
VEH_0493,MP17EM5380,Maruti Suzuki,Innova,SYN_P_0759
VEH_0494,BR32VT7852,Toyota,Bolero,SYN_P_0375
VEH_0495,TS46ZO9228,Tata,Nexon,SYN_P_0877
VEH_0496,TN92HJ2424,Tata,Bolero,SYN_P_0641
VEH_0497,UP82CC4932,Maruti Suzuki,Creta,SYN_P_0118
VEH_0498,UP96JR9074,Kia,Seltos,SYN_P_0022
VEH_0499,KA87QX3235,Mahindra,Bolero,SYN_P_0256
VEH_0500,KA02TG1119,Toyota,Bolero,SYN_P_0707
VEH_0501,RJ95VQ1693,Honda,Bolero,SYN_P_0346
VEH_0502,MP98QH3864,Maruti Suzuki,Nexon,SYN_P_0274
VEH_0503,TN46BN9118,Mahindra,Creta,SYN_P_0765
VEH_0504,UP44VH9832,Kia,Seltos,SYN_P_0242
VEH_0505,MH39PJ5337,Hyundai,Swift,SYN_P_0807
VEH_0506,RJ40UQ1580,Mahindra,City,SYN_P_1000
VEH_0507,DL46AT8542,Tata,Nexon,SYN_P_0725
VEH_0508,UP01LX4050,Mahindra,Nexon,SYN_P_0019
VEH_0509,UP56PG2388,Honda,City,SYN_P_0315
VEH_0510,KA16PA3549,Kia,Innova,SYN_P_0513
VEH_0511,RJ61ML5903,Tata,Bolero,SYN_P_0374
VEH_0512,TN35DO8198,Hyundai,Creta,SYN_P_0725
VEH_0513,BR56AL4251,Maruti Suzuki,Creta,SYN_P_0584
VEH_0514,DL18MN6426,Maruti Suzuki,Creta,SYN_P_0408
VEH_0515,TS86ID7899,Mahindra,City,SYN_P_1015
VEH_0516,MP92EK7551,Honda,Innova,SYN_P_0797
VEH_0517,UK15DZ1346,Hyundai,Creta,SYN_P_0705
VEH_0518,TN02YV4874,Maruti Suzuki,Innova,SYN_P_0701
VEH_0519,KA77XA8116,Mahindra,Nexon,SYN_P_0578
VEH_0520,TS11YN5059,Honda,Creta,SYN_P_0383
VEH_0521,RJ36YD5317,Toyota,Creta,SYN_P_0879
VEH_0522,RJ61WZ2688,Toyota,Innova,SYN_P_1029
VEH_0523,WB24GS3436,Hyundai,Swift,SYN_P_0271
VEH_0524,KA05IG3395,Mahindra,Swift,SYN_P_0409
VEH_0525,UP07MN9601,Tata,Innova,SYN_P_0474
VEH_0526,RJ44NP2005,Honda,Bolero,SYN_P_0106
VEH_0527,MH15IL5596,Tata,Innova,SYN_P_0857
VEH_0528,RJ41BF1669,Maruti Suzuki,Swift,SYN_P_0659
VEH_0529,RJ37PI2650,Mahindra,Creta,SYN_P_0517
VEH_0530,TS47KJ2827,Maruti Suzuki,Innova,SYN_P_0028
VEH_0531,MP71YE6426,Tata,Innova,SYN_P_0741
VEH_0532,BR76QT7088,Hyundai,Innova,SYN_P_0566
VEH_0533,RJ75MC2742,Hyundai,Innova,SYN_P_0247
VEH_0534,DL76UG4160,Toyota,Bolero,SYN_P_0203
VEH_0535,UP70TK5939,Toyota,Bolero,SYN_P_0414
VEH_0536,TN93EB3094,Hyundai,Bolero,SYN_P_0518
VEH_0537,TN45LO2923,Mahindra,Swift,SYN_P_0989
VEH_0538,KA68QZ1358,Hyundai,City,SYN_P_0562
VEH_0539,BR17JB1996,Kia,Innova,SYN_P_0390
VEH_0540,BR51PV9723,Kia,City,SYN_P_0154
VEH_0541,UK57YQ7293,Honda,Seltos,SYN_P_0800
VEH_0542,KA78IG4015,Maruti Suzuki,Creta,SYN_P_0447
VEH_0543,WB90AZ9401,Mahindra,City,SYN_P_0531
VEH_0544,MH29JW5399,Honda,Swift,SYN_P_0351
VEH_0545,RJ06RH5781,Maruti Suzuki,Innova,SYN_P_0304
VEH_0546,MH18IZ1844,Toyota,Creta,SYN_P_0431
VEH_0547,TN15AU6692,Toyota,City,SYN_P_0756
VEH_0548,GJ11WR5326,Toyota,Creta,SYN_P_0837
VEH_0549,WB38KB1170,Kia,Nexon,SYN_P_0450
VEH_0550,BR36FI1256,Honda,Innova,SYN_P_0218
VEH_0551,BR96WM5216,Kia,Innova,SYN_P_0423
VEH_0552,TS29KI4341,Honda,Innova,SYN_P_0810
VEH_0553,UK58HX8109,Tata,Creta,SYN_P_0982
VEH_0554,UP64FO4031,Kia,Seltos,SYN_P_0361
VEH_0555,RJ73PX3955,Toyota,Nexon,SYN_P_0044
VEH_0556,MH21FM4077,Maruti Suzuki,Creta,SYN_P_0148
VEH_0557,KA32OU7594,Maruti Suzuki,Innova,SYN_P_0282
VEH_0558,BR97ZA2633,Mahindra,Bolero,SYN_P_0043
VEH_0559,UP02YU1716,Hyundai,Creta,SYN_P_0172
VEH_0560,MH19UT1221,Kia,Swift,SYN_P_0218
VEH_0561,TN95KW2392,Hyundai,Creta,SYN_P_0984
VEH_0562,WB57FJ6435,Mahindra,Creta,SYN_P_0500
VEH_0563,DL70WI9906,Maruti Suzuki,Swift,SYN_P_0092
VEH_0564,UP70JD9381,Kia,Bolero,SYN_P_0291
VEH_0565,DL29AH7998,Mahindra,Creta,SYN_P_0724
VEH_0566,MP37HV7303,Toyota,Innova,SYN_P_0231
VEH_0567,TS22DH2666,Tata,Nexon,SYN_P_0157
VEH_0568,WB43DL2389,Maruti Suzuki,City,SYN_P_0310
VEH_0569,UK55QK3971,Toyota,Bolero,SYN_P_0308
VEH_0570,MP88JT5702,Tata,Swift,SYN_P_0556
VEH_0571,TS85LI2251,Kia,Swift,SYN_P_0305
VEH_0572,MP19KE7399,Mahindra,Innova,SYN_P_0980
VEH_0573,UP15SN5562,Hyundai,Swift,SYN_P_0662
VEH_0574,UK24YM6777,Tata,Bolero,SYN_P_0869
VEH_0575,TS89NT6463,Hyundai,Seltos,SYN_P_0504
VEH_0576,KA54RP9826,Honda,Bolero,SYN_P_0472
VEH_0577,KA11SW7911,Honda,City,SYN_P_0450
VEH_0578,BR12HL1046,Hyundai,Seltos,SYN_P_0036
VEH_0579,GJ72PE2804,Maruti Suzuki,Nexon,SYN_P_0740
VEH_0580,UK38OE7898,Hyundai,Creta,SYN_P_0460
VEH_0581,DL96ED3344,Mahindra,Innova,SYN_P_0054
VEH_0582,BR55LB2736,Toyota,City,SYN_P_0152
VEH_0583,TS77FA3406,Tata,Creta,SYN_P_0162
VEH_0584,RJ10AS7823,Hyundai,Seltos,SYN_P_0374
VEH_0585,TS96EX9641,Toyota,Nexon,SYN_P_0963
VEH_0586,KA93KO1216,Tata,Swift,SYN_P_0320
VEH_0587,DL83BT3843,Honda,Creta,SYN_P_0023
VEH_0588,KA55VO5227,Honda,City,SYN_P_0627
VEH_0589,BR30NF5453,Maruti Suzuki,City,SYN_P_0774
VEH_0590,UK96GM1917,Hyundai,Bolero,SYN_P_0377
VEH_0591,BR72TC8674,Mahindra,Nexon,SYN_P_0830
VEH_0592,KA22BZ7086,Toyota,Bolero,SYN_P_0399
VEH_0593,MH14DC6942,Honda,Seltos,SYN_P_0688
VEH_0594,DL31JF9873,Maruti Suzuki,Swift,SYN_P_0434
VEH_0595,WB02YJ4075,Honda,Creta,SYN_P_0067
VEH_0596,RJ35CS1735,Honda,Seltos,SYN_P_0991
VEH_0597,DL07KC6056,Maruti Suzuki,Nexon,SYN_P_0579
VEH_0598,KA65GK7400,Toyota,Nexon,SYN_P_0266
VEH_0599,BR87DK7672,Toyota,City,SYN_P_0207
VEH_0600,TN20AS7260,Mahindra,City,SYN_P_0077
VEH_0601,MH21EV8587,Maruti Suzuki,Innova,SYN_P_0192
VEH_0602,BR30GZ3307,Kia,Innova,SYN_P_0330
VEH_0603,TN67XT9573,Kia,Nexon,SYN_P_0917
VEH_0604,UK44JL8059,Maruti Suzuki,Innova,SYN_P_0794
VEH_0605,RJ27TT2228,Hyundai,City,SYN_P_1019
VEH_0606,UP02EY6071,Honda,Seltos,SYN_P_0179
VEH_0607,TS13OK3780,Tata,Creta,SYN_P_0140
VEH_0608,MH74LL2461,Maruti Suzuki,Creta,SYN_P_0944
VEH_0609,MH61IY8242,Toyota,Creta,SYN_P_0254
VEH_0610,WB63BL5696,Mahindra,Bolero,SYN_P_0265
VEH_0611,TS47QT6138,Tata,Swift,SYN_P_0847
VEH_0612,TN58IV1699,Honda,Innova,SYN_P_0117
VEH_0613,BR32WR1130,Hyundai,Seltos,SYN_P_0216
VEH_0614,MH49FS7541,Kia,Swift,SYN_P_0457
VEH_0615,KA60VC6716,Mahindra,Bolero,SYN_P_0953
VEH_0616,UP11FX2775,Mahindra,Seltos,SYN_P_0888
VEH_0617,RJ52KC6198,Tata,City,SYN_P_0996
VEH_0618,RJ90XP2873,Tata,Bolero,SYN_P_0079
VEH_0619,TN20PE4497,Tata,City,SYN_P_0065
VEH_0620,WB49BZ6922,Kia,Bolero,SYN_P_0970
VEH_0621,RJ07GA7929,Tata,Nexon,SYN_P_0361
VEH_0622,UP19CI7636,Maruti Suzuki,Nexon,SYN_P_0925
VEH_0623,KA68GV5250,Hyundai,Seltos,SYN_P_0111
VEH_0624,UP55KY5864,Hyundai,Creta,SYN_P_0716
VEH_0625,KA62PR3632,Toyota,Bolero,SYN_P_0727
VEH_0626,BR74MA4253,Maruti Suzuki,Innova,SYN_P_0297
VEH_0627,GJ86XX6185,Maruti Suzuki,Creta,SYN_P_0940
VEH_0628,UK64KD7658,Tata,City,SYN_P_0008
VEH_0629,TS17UO2596,Maruti Suzuki,Creta,SYN_P_0385
VEH_0630,KA90RY3721,Honda,Bolero,SYN_P_0443
VEH_0631,GJ27GV1235,Tata,Seltos,SYN_P_0746
VEH_0632,DL39JQ3043,Toyota,Bolero,SYN_P_0934
VEH_0633,KA53LL9887,Mahindra,City,SYN_P_0688
VEH_0634,UP23ON7113,Hyundai,City,SYN_P_0334
VEH_0635,TN56MJ8167,Toyota,Nexon,SYN_P_0204
VEH_0636,UP14CU1269,Honda,Bolero,SYN_P_0213
VEH_0637,TS96YT9924,Maruti Suzuki,Innova,SYN_P_0910
VEH_0638,TN75ZB5749,Kia,Bolero,SYN_P_0434
VEH_0639,RJ59RM2875,Hyundai,Seltos,SYN_P_0962
VEH_0640,UP45ZO7765,Kia,Innova,SYN_P_0811
VEH_0641,DL48ZH9315,Tata,Nexon,SYN_P_0542
VEH_0642,MH54VH1068,Mahindra,Swift,SYN_P_0032
VEH_0643,DL20ZL9502,Kia,Innova,SYN_P_0651
VEH_0644,GJ22SN4962,Honda,Bolero,SYN_P_0395
VEH_0645,WB83MB8030,Hyundai,Innova,SYN_P_0800
VEH_0646,BR23MK9475,Hyundai,Bolero,SYN_P_0474
VEH_0647,UP91ZE9261,Maruti Suzuki,Innova,SYN_P_0803
VEH_0648,MP34RF6282,Hyundai,Swift,SYN_P_0192
VEH_0649,DL56AU3507,Maruti Suzuki,City,SYN_P_0162
VEH_0650,WB49AX3138,Mahindra,Innova,SYN_P_0734
VEH_0651,UK31UH5864,Hyundai,City,SYN_P_0503
VEH_0652,BR49YI1847,Tata,Swift,SYN_P_0295
VEH_0653,MP03US2694,Maruti Suzuki,Bolero,SYN_P_0252
VEH_0654,UP19JI3959,Maruti Suzuki,Swift,SYN_P_1013
VEH_0655,GJ27MD9045,Kia,Swift,SYN_P_0848
VEH_0656,UP63UC4445,Toyota,Bolero,SYN_P_0769
VEH_0657,GJ82OZ3639,Hyundai,Nexon,SYN_P_0021
VEH_0658,UK85SU1515,Maruti Suzuki,Nexon,SYN_P_0711
VEH_0659,TS79TR1082,Hyundai,City,SYN_P_0522
VEH_0660,UP25TA9781,Maruti Suzuki,City,SYN_P_0313
VEH_0661,RJ47DG1483,Tata,Creta,SYN_P_0451
VEH_0662,UP94WE5384,Tata,Bolero,SYN_P_0409
VEH_0663,UP45WR5822,Mahindra,Innova,SYN_P_1016
VEH_0664,KA66MG5097,Hyundai,Creta,SYN_P_0576
VEH_0665,KA14SZ6105,Hyundai,Seltos,SYN_P_0422
VEH_0666,BR63NO7942,Honda,Innova,SYN_P_0557
VEH_0667,GJ80DT7275,Mahindra,Creta,SYN_P_0723
VEH_0668,GJ81CO3740,Maruti Suzuki,City,SYN_P_0519
VEH_0669,WB53JT9691,Tata,Bolero,SYN_P_0062
VEH_0670,UP24ZK8035,Kia,Creta,SYN_P_0733
VEH_0671,RJ10GV7089,Tata,Creta,SYN_P_0644
VEH_0672,UP02KW1178,Toyota,Nexon,SYN_P_0438
VEH_0673,TS73ZK4811,Honda,Swift,SYN_P_0790
VEH_0674,MH78GQ4562,Maruti Suzuki,City,SYN_P_0570
VEH_0675,BR78ZV2225,Honda,Innova,SYN_P_0864
VEH_0676,MP97NK6244,Hyundai,Creta,SYN_P_0102
VEH_0677,TS64BI7901,Maruti Suzuki,Swift,SYN_P_0928
VEH_0678,UK77KS7272,Hyundai,City,SYN_P_0044
VEH_0679,MH03UZ1076,Mahindra,Nexon,SYN_P_0269
VEH_0680,KA05RQ1640,Tata,Innova,SYN_P_0034
VEH_0681,UP61DZ7800,Toyota,Nexon,SYN_P_0563
VEH_0682,GJ97LM2306,Honda,Seltos,SYN_P_0642
VEH_0683,TS79BM5889,Toyota,Bolero,SYN_P_1011
VEH_0684,MP16LT2683,Maruti Suzuki,Creta,SYN_P_0098
VEH_0685,DL18DK8138,Hyundai,Creta,SYN_P_0181
VEH_0686,RJ93ZL9807,Maruti Suzuki,Innova,SYN_P_0108
VEH_0687,MH06DB5985,Maruti Suzuki,Nexon,SYN_P_0675
VEH_0688,BR79ZZ7218,Tata,Innova,SYN_P_0349
VEH_0689,UK75OD3069,Tata,Seltos,SYN_P_0304
VEH_0690,WB53UO3004,Honda,City,SYN_P_0493
VEH_0691,WB62VP5596,Tata,Seltos,SYN_P_0989
VEH_0692,RJ12IY5853,Toyota,Swift,SYN_P_0723
VEH_0693,TN32VU4373,Toyota,Swift,SYN_P_0154
VEH_0694,TS08GA4541,Mahindra,Seltos,SYN_P_0789
VEH_0695,RJ63DK4418,Kia,City,SYN_P_0642
VEH_0696,MH91OU3523,Kia,City,SYN_P_0217
VEH_0697,UK29LM8412,Kia,City,SYN_P_0416
VEH_0698,KA25CI7931,Hyundai,Innova,SYN_P_0630
VEH_0699,WB83DE8552,Maruti Suzuki,Innova,SYN_P_0226
VEH_0700,RJ03OF5370,Maruti Suzuki,Bolero,SYN_P_0928
VEH_0701,GJ34DR2377,Tata,Bolero,SYN_P_0435
VEH_0702,UK51QN9321,Tata,Swift,SYN_P_0904
VEH_0703,MH48DB7267,Toyota,Bolero,SYN_P_0398
VEH_0704,MH25MF5520,Honda,City,SYN_P_1011
VEH_0705,TN56DV1817,Toyota,Creta,SYN_P_0228
VEH_0706,RJ15BB5361,Hyundai,Swift,SYN_P_0207
VEH_0707,MH29TW7628,Mahindra,Bolero,SYN_P_0208
VEH_0708,RJ94WI9112,Hyundai,Creta,SYN_P_0417
VEH_0709,GJ82JW5718,Toyota,Swift,SYN_P_0194
VEH_0710,UK65WT8811,Toyota,Nexon,SYN_P_0489
VEH_0711,UK41VC3730,Hyundai,Nexon,SYN_P_0933
VEH_0712,UK02VP8011,Tata,Swift,SYN_P_0364
VEH_0713,MH10FV1159,Honda,Nexon,SYN_P_0971
VEH_0714,WB01PH8742,Maruti Suzuki,Swift,SYN_P_0036
VEH_0715,WB88JH9606,Honda,Creta,SYN_P_0301
VEH_0716,UP13JZ6499,Mahindra,Bolero,SYN_P_0719
VEH_0717,TN33VP5153,Tata,Bolero,SYN_P_0028
VEH_0718,GJ39WK9484,Kia,Innova,SYN_P_0992
VEH_0719,UP35VQ1339,Hyundai,Bolero,SYN_P_0452
VEH_0720,MP19LP1506,Hyundai,City,SYN_P_0883
