person_id,name,gender,date_of_birth,age,city,state,country
SYN_P_0001,Nisha Jain,M,2003-06-29,53,Bengaluru,Karnataka,India
SYN_P_0002,Vivaan Ahuja,F,2004-11-07,59,Dehradun,Uttarakhand,India
SYN_P_0003,Akash Tiwari,F,1982-05-15,48,Indore,Madhya Pradesh,India
SYN_P_0004,Amit Malhotra,F,1986-08-31,61,Kolkata,West Bengal,India
SYN_P_0005,Muskan Agarwal,M,2018-03-18,56,Kolkata,West Bengal,India
SYN_P_0006,Tanvi Ahuja,F,1984-12-20,39,Chandigarh,Chandigarh,India
SYN_P_0007,Pooja Mehta,M,1982-08-03,41,Bhubaneswar,Odisha,India
SYN_P_0008,Riya Shukla,M,2010-06-18,43,Noida,Uttar Pradesh,India
SYN_P_0009,Aditya Verma,F,1970-11-11,29,Kolkata,West Bengal,India
SYN_P_0010,Rahul Srivastava,F,1987-07-04,56,Bengaluru,Karnataka,India
SYN_P_0011,Amit Nair,F,2015-05-07,47,Kanpur,Uttar Pradesh,India
SYN_P_0012,Isha Verma,F,2014-02-11,66,Hyderabad,Telangana,India
SYN_P_0013,Kavya Saxena,F,2009-10-27,31,Indore,Madhya Pradesh,India
SYN_P_0014,Swati Ghosh,M,1977-06-01,35,Bhubaneswar,Odisha,India
SYN_P_0015,Divya Iyer,M,1996-03-16,38,Bhopal,Madhya Pradesh,India
SYN_P_0016,Anurag Mishra,F,1990-03-04,31,Nagpur,Maharashtra,India
SYN_P_0017,Sameer Naidu,F,2011-01-11,56,Lucknow,Uttar Pradesh,India
SYN_P_0018,Akash Sharma,M,2015-10-30,57,Patna,Bihar,India
SYN_P_0019,Pallavi Bansal,F,1980-03-31,55,Chandigarh,Chandigarh,India
SYN_P_0020,Divya Shukla,M,2002-11-30,67,Noida,Uttar Pradesh,India
SYN_P_0021,Harsh Yadav,M,2009-08-06,48,Kolkata,West Bengal,India
SYN_P_0022,Manish Srivastava,M,1979-03-10,40,Ranchi,Jharkhand,India
SYN_P_0023,Pallavi Bhatia,F,1972-11-22,37,Meerut,Uttar Pradesh,India
SYN_P_0024,Ankit Mehta,M,2001-04-10,49,Jaipur,Rajasthan,India
SYN_P_0025,Shubham Agarwal,M,1980-07-13,34,Delhi,Delhi,India
SYN_P_0026,Abhishek Sethi,F,2001-06-16,31,Surat,Gujarat,India
SYN_P_0027,Isha Tripathi,M,1982-06-29,34,Mumbai,Maharashtra,India
SYN_P_0028,Aditya Kohli,F,1975-04-30,55,Ahmedabad,Gujarat,India
SYN_P_0029,Naveen Iyer,M,1995-03-21,41,Lucknow,Uttar Pradesh,India
SYN_P_0030,Karan Khanna,F,1996-04-03,57,Ahmedabad,Gujarat,India
SYN_P_0031,Rahul Reddy,M,1993-12-26,29,Ranchi,Jharkhand,India
SYN_P_0032,Deepak Banerjee,M,2006-12-05,38,Jaipur,Rajasthan,India
SYN_P_0033,Simran Arora,M,1981-05-20,36,Ahmedabad,Gujarat,India
SYN_P_0034,Sneha Saxena,F,1983-02-14,36,Hyderabad,Telangana,India
SYN_P_0035,Swati Gupta,F,2005-03-26,30,Bhopal,Madhya Pradesh,India
SYN_P_0036,Aditya Dutta,F,1994-02-09,45,Bengaluru,Karnataka,India
SYN_P_0037,Amit Gill,M,2010-07-20,61,Bhubaneswar,Odisha,India
SYN_P_0038,Deepak Mehta,F,1978-05-09,53,Bhubaneswar,Odisha,India
SYN_P_0039,Amit Agarwal,F,1994-12-17,50,Noida,Uttar Pradesh,India
SYN_P_0040,Shubham Yadav,F,2013-10-14,58,Ranchi,Jharkhand,India
SYN_P_0041,Naveen Banerjee,M,1970-03-23,67,Lucknow,Uttar Pradesh,India
SYN_P_0042,Rishabh Bansal,F,2011-02-17,25,Hyderabad,Telangana,India
SYN_P_0043,Rishabh Sethi,F,2017-12-12,34,Jaipur,Rajasthan,India
SYN_P_0044,Varun Dutta,M,2008-07-18,52,Chennai,Tamil Nadu,India
SYN_P_0045,Akash Bose,F,1994-02-03,39,Mumbai,Maharashtra,India
SYN_P_0046,Tanvi Ghosh,M,2000-04-20,57,Patna,Bihar,India
SYN_P_0047,Rohan Das,F,2013-07-17,64,Bengaluru,Karnataka,India
SYN_P_0048,Nisha Bansal,M,1974-05-06,27,Hyderabad,Telangana,India
SYN_P_0049,Pooja Kohli,M,2011-03-26,28,Nagpur,Maharashtra,India
SYN_P_0050,Raj Bansal,F,1984-03-04,50,Mumbai,Maharashtra,India
SYN_P_0051,Naveen Khanna,F,1970-01-23,33,Kanpur,Uttar Pradesh,India
SYN_P_0052,Akash Banerjee,F,1981-11-01,31,Surat,Gujarat,India
SYN_P_0053,Divya Reddy,M,1994-08-02,62,Chennai,Tamil Nadu,India
SYN_P_0054,Amit Chatterjee,F,2002-05-03,26,Mumbai,Maharashtra,India
SYN_P_0055,Yash Gill,M,2003-05-12,24,Chennai,Tamil Nadu,India
SYN_P_0056,Komal Kumar,F,2005-07-23,67,Pune,Maharashtra,India
SYN_P_0057,Amit Singh,F,1991-01-03,62,Patna,Bihar,India
SYN_P_0058,Yash Sinha,M,1978-03-08,21,Bhubaneswar,Odisha,India
SYN_P_0059,Akash Gupta,F,1989-02-23,25,Patna,Bihar,India
SYN_P_0060,Varun Rao,M,1981-11-27,54,Indore,Madhya Pradesh,India
SYN_P_0061,Swati Joshi,M,2009-12-05,21,Ranchi,Jharkhand,India
SYN_P_0062,Varun Ghosh,M,2000-10-28,48,Dehradun,Uttarakhand,India
SYN_P_0063,Ananya Sinha,F,1981-11-10,25,Bhopal,Madhya Pradesh,India
SYN_P_0064,Shreya Jadhav,F,1990-07-17,26,Bengaluru,Karnataka,India
SYN_P_0065,Manish Tripathi,M,1979-03-11,41,Jaipur,Rajasthan,India
SYN_P_0066,Vikram Tiwari,F,2002-12-23,29,Chandigarh,Chandigarh,India
SYN_P_0067,Muskan Reddy,M,2004-05-03,62,Dehradun,Uttarakhand,India
SYN_P_0068,Pooja Tripathi,M,1982-10-26,54,Chennai,Tamil Nadu,India
SYN_P_0069,Muskan Naidu,M,1970-10-05,49,Haridwar,Uttarakhand,India
SYN_P_0070,Gaurav Naidu,M,2001-07-04,61,Chandigarh,Chandigarh,India
SYN_P_0071,Ayush Arora,F,1983-08-01,60,Haridwar,Uttarakhand,India
SYN_P_0072,Aditi Deshmukh,M,2009-09-09,26,Haridwar,Uttarakhand,India
SYN_P_0073,Rahul Wadhwa,M,1979-01-06,28,Ranchi,Jharkhand,India
SYN_P_0074,Arjun Jain,F,2004-06-14,48,Jaipur,Rajasthan,India
SYN_P_0075,Manish Banerjee,M,1998-03-20,36,Ranchi,Jharkhand,India
SYN_P_0076,Nikhil Chatterjee,M,1994-11-06,36,Ranchi,Jharkhand,India
SYN_P_0077,Gaurav Das,M,1995-07-25,63,Bengaluru,Karnataka,India
SYN_P_0078,Rohan Khanna,M,1997-01-23,54,Mumbai,Maharashtra,India
SYN_P_0079,Shubham Das,M,2015-09-18,68,Bengaluru,Karnataka,India
SYN_P_0080,Naveen Menon,F,2005-02-22,62,Pune,Maharashtra,India
SYN_P_0081,Rajat Reddy,M,1974-11-24,52,Chennai,Tamil Nadu,India
SYN_P_0082,Aarav Chatterjee,M,2004-08-14,36,Bhubaneswar,Odisha,India
SYN_P_0083,Sakshi Jain,M,2014-10-27,54,Dehradun,Uttarakhand,India
SYN_P_0084,Tanvi Iyer,F,1971-01-31,41,Haridwar,Uttarakhand,India
SYN_P_0085,Pallavi Yadav,F,1981-11-03,57,Meerut,Uttar Pradesh,India
SYN_P_0086,Komal Ghosh,F,2007-10-04,55,Kolkata,West Bengal,India
SYN_P_0087,Harsh Jain,F,1985-07-02,25,Patna,Bihar,India
SYN_P_0088,Deepak Shukla,M,1971-07-01,21,Chennai,Tamil Nadu,India
SYN_P_0089,Nikhil Jadhav,M,1993-07-10,23,Nagpur,Maharashtra,India
SYN_P_0090,Aarav Kohli,F,1975-06-05,53,Nagpur,Maharashtra,India
SYN_P_0091,Sakshi Tripathi,F,1995-09-14,48,Pune,Maharashtra,India
SYN_P_0092,Aditi Wadhwa,M,2006-02-02,61,Lucknow,Uttar Pradesh,India
SYN_P_0093,Saurabh Nair,M,2018-02-20,38,Haridwar,Uttarakhand,India
SYN_P_0094,Ankit Banerjee,F,1977-07-02,26,Noida,Uttar Pradesh,India
SYN_P_0095,Pranav Banerjee,M,2015-11-15,30,Haridwar,Uttarakhand,India
SYN_P_0096,Aditi Das,F,2018-02-14,46,Ranchi,Jharkhand,India
SYN_P_0097,Mohit Kapoor,F,1975-12-07,65,Ghaziabad,Uttar Pradesh,India
SYN_P_0098,Rishabh Wadhwa,M,2009-04-01,24,Pune,Maharashtra,India
SYN_P_0099,Nikhil Iyer,M,1991-12-08,48,Surat,Gujarat,India
SYN_P_0100,Komal Menon,F,1980-05-28,60,Indore,Madhya Pradesh,India
SYN_P_0101,Aarav Das,F,1974-12-09,63,Dehradun,Uttarakhand,India
SYN_P_0102,Yash Deshmukh,M,1985-10-04,21,Bhubaneswar,Odisha,India
SYN_P_0103,Vivaan Jain,M,1982-04-24,31,Bengaluru,Karnataka,India
SYN_P_0104,Rishabh Rana,F,2014-07-15,54,Jaipur,Rajasthan,India
SYN_P_0105,Raj Kumar,F,2016-05-27,31,Jaipur,Rajasthan,India
SYN_P_0106,Raj Rao,M,2003-05-13,68,Chennai,Tamil Nadu,India
SYN_P_0107,Rahul Mehta,M,1994-02-10,22,Dehradun,Uttarakhand,India
SYN_P_0108,Sakshi Deshmukh,F,2000-01-21,38,Chennai,Tamil Nadu,India
SYN_P_0109,Rohan Wadhwa,M,2016-12-30,37,Ranchi,Jharkhand,India
SYN_P_0110,Pooja Gill,F,1976-11-30,50,Dehradun,Uttarakhand,India
SYN_P_0111,Vikram Malhotra,F,2015-10-29,24,Lucknow,Uttar Pradesh,India
SYN_P_0112,Meera Patil,M,2014-10-28,44,Meerut,Uttar Pradesh,India
SYN_P_0113,Kavya Bansal,F,1984-02-11,27,Bhopal,Madhya Pradesh,India
SYN_P_0114,Rajat Menon,M,1980-05-07,68,Bhubaneswar,Odisha,India
SYN_P_0115,Isha Shukla,M,2015-08-26,23,Kolkata,West Bengal,India
SYN_P_0116,Varun Iyer,M,1971-02-07,23,Chandigarh,Chandigarh,India
SYN_P_0117,Pallavi Kohli,F,2012-04-28,45,Chandigarh,Chandigarh,India
SYN_P_0118,Divya Saxena,M,1983-06-19,23,Noida,Uttar Pradesh,India
SYN_P_0119,Swati Rana,M,2007-08-16,41,Patna,Bihar,India
SYN_P_0120,Ayush Dutta,F,1992-04-10,67,Hyderabad,Telangana,India
SYN_P_0121,Shreya Arora,F,1998-09-14,25,Chandigarh,Chandigarh,India
SYN_P_0122,Sameer Menon,M,2003-06-13,53,Indore,Madhya Pradesh,India
SYN_P_0123,Sameer Jain,M,1974-09-22,35,Chandigarh,Chandigarh,India
SYN_P_0124,Raj Mishra,M,2016-04-09,46,Noida,Uttar Pradesh,India
SYN_P_0125,Rohan Bhatia,F,1976-03-08,39,Meerut,Uttar Pradesh,India
SYN_P_0126,Vivaan Naidu,F,1997-11-15,26,Ahmedabad,Gujarat,India
SYN_P_0127,Kavya Mishra,M,2010-12-23,44,Mumbai,Maharashtra,India
SYN_P_0128,Riya Mishra,F,1988-01-02,57,Ranchi,Jharkhand,India
SYN_P_0129,Aarav Gupta,M,1997-04-07,50,Bengaluru,Karnataka,India
SYN_P_0130,Swati Banerjee,F,2003-01-15,33,Meerut,Uttar Pradesh,India
SYN_P_0131,Arjun Mishra,M,2019-01-13,30,Patna,Bihar,India
SYN_P_0132,Rohan Singh,F,1970-07-28,22,Lucknow,Uttar Pradesh,India
SYN_P_0133,Harsh Gupta,F,1990-11-26,61,Delhi,Delhi,India
SYN_P_0134,Aditi Tiwari,F,1970-11-11,21,Chennai,Tamil Nadu,India
SYN_P_0135,Akash Dutta,F,2003-10-04,27,Kanpur,Uttar Pradesh,India
SYN_P_0136,Ananya Srivastava,M,1988-05-29,47,Ahmedabad,Gujarat,India
SYN_P_0137,Pooja Malhotra,M,2014-02-21,30,Indore,Madhya Pradesh,India
SYN_P_0138,Sakshi Rao,M,1995-02-08,23,Bengaluru,Karnataka,India
SYN_P_0139,Sneha Patil,F,1990-10-07,65,Bengaluru,Karnataka,India
SYN_P_0140,Raj Patil,F,2003-06-02,68,Indore,Madhya Pradesh,India
SYN_P_0141,Anurag Saxena,M,1977-08-14,53,Jaipur,Rajasthan,India
SYN_P_0142,Ankit Agarwal,F,1981-12-23,25,Haridwar,Uttarakhand,India
SYN_P_0143,Meera Shukla,F,1975-08-03,63,Mumbai,Maharashtra,India
SYN_P_0144,Abhishek Shukla,M,1981-09-23,39,Haridwar,Uttarakhand,India
SYN_P_0145,Anurag Jadhav,F,1993-06-01,46,Indore,Madhya Pradesh,India
SYN_P_0146,Sakshi Kumar,F,1999-04-09,49,Noida,Uttar Pradesh,India
SYN_P_0147,Shreya Agarwal,M,1994-05-26,25,Ghaziabad,Uttar Pradesh,India
SYN_P_0148,Arjun Sinha,M,1988-03-09,58,Indore,Madhya Pradesh,India
SYN_P_0149,Sakshi Bhatia,M,1979-10-11,27,Kolkata,West Bengal,India
SYN_P_0150,Ankit Tiwari,F,1984-09-30,50,Chandigarh,Chandigarh,India
SYN_P_0151,Mohit Saxena,F,1998-03-05,28,Chennai,Tamil Nadu,India
SYN_P_0152,Pooja Dubey,F,2018-01-30,34,Bhubaneswar,Odisha,India
SYN_P_0153,Vikram Shukla,F,2010-07-18,50,Bhubaneswar,Odisha,India
SYN_P_0154,Saurabh Yadav,M,1993-10-10,26,Noida,Uttar Pradesh,India
SYN_P_0155,Naveen Tiwari,F,1984-02-21,66,Kanpur,Uttar Pradesh,India
SYN_P_0156,Rohan Dubey,M,1973-08-14,41,Ahmedabad,Gujarat,India
SYN_P_0157,Kavya Agarwal,M,1983-04-23,66,Kanpur,Uttar Pradesh,India
SYN_P_0158,Arjun Ghosh,F,1992-04-08,46,Noida,Uttar Pradesh,India
SYN_P_0159,Pooja Sharma,M,2016-01-25,64,Nagpur,Maharashtra,India
SYN_P_0160,Anurag Deshmukh,F,1996-10-23,32,Bengaluru,Karnataka,India
SYN_P_0161,Priya Srivastava,F,1972-10-15,49,Kanpur,Uttar Pradesh,India
SYN_P_0162,Ayush Kumar,M,1992-06-01,50,Bhubaneswar,Odisha,India
SYN_P_0163,Nikhil Khanna,M,1979-02-22,28,Haridwar,Uttarakhand,India
SYN_P_0164,Aarav Khanna,M,1971-01-27,35,Noida,Uttar Pradesh,India
SYN_P_0165,Rajat Jadhav,M,1981-09-23,46,Delhi,Delhi,India
SYN_P_0166,Divya Kohli,M,2003-05-25,58,Haridwar,Uttarakhand,India
SYN_P_0167,Kavya Dutta,M,1993-03-22,22,Kolkata,West Bengal,India
SYN_P_0168,Swati Deshmukh,M,1975-10-14,62,Bhopal,Madhya Pradesh,India
SYN_P_0169,Manish Saxena,M,2009-10-13,26,Meerut,Uttar Pradesh,India
SYN_P_0170,Deepak Srivastava,M,1999-09-30,23,Mumbai,Maharashtra,India
SYN_P_0171,Arjun Naidu,M,2011-05-11,31,Haridwar,Uttarakhand,India
SYN_P_0172,Muskan Iyer,F,2008-11-10,52,Surat,Gujarat,India
SYN_P_0173,Arjun Ahuja,F,1972-08-24,64,Indore,Madhya Pradesh,India
SYN_P_0174,Yash Kumar,M,2008-04-11,43,Chennai,Tamil Nadu,India
SYN_P_0175,Priya Nair,M,1989-04-06,38,Hyderabad,Telangana,India
SYN_P_0176,Neha Bansal,F,1995-02-09,30,Bengaluru,Karnataka,India
SYN_P_0177,Arjun Nair,M,1973-02-09,62,Lucknow,Uttar Pradesh,India
SYN_P_0178,Rahul Chopra,F,1996-06-23,47,Hyderabad,Telangana,India
SYN_P_0179,Rohan Chatterjee,M,2012-12-22,26,Surat,Gujarat,India
SYN_P_0180,Raj Sinha,F,1995-02-06,29,Dehradun,Uttarakhand,India
SYN_P_0181,Karan Rao,M,2007-08-12,62,Jaipur,Rajasthan,India
SYN_P_0182,Raj Naidu,M,2017-03-04,61,Meerut,Uttar Pradesh,India
SYN_P_0183,Isha Singh,M,2018-10-10,45,Mumbai,Maharashtra,India
SYN_P_0184,Simran Mehta,F,2002-03-21,55,Kanpur,Uttar Pradesh,India
SYN_P_0185,Anurag Dutta,F,2013-06-25,57,Bhubaneswar,Odisha,India
SYN_P_0186,Riya Rao,F,2015-01-27,45,Surat,Gujarat,India
SYN_P_0187,Neha Joshi,M,1994-04-06,22,Indore,Madhya Pradesh,India
SYN_P_0188,Rajat Srivastava,M,1998-08-10,22,Dehradun,Uttarakhand,India
SYN_P_0189,Meera Sarkar,M,1995-03-16,51,Ranchi,Jharkhand,India
SYN_P_0190,Yash Tiwari,F,2017-07-01,58,Kanpur,Uttar Pradesh,India
SYN_P_0191,Rajat Sinha,M,1990-11-19,27,Delhi,Delhi,India
SYN_P_0192,Vikram Dutta,M,1992-03-27,38,Bhubaneswar,Odisha,India
SYN_P_0193,Shreya Rana,M,2017-11-17,35,Mumbai,Maharashtra,India
SYN_P_0194,Naveen Joshi,F,2004-11-05,32,Haridwar,Uttarakhand,India
SYN_P_0195,Pallavi Gupta,M,1985-10-19,58,Kolkata,West Bengal,India
SYN_P_0196,Aarav Jadhav,F,1998-07-13,58,Patna,Bihar,India
SYN_P_0197,Simran Rao,F,1972-07-13,57,Jaipur,Rajasthan,India
SYN_P_0198,Ankit Gupta,M,1982-10-01,52,Kanpur,Uttar Pradesh,India
SYN_P_0199,Pooja Srivastava,F,2018-08-21,32,Bhopal,Madhya Pradesh,India
SYN_P_0200,Aditi Tripathi,M,2013-12-31,26,Indore,Madhya Pradesh,India
SYN_P_0201,Vikram Sethi,M,1975-01-15,59,Nagpur,Maharashtra,India
SYN_P_0202,Rohan Tiwari,M,1989-08-18,54,Ahmedabad,Gujarat,India
SYN_P_0203,Rishabh Chauhan,M,2012-11-18,42,Hyderabad,Telangana,India
SYN_P_0204,Nikhil Dubey,M,1988-01-28,42,Mumbai,Maharashtra,India
SYN_P_0205,Pooja Sarkar,F,1985-12-03,24,Ghaziabad,Uttar Pradesh,India
SYN_P_0206,Pranav Mukherjee,M,1971-12-20,58,Nagpur,Maharashtra,India
SYN_P_0207,Shreya Menon,M,1982-09-16,54,Patna,Bihar,India
SYN_P_0208,Aarav Dutta,M,2002-09-26,44,Meerut,Uttar Pradesh,India
SYN_P_0209,Kavya Rana,M,2005-06-28,42,Kanpur,Uttar Pradesh,India
SYN_P_0210,Meera Agarwal,F,1997-01-27,29,Lucknow,Uttar Pradesh,India
SYN_P_0211,Vikram Tripathi,F,1984-02-18,61,Bengaluru,Karnataka,India
SYN_P_0212,Karan Agarwal,F,2013-09-16,32,Mumbai,Maharashtra,India
SYN_P_0213,Manish Yadav,M,2002-01-05,63,Chandigarh,Chandigarh,India
SYN_P_0214,Deepak Das,F,1985-09-24,40,Delhi,Delhi,India
SYN_P_0215,Varun Sarkar,M,1996-06-03,32,Dehradun,Uttarakhand,India
SYN_P_0216,Harsh Srivastava,F,1970-02-28,57,Nagpur,Maharashtra,India
SYN_P_0217,Tanvi Banerjee,M,1972-11-27,59,Chandigarh,Chandigarh,India
SYN_P_0218,Rajat Nair,M,1998-07-20,61,Surat,Gujarat,India
SYN_P_0219,Ananya Tripathi,F,1979-05-05,30,Dehradun,Uttarakhand,India
SYN_P_0220,Arjun Mehta,M,1999-09-17,36,Mumbai,Maharashtra,India
SYN_P_0221,Nisha Shukla,F,2001-02-11,31,Haridwar,Uttarakhand,India
SYN_P_0222,Akash Singh,F,1977-12-17,49,Kolkata,West Bengal,India
SYN_P_0223,Aarav Bhatia,F,1971-01-09,34,Bhubaneswar,Odisha,India
SYN_P_0224,Komal Malhotra,M,1992-05-21,43,Kolkata,West Bengal,India
SYN_P_0225,Nisha Tripathi,M,1993-01-10,67,Delhi,Delhi,India
SYN_P_0226,Nikhil Ahuja,M,1970-02-11,45,Dehradun,Uttarakhand,India
SYN_P_0227,Sameer Reddy,F,2009-04-25,31,Indore,Madhya Pradesh,India
SYN_P_0228,Swati Shukla,F,2007-02-22,45,Pune,Maharashtra,India
SYN_P_0229,Kavya Sharma,F,2001-07-06,27,Ranchi,Jharkhand,India
SYN_P_0230,Karan Gupta,M,2013-01-06,31,Chandigarh,Chandigarh,India
SYN_P_0231,Divya Kapoor,M,2010-06-27,23,Noida,Uttar Pradesh,India
SYN_P_0232,Pooja Singh,M,1996-06-16,41,Patna,Bihar,India
SYN_P_0233,Rishabh Naidu,M,1993-06-05,25,Meerut,Uttar Pradesh,India
SYN_P_0234,Kavya Kapoor,M,2000-08-31,45,Surat,Gujarat,India
SYN_P_0235,Gaurav Malhotra,M,1984-06-08,56,Haridwar,Uttarakhand,India
SYN_P_0236,Aditya Rana,F,1978-05-09,59,Kanpur,Uttar Pradesh,India
SYN_P_0237,Rishabh Singh,M,2013-04-23,48,Nagpur,Maharashtra,India
SYN_P_0238,Abhishek Srivastava,F,1984-10-20,31,Patna,Bihar,India
SYN_P_0239,Tanvi Tiwari,M,1974-10-21,42,Hyderabad,Telangana,India
SYN_P_0240,Abhishek Gill,M,1988-06-10,47,Ranchi,Jharkhand,India
SYN_P_0241,Kavya Pandey,F,2018-06-16,63,Haridwar,Uttarakhand,India
SYN_P_0242,Simran Ahuja,F,1995-04-04,36,Ranchi,Jharkhand,India
SYN_P_0243,Manish Tiwari,M,1978-08-09,46,Meerut,Uttar Pradesh,India
SYN_P_0244,Nikhil Chopra,M,2014-01-17,24,Indore,Madhya Pradesh,India
SYN_P_0245,Anurag Verma,M,2002-05-16,48,Haridwar,Uttarakhand,India
SYN_P_0246,Saurabh Ahuja,F,1977-11-11,63,Pune,Maharashtra,India
SYN_P_0247,Harsh Pandey,M,2013-02-03,27,Bhopal,Madhya Pradesh,India
SYN_P_0248,Meera Ahuja,M,1972-04-23,31,Chandigarh,Chandigarh,India
SYN_P_0249,Raj Yadav,M,1996-03-07,51,Chandigarh,Chandigarh,India
SYN_P_0250,Nikhil Bose,F,1980-05-12,46,Lucknow,Uttar Pradesh,India
SYN_P_0251,Ankit Khanna,F,2012-04-01,63,Bengaluru,Karnataka,India
SYN_P_0252,Aditya Patil,M,1993-10-10,62,Lucknow,Uttar Pradesh,India
SYN_P_0253,Amit Saxena,F,2018-10-25,32,Surat,Gujarat,India
SYN_P_0254,Naveen Sethi,F,2003-04-15,44,Bhubaneswar,Odisha,India
SYN_P_0255,Pranav Mishra,F,1986-09-27,23,Bhopal,Madhya Pradesh,India
SYN_P_0256,Amit Verma,F,1993-08-15,50,Pune,Maharashtra,India
SYN_P_0257,Meera Saxena,M,1993-08-19,38,Ahmedabad,Gujarat,India
SYN_P_0258,Ayush Bhatia,M,1975-07-13,65,Ranchi,Jharkhand,India
SYN_P_0259,Komal Yadav,M,1978-09-04,63,Chennai,Tamil Nadu,India
SYN_P_0260,Abhishek Ghosh,F,2000-11-04,58,Bengaluru,Karnataka,India
SYN_P_0261,Aditi Sinha,M,1990-05-31,45,Chennai,Tamil Nadu,India
SYN_P_0262,Harsh Verma,F,2016-11-18,55,Patna,Bihar,India
SYN_P_0263,Karan Tripathi,M,2012-08-07,51,Jaipur,Rajasthan,India
SYN_P_0264,Saurabh Naidu,M,1996-10-23,46,Chandigarh,Chandigarh,India
SYN_P_0265,Rajat Singh,M,1973-02-11,28,Patna,Bihar,India
SYN_P_0266,Ankit Das,M,2010-04-15,31,Bhopal,Madhya Pradesh,India
SYN_P_0267,Gaurav Sethi,M,1989-01-04,29,Ghaziabad,Uttar Pradesh,India
SYN_P_0268,Sakshi Joshi,F,1973-10-30,26,Hyderabad,Telangana,India
SYN_P_0269,Aditi Jain,M,2009-01-22,61,Surat,Gujarat,India
SYN_P_0270,Shubham Rao,F,1983-04-08,41,Hyderabad,Telangana,India
SYN_P_0271,Mohit Tripathi,M,1976-01-05,45,Ranchi,Jharkhand,India
SYN_P_0272,Aditya Sarkar,F,2005-08-25,38,Pune,Maharashtra,India
SYN_P_0273,Gaurav Sharma,F,2016-08-16,21,Ghaziabad,Uttar Pradesh,India
SYN_P_0274,Neha Iyer,F,2016-11-18,28,Kolkata,West Bengal,India
SYN_P_0275,Tanvi Kohli,M,2007-03-08,30,Meerut,Uttar Pradesh,India
SYN_P_0276,Muskan Ahuja,M,1978-12-28,57,Noida,Uttar Pradesh,India
SYN_P_0277,Rishabh Shukla,F,1979-01-23,55,Chennai,Tamil Nadu,India
SYN_P_0278,Rohan Dutta,F,2000-11-06,37,Hyderabad,Telangana,India
SYN_P_0279,Harsh Mukherjee,F,2004-05-13,57,Jaipur,Rajasthan,India
SYN_P_0280,Yash Dutta,M,2012-06-09,32,Kolkata,West Bengal,India
SYN_P_0281,Karan Kohli,F,1994-09-16,30,Chennai,Tamil Nadu,India
SYN_P_0282,Pranav Nair,M,2006-01-15,46,Lucknow,Uttar Pradesh,India
SYN_P_0283,Pranav Dutta,M,1999-09-28,24,Kanpur,Uttar Pradesh,India
SYN_P_0284,Anurag Joshi,F,2012-08-19,44,Mumbai,Maharashtra,India
SYN_P_0285,Ayush Bose,F,1971-10-25,40,Hyderabad,Telangana,India
SYN_P_0286,Deepak Reddy,F,1997-11-24,52,Surat,Gujarat,India
SYN_P_0287,Vikram Saxena,M,1978-10-24,29,Meerut,Uttar Pradesh,India
SYN_P_0288,Shubham Chatterjee,F,1996-12-16,41,Patna,Bihar,India
SYN_P_0289,Muskan Chopra,F,1994-03-04,59,Jaipur,Rajasthan,India
SYN_P_0290,Pranav Sinha,M,1978-01-04,49,Ranchi,Jharkhand,India
SYN_P_0291,Pranav Chauhan,F,1988-12-18,68,Kolkata,West Bengal,India
SYN_P_0292,Varun Shukla,F,2013-06-18,24,Bengaluru,Karnataka,India
SYN_P_0293,Riya Das,M,2016-03-24,25,Ghaziabad,Uttar Pradesh,India
SYN_P_0294,Shreya Joshi,F,1997-11-29,29,Hyderabad,Telangana,India
SYN_P_0295,Naveen Dubey,M,2017-01-13,32,Surat,Gujarat,India
SYN_P_0296,Sameer Chatterjee,M,1987-04-18,24,Noida,Uttar Pradesh,India
SYN_P_0297,Varun Nair,M,1992-05-20,50,Surat,Gujarat,India
SYN_P_0298,Priya Ahuja,F,1974-07-15,66,Lucknow,Uttar Pradesh,India
SYN_P_0299,Nikhil Dutta,F,1987-11-12,44,Hyderabad,Telangana,India
SYN_P_0300,Rahul Chauhan,F,2011-08-25,61,Ahmedabad,Gujarat,India
SYN_P_0301,Aditi Dutta,M,1981-02-11,36,Surat,Gujarat,India
SYN_P_0302,Nisha Mukherjee,F,2003-06-01,59,Kolkata,West Bengal,India
SYN_P_0303,Harsh Mehta,M,2010-01-08,51,Noida,Uttar Pradesh,India
SYN_P_0304,Pallavi Tiwari,F,2001-05-18,31,Chennai,Tamil Nadu,India
SYN_P_0305,Tanvi Rana,M,1993-03-16,39,Surat,Gujarat,India
SYN_P_0306,Manish Verma,F,1972-06-18,24,Patna,Bihar,India
SYN_P_0307,Aditya Tiwari,M,1984-08-13,35,Haridwar,Uttarakhand,India
SYN_P_0308,Priya Mukherjee,M,1990-03-13,38,Bhubaneswar,Odisha,India
SYN_P_0309,Komal Gupta,M,2006-09-27,64,Delhi,Delhi,India
SYN_P_0310,Naveen Pandey,F,1970-10-19,29,Nagpur,Maharashtra,India
SYN_P_0311,Nisha Rao,M,1985-07-16,35,Dehradun,Uttarakhand,India
SYN_P_0312,Mohit Sarkar,F,1992-08-23,66,Delhi,Delhi,India
SYN_P_0313,Divya Khanna,F,1994-09-15,45,Bhubaneswar,Odisha,India
SYN_P_0314,Raj Kapoor,F,2001-04-14,37,Jaipur,Rajasthan,India
SYN_P_0315,Shreya Bose,F,1989-07-30,40,Kolkata,West Bengal,India
SYN_P_0316,Aarav Wadhwa,F,2016-09-16,58,Ghaziabad,Uttar Pradesh,India
SYN_P_0317,Komal Agarwal,M,1979-03-07,53,Noida,Uttar Pradesh,India
SYN_P_0318,Komal Shukla,F,2003-07-29,40,Ahmedabad,Gujarat,India
SYN_P_0319,Amit Chopra,F,1979-09-13,25,Pune,Maharashtra,India
SYN_P_0320,Divya Menon,F,2000-03-03,61,Ranchi,Jharkhand,India
SYN_P_0321,Naveen Kumar,F,1999-03-04,37,Ghaziabad,Uttar Pradesh,India
SYN_P_0322,Kavya Tiwari,M,1996-10-21,30,Chennai,Tamil Nadu,India
SYN_P_0323,Karan Jadhav,M,2016-05-29,24,Noida,Uttar Pradesh,India
SYN_P_0324,Vikram Jadhav,F,2006-04-03,64,Ghaziabad,Uttar Pradesh,India
SYN_P_0325,Meera Menon,M,1982-07-22,62,Bengaluru,Karnataka,India
SYN_P_0326,Kavya Das,F,2014-08-15,37,Noida,Uttar Pradesh,India
SYN_P_0327,Yash Wadhwa,F,2007-07-21,45,Haridwar,Uttarakhand,India
SYN_P_0328,Sameer Mukherjee,M,1973-03-03,42,Ahmedabad,Gujarat,India
SYN_P_0329,Sakshi Nair,F,1989-12-13,63,Kanpur,Uttar Pradesh,India
SYN_P_0330,Gaurav Reddy,F,2002-03-01,31,Lucknow,Uttar Pradesh,India
SYN_P_0331,Sameer Bansal,F,1986-04-02,27,Indore,Madhya Pradesh,India
SYN_P_0332,Muskan Patil,M,2012-03-27,68,Bhubaneswar,Odisha,India
SYN_P_0333,Sameer Tripathi,M,1993-03-16,64,Indore,Madhya Pradesh,India
SYN_P_0334,Nisha Yadav,M,2000-02-11,35,Ahmedabad,Gujarat,India
SYN_P_0335,Komal Gill,M,2001-11-15,68,Pune,Maharashtra,India
SYN_P_0336,Neha Deshmukh,F,1997-07-20,42,Nagpur,Maharashtra,India
SYN_P_0337,Nisha Tiwari,F,2003-05-07,58,Surat,Gujarat,India
SYN_P_0338,Akash Dubey,F,1996-05-19,28,Nagpur,Maharashtra,India
SYN_P_0339,Rohan Sarkar,M,2012-03-19,61,Nagpur,Maharashtra,India
SYN_P_0340,Deepak Tiwari,F,1976-05-22,33,Ghaziabad,Uttar Pradesh,India
SYN_P_0341,Akash Bhatia,M,2014-11-25,64,Patna,Bihar,India
SYN_P_0342,Yash Iyer,F,2004-03-29,47,Patna,Bihar,India
SYN_P_0343,Rahul Malhotra,M,1974-11-07,29,Chennai,Tamil Nadu,India
SYN_P_0344,Manish Mishra,F,1987-12-21,47,Lucknow,Uttar Pradesh,India
SYN_P_0345,Shubham Bose,M,2011-01-19,41,Indore,Madhya Pradesh,India
SYN_P_0346,Manish Sarkar,M,1986-03-07,52,Pune,Maharashtra,India
SYN_P_0347,Varun Gupta,M,1999-11-04,41,Meerut,Uttar Pradesh,India
SYN_P_0348,Anurag Pandey,M,1975-03-16,49,Kanpur,Uttar Pradesh,India
SYN_P_0349,Harsh Iyer,M,1994-07-16,31,Chennai,Tamil Nadu,India
SYN_P_0350,Arjun Srivastava,F,1984-03-19,26,Nagpur,Maharashtra,India
SYN_P_0351,Anurag Khanna,F,1981-08-11,61,Hyderabad,Telangana,India
SYN_P_0352,Komal Naidu,F,2008-07-10,48,Lucknow,Uttar Pradesh,India
SYN_P_0353,Divya Verma,F,2012-10-30,21,Bhubaneswar,Odisha,India
SYN_P_0354,Pallavi Rao,M,1973-05-21,67,Chandigarh,Chandigarh,India
SYN_P_0355,Shubham Patil,M,2003-06-22,41,Delhi,Delhi,India
SYN_P_0356,Aarav Sethi,M,2017-08-22,22,Delhi,Delhi,India
SYN_P_0357,Pranav Wadhwa,M,1970-05-16,35,Haridwar,Uttarakhand,India
SYN_P_0358,Shubham Pandey,F,2000-11-22,29,Surat,Gujarat,India
SYN_P_0359,Pooja Ahuja,F,1979-03-20,53,Patna,Bihar,India
SYN_P_0360,Isha Mishra,M,1997-06-18,25,Bhubaneswar,Odisha,India
SYN_P_0361,Ananya Mishra,F,1974-02-07,39,Chennai,Tamil Nadu,India
SYN_P_0362,Akash Shukla,F,2010-11-26,48,Ahmedabad,Gujarat,India
SYN_P_0363,Ananya Verma,F,1982-01-02,52,Chennai,Tamil Nadu,India
SYN_P_0364,Shubham Bhatia,M,2002-03-25,31,Nagpur,Maharashtra,India
SYN_P_0365,Meera Chatterjee,M,2006-03-11,35,Chandigarh,Chandigarh,India
SYN_P_0366,Ayush Kohli,M,1990-02-15,34,Chandigarh,Chandigarh,India
SYN_P_0367,Vikram Mukherjee,M,1971-12-20,28,Surat,Gujarat,India
SYN_P_0368,Pooja Verma,M,2002-11-21,45,Pune,Maharashtra,India
SYN_P_0369,Ayush Naidu,M,1992-12-12,59,Lucknow,Uttar Pradesh,India
SYN_P_0370,Sneha Dutta,M,1974-04-21,62,Dehradun,Uttarakhand,India
SYN_P_0371,Vivaan Mehta,M,1971-10-09,65,Jaipur,Rajasthan,India
SYN_P_0372,Shreya Shukla,F,1980-05-22,49,Bhubaneswar,Odisha,India
SYN_P_0373,Saurabh Kumar,M,2004-02-12,56,Meerut,Uttar Pradesh,India
SYN_P_0374,Rajat Khanna,F,1992-09-03,65,Noida,Uttar Pradesh,India
SYN_P_0375,Yash Srivastava,M,1983-09-27,65,Patna,Bihar,India
SYN_P_0376,Harsh Wadhwa,F,1970-11-01,47,Ahmedabad,Gujarat,India
SYN_P_0377,Pallavi Pandey,F,1979-01-22,60,Bhopal,Madhya Pradesh,India
SYN_P_0378,Rajat Mehta,F,1982-04-22,27,Delhi,Delhi,India
SYN_P_0379,Priya Verma,M,2015-11-24,39,Chandigarh,Chandigarh,India
SYN_P_0380,Arjun Sethi,M,1980-03-24,52,Jaipur,Rajasthan,India
SYN_P_0381,Amit Ghosh,M,1987-10-28,37,Ghaziabad,Uttar Pradesh,India
SYN_P_0382,Rohan Gill,M,2016-12-07,43,Meerut,Uttar Pradesh,India
SYN_P_0383,Shreya Singh,F,2006-10-05,31,Bhopal,Madhya Pradesh,India
SYN_P_0384,Pallavi Verma,F,1973-07-15,34,Noida,Uttar Pradesh,India
SYN_P_0385,Raj Saxena,F,2013-02-14,36,Surat,Gujarat,India
SYN_P_0386,Vivaan Mukherjee,M,1970-03-31,63,Bhopal,Madhya Pradesh,India
SYN_P_0387,Vikram Patil,M,1977-12-26,57,Patna,Bihar,India
SYN_P_0388,Meera Jain,M,2014-04-30,26,Ranchi,Jharkhand,India
SYN_P_0389,Sneha Srivastava,M,2015-11-28,67,Noida,Uttar Pradesh,India
SYN_P_0390,Naveen Bose,F,1979-02-02,62,Chandigarh,Chandigarh,India
SYN_P_0391,Rajat Gill,F,1990-09-27,39,Bhubaneswar,Odisha,India
SYN_P_0392,Isha Das,F,1993-09-11,24,Noida,Uttar Pradesh,India
SYN_P_0393,Muskan Sarkar,M,1978-12-15,23,Nagpur,Maharashtra,India
SYN_P_0394,Karan Gill,F,1996-01-26,64,Surat,Gujarat,India
SYN_P_0395,Nikhil Rana,F,1998-01-20,68,Chandigarh,Chandigarh,India
SYN_P_0396,Ankit Naidu,M,1980-05-25,23,Chennai,Tamil Nadu,India
SYN_P_0397,Vivaan Rana,M,1970-11-13,63,Jaipur,Rajasthan,India
SYN_P_0398,Sneha Chatterjee,F,1985-04-19,43,Noida,Uttar Pradesh,India
SYN_P_0399,Shubham Sinha,F,2009-04-09,67,Lucknow,Uttar Pradesh,India
SYN_P_0400,Swati Saxena,F,1978-05-04,42,Hyderabad,Telangana,India
SYN_P_0401,Rohan Naidu,M,1986-05-29,46,Haridwar,Uttarakhand,India
SYN_P_0402,Divya Banerjee,F,2005-11-28,38,Chandigarh,Chandigarh,India
SYN_P_0403,Raj Agarwal,F,2004-08-09,47,Bhubaneswar,Odisha,India
SYN_P_0404,Divya Gill,M,1984-12-18,29,Kolkata,West Bengal,India
SYN_P_0405,Pranav Chatterjee,M,1975-04-06,27,Mumbai,Maharashtra,India
SYN_P_0406,Isha Jain,F,2007-04-29,57,Kolkata,West Bengal,India
SYN_P_0407,Sneha Singh,M,2009-04-23,60,Bhopal,Madhya Pradesh,India
SYN_P_0408,Abhishek Iyer,F,2004-01-26,60,Patna,Bihar,India
SYN_P_0409,Gaurav Dutta,M,1972-08-02,51,Mumbai,Maharashtra,India
SYN_P_0410,Rishabh Gupta,M,2013-10-16,47,Chandigarh,Chandigarh,India
SYN_P_0411,Aditi Ghosh,M,2009-07-15,25,Haridwar,Uttarakhand,India
SYN_P_0412,Harsh Sharma,F,1993-06-21,21,Lucknow,Uttar Pradesh,India
SYN_P_0413,Ankit Shukla,M,2017-01-31,63,Patna,Bihar,India
SYN_P_0414,Rishabh Banerjee,M,2000-05-08,48,Hyderabad,Telangana,India
SYN_P_0415,Naveen Sarkar,F,1992-04-20,43,Chandigarh,Chandigarh,India
SYN_P_0416,Manish Shukla,M,2004-07-12,56,Ahmedabad,Gujarat,India
SYN_P_0417,Saurabh Kohli,M,1974-11-24,62,Haridwar,Uttarakhand,India
SYN_P_0418,Neha Ghosh,F,1984-01-30,52,Dehradun,Uttarakhand,India
SYN_P_0419,Akash Mukherjee,M,1984-11-02,52,Noida,Uttar Pradesh,India
SYN_P_0420,Priya Jadhav,M,1998-10-07,42,Chennai,Tamil Nadu,India
SYN_P_0421,Gaurav Kohli,M,1994-12-15,53,Kolkata,West Bengal,India
SYN_P_0422,Riya Yadav,F,1989-12-24,46,Bhubaneswar,Odisha,India
SYN_P_0423,Rahul Yadav,M,1991-01-31,50,Kanpur,Uttar Pradesh,India
SYN_P_0424,Sameer Tiwari,F,2009-11-07,26,Indore,Madhya Pradesh,India
SYN_P_0425,Pallavi Jadhav,F,2014-09-20,41,Patna,Bihar,India
SYN_P_0426,Sneha Mukherjee,F,1980-08-25,68,Ahmedabad,Gujarat,India
SYN_P_0427,Meera Khanna,M,1971-08-06,46,Chennai,Tamil Nadu,India
SYN_P_0428,Ananya Joshi,M,2006-12-29,56,Bengaluru,Karnataka,India
SYN_P_0429,Saurabh Deshmukh,M,2019-04-06,26,Noida,Uttar Pradesh,India
SYN_P_0430,Varun Sethi,M,1997-04-30,62,Pune,Maharashtra,India
SYN_P_0431,Rajat Bhatia,F,2010-12-06,44,Indore,Madhya Pradesh,India
SYN_P_0432,Akash Das,M,1974-11-14,50,Patna,Bihar,India
SYN_P_0433,Divya Yadav,F,1999-10-14,66,Nagpur,Maharashtra,India
SYN_P_0434,Neha Saxena,F,2002-08-05,28,Hyderabad,Telangana,India
SYN_P_0435,Rahul Tiwari,M,1978-09-28,21,Mumbai,Maharashtra,India
SYN_P_0436,Sakshi Pandey,F,2000-08-16,61,Ranchi,Jharkhand,India
SYN_P_0437,Ananya Reddy,F,1996-03-12,65,Ahmedabad,Gujarat,India
SYN_P_0438,Divya Patil,M,1979-07-16,31,Ahmedabad,Gujarat,India
SYN_P_0439,Shreya Sarkar,M,2014-03-06,66,Lucknow,Uttar Pradesh,India
SYN_P_0440,Ananya Dubey,M,2006-09-18,37,Haridwar,Uttarakhand,India
SYN_P_0441,Deepak Mishra,M,1987-07-30,28,Nagpur,Maharashtra,India
SYN_P_0442,Raj Rana,M,2005-04-01,50,Kanpur,Uttar Pradesh,India
SYN_P_0443,Meera Naidu,F,1987-02-05,27,Chennai,Tamil Nadu,India
SYN_P_0444,Rishabh Patil,M,2007-03-09,61,Bengaluru,Karnataka,India
SYN_P_0445,Kavya Menon,F,1981-01-20,50,Chandigarh,Chandigarh,India
SYN_P_0446,Harsh Sethi,M,2015-03-27,52,Chandigarh,Chandigarh,India
SYN_P_0447,Divya Jadhav,M,1970-05-23,56,Haridwar,Uttarakhand,India
SYN_P_0448,Akash Rana,F,2008-10-30,53,Ranchi,Jharkhand,India
SYN_P_0449,Rajat Mishra,M,1985-11-24,67,Lucknow,Uttar Pradesh,India
SYN_P_0450,Mohit Joshi,M,1981-07-08,45,Surat,Gujarat,India
SYN_P_0451,Karan Ahuja,F,1998-11-16,47,Noida,Uttar Pradesh,India
SYN_P_0452,Pooja Wadhwa,F,1992-04-09,46,Chennai,Tamil Nadu,India
SYN_P_0453,Divya Chopra,F,2000-10-04,49,Ahmedabad,Gujarat,India
SYN_P_0454,Mohit Srivastava,M,1981-12-19,47,Ahmedabad,Gujarat,India
SYN_P_0455,Akash Kohli,F,2015-12-17,65,Chennai,Tamil Nadu,India
SYN_P_0456,Riya Wadhwa,F,2019-02-23,66,Hyderabad,Telangana,India
SYN_P_0457,Neha Das,M,1989-07-01,34,Lucknow,Uttar Pradesh,India
SYN_P_0458,Deepak Agarwal,F,1996-01-26,64,Nagpur,Maharashtra,India
SYN_P_0459,Mohit Chauhan,M,1981-11-26,53,Chandigarh,Chandigarh,India
SYN_P_0460,Amit Arora,F,2018-09-02,66,Dehradun,Uttarakhand,India
SYN_P_0461,Saurabh Rana,F,1980-05-09,56,Jaipur,Rajasthan,India
SYN_P_0462,Aarav Sarkar,F,2013-02-04,64,Mumbai,Maharashtra,India
SYN_P_0463,Arjun Reddy,F,2017-11-24,48,Indore,Madhya Pradesh,India
SYN_P_0464,Deepak Bose,M,1971-02-23,22,Ghaziabad,Uttar Pradesh,India
SYN_P_0465,Vikram Banerjee,M,2004-03-03,24,Surat,Gujarat,India
SYN_P_0466,Pallavi Deshmukh,M,1975-01-29,38,Pune,Maharashtra,India
SYN_P_0467,Ankit Sharma,F,1984-06-09,64,Ghaziabad,Uttar Pradesh,India
SYN_P_0468,Sneha Chauhan,M,1992-06-24,24,Chennai,Tamil Nadu,India
SYN_P_0469,Priya Patil,M,1996-06-24,55,Bhubaneswar,Odisha,India
SYN_P_0470,Sameer Bhatia,F,1972-11-24,49,Jaipur,Rajasthan,India
SYN_P_0471,Rajat Patil,M,1979-03-13,68,Noida,Uttar Pradesh,India
SYN_P_0472,Ayush Deshmukh,M,2004-11-21,53,Dehradun,Uttarakhand,India
SYN_P_0473,Rohan Rao,M,1995-10-22,45,Nagpur,Maharashtra,India
SYN_P_0474,Nisha Chatterjee,F,2004-10-08,64,Patna,Bihar,India
SYN_P_0475,Arjun Kapoor,M,1998-01-19,21,Bhopal,Madhya Pradesh,India
SYN_P_0476,Manish Rao,M,1992-07-19,60,Bhopal,Madhya Pradesh,India
SYN_P_0477,Pranav Mehta,M,2009-10-01,61,Noida,Uttar Pradesh,India
SYN_P_0478,Raj Jain,M,2002-12-29,67,Ghaziabad,Uttar Pradesh,India
SYN_P_0479,Kavya Wadhwa,F,1987-05-12,49,Jaipur,Rajasthan,India
SYN_P_0480,Anurag Das,M,1985-12-01,32,Kolkata,West Bengal,India
SYN_P_0481,Isha Mukherjee,M,1985-08-04,45,Bhubaneswar,Odisha,India
SYN_P_0482,Neha Khanna,F,1973-08-24,38,Patna,Bihar,India
SYN_P_0483,Sameer Dubey,M,1993-09-15,31,Chennai,Tamil Nadu,India
SYN_P_0484,Pranav Naidu,M,1992-11-17,42,Jaipur,Rajasthan,India
SYN_P_0485,Gaurav Rana,M,2011-11-02,23,Bengaluru,Karnataka,India
SYN_P_0486,Arjun Mukherjee,F,1983-10-16,59,Jaipur,Rajasthan,India
SYN_P_0487,Pallavi Srivastava,F,1974-07-25,52,Mumbai,Maharashtra,India
SYN_P_0488,Nisha Srivastava,M,2002-02-15,66,Haridwar,Uttarakhand,India
SYN_P_0489,Rajat Dutta,M,1998-07-08,32,Delhi,Delhi,India
SYN_P_0490,Rahul Bansal,M,2016-09-15,53,Jaipur,Rajasthan,India
SYN_P_0491,Raj Chopra,F,1984-04-19,55,Jaipur,Rajasthan,India
SYN_P_0492,Kavya Gupta,F,2018-03-07,26,Bhubaneswar,Odisha,India
SYN_P_0493,Nikhil Sharma,M,2001-05-07,34,Meerut,Uttar Pradesh,India
SYN_P_0494,Anurag Dubey,F,1999-10-11,44,Bhubaneswar,Odisha,India
SYN_P_0495,Divya Das,M,1996-05-03,60,Bengaluru,Karnataka,India
SYN_P_0496,Priya Chauhan,F,2017-08-05,56,Chandigarh,Chandigarh,India
SYN_P_0497,Aditya Mishra,M,1970-10-16,63,Ranchi,Jharkhand,India
SYN_P_0498,Deepak Sarkar,F,2001-01-15,36,Bhopal,Madhya Pradesh,India
SYN_P_0499,Naveen Gupta,M,1991-11-16,64,Ranchi,Jharkhand,India
SYN_P_0500,Tanvi Mishra,F,1998-10-17,28,Jaipur,Rajasthan,India
SYN_P_0501,Rajat Banerjee,F,2004-08-14,55,Nagpur,Maharashtra,India
SYN_P_0502,Riya Dutta,M,1995-05-17,54,Chandigarh,Chandigarh,India
SYN_P_0503,Mohit Shukla,F,2003-08-22,52,Chennai,Tamil Nadu,India
SYN_P_0504,Karan Iyer,F,1973-12-07,62,Mumbai,Maharashtra,India
SYN_P_0505,Manish Gupta,F,1987-04-10,53,Haridwar,Uttarakhand,India
SYN_P_0506,Arjun Bansal,M,1977-05-22,31,Nagpur,Maharashtra,India
SYN_P_0507,Pranav Das,M,2018-04-07,61,Surat,Gujarat,India
SYN_P_0508,Muskan Rao,M,1975-11-16,63,Chennai,Tamil Nadu,India
SYN_P_0509,Deepak Dubey,F,1989-02-15,27,Indore,Madhya Pradesh,India
SYN_P_0510,Divya Rana,F,1988-06-11,62,Pune,Maharashtra,India
SYN_P_0511,Divya Sinha,M,1976-06-21,22,Haridwar,Uttarakhand,India
SYN_P_0512,Akash Nair,F,2011-03-14,23,Dehradun,Uttarakhand,India
SYN_P_0513,Pooja Deshmukh,M,1977-11-07,24,Pune,Maharashtra,India
SYN_P_0514,Sameer Mehta,F,1985-12-20,56,Hyderabad,Telangana,India
SYN_P_0515,Gaurav Ahuja,M,1976-04-27,37,Bengaluru,Karnataka,India
SYN_P_0516,Yash Das,F,2006-07-28,49,Surat,Gujarat,India
SYN_P_0517,Rajat Verma,F,2006-04-14,41,Meerut,Uttar Pradesh,India
SYN_P_0518,Rahul Mishra,F,1971-07-08,64,Bhubaneswar,Odisha,India
SYN_P_0519,Tanvi Rao,M,1980-08-12,62,Bengaluru,Karnataka,India
SYN_P_0520,Riya Verma,M,1975-09-04,65,Mumbai,Maharashtra,India
SYN_P_0521,Pallavi Chatterjee,F,1976-07-06,53,Jaipur,Rajasthan,India
SYN_P_0522,Akash Rao,F,1979-07-10,64,Pune,Maharashtra,India
SYN_P_0523,Aditya Wadhwa,M,1997-01-13,39,Mumbai,Maharashtra,India
SYN_P_0524,Pallavi Chopra,F,2009-04-07,46,Ahmedabad,Gujarat,India
SYN_P_0525,Priya Menon,F,1972-10-06,31,Noida,Uttar Pradesh,India
SYN_P_0526,Shreya Dubey,M,2017-11-10,29,Kolkata,West Bengal,India
SYN_P_0527,Akash Chopra,F,2005-01-29,61,Chandigarh,Chandigarh,India
SYN_P_0528,Nisha Deshmukh,F,1982-12-05,64,Bhubaneswar,Odisha,India
SYN_P_0529,Rahul Patil,M,2003-06-23,56,Lucknow,Uttar Pradesh,India
SYN_P_0530,Abhishek Pandey,M,1982-09-07,23,Delhi,Delhi,India
SYN_P_0531,Harsh Joshi,F,1970-06-14,55,Dehradun,Uttarakhand,India
SYN_P_0532,Nikhil Bhatia,M,2019-02-14,40,Chennai,Tamil Nadu,India
SYN_P_0533,Anurag Bose,F,1988-11-05,34,Kolkata,West Bengal,India
SYN_P_0534,Ananya Chauhan,M,2007-01-08,31,Kolkata,West Bengal,India
SYN_P_0535,Meera Sinha,M,1986-07-05,60,Bhubaneswar,Odisha,India
SYN_P_0536,Pallavi Reddy,M,1992-09-03,28,Ahmedabad,Gujarat,India
SYN_P_0537,Aditya Jadhav,M,1986-04-09,56,Haridwar,Uttarakhand,India
SYN_P_0538,Rahul Joshi,M,2011-05-20,39,Lucknow,Uttar Pradesh,India
SYN_P_0539,Rajat Joshi,F,1976-01-17,27,Jaipur,Rajasthan,India
SYN_P_0540,Ayush Nair,F,1987-09-17,42,Mumbai,Maharashtra,India
SYN_P_0541,Pooja Jadhav,M,2002-01-15,63,Chandigarh,Chandigarh,India
SYN_P_0542,Anurag Kumar,M,1991-01-16,39,Nagpur,Maharashtra,India
SYN_P_0543,Mohit Menon,M,1976-04-06,41,Kolkata,West Bengal,India
SYN_P_0544,Rishabh Mukherjee,F,2013-08-03,42,Chandigarh,Chandigarh,India
SYN_P_0545,Nisha Dubey,M,1997-06-04,57,Bengaluru,Karnataka,India
SYN_P_0546,Pallavi Kumar,F,2002-09-13,48,Chennai,Tamil Nadu,India
SYN_P_0547,Varun Yadav,M,1985-02-16,41,Indore,Madhya Pradesh,India
SYN_P_0548,Kavya Malhotra,M,1992-02-01,66,Patna,Bihar,India
SYN_P_0549,Divya Deshmukh,F,2009-02-15,44,Mumbai,Maharashtra,India
SYN_P_0550,Karan Verma,F,1982-01-18,51,Dehradun,Uttarakhand,India
SYN_P_0551,Nisha Das,F,2011-07-11,43,Bengaluru,Karnataka,India
SYN_P_0552,Raj Sarkar,F,1997-05-28,56,Bhubaneswar,Odisha,India
SYN_P_0553,Karan Ghosh,M,1979-10-07,62,Indore,Madhya Pradesh,India
SYN_P_0554,Manish Deshmukh,F,1977-05-10,29,Bhubaneswar,Odisha,India
SYN_P_0555,Swati Chauhan,M,2018-04-28,37,Bengaluru,Karnataka,India
SYN_P_0556,Aditi Sarkar,M,1976-11-10,22,Surat,Gujarat,India
SYN_P_0557,Akash Pandey,M,2015-07-03,58,Kanpur,Uttar Pradesh,India
SYN_P_0558,Raj Jadhav,M,2006-05-07,23,Bhubaneswar,Odisha,India
SYN_P_0559,Shubham Saxena,F,1993-05-19,62,Pune,Maharashtra,India
SYN_P_0560,Isha Nair,F,1983-05-03,46,Kanpur,Uttar Pradesh,India
SYN_P_0561,Muskan Malhotra,F,1990-01-13,29,Lucknow,Uttar Pradesh,India
SYN_P_0562,Rohan Yadav,M,2011-09-10,46,Bhubaneswar,Odisha,India
SYN_P_0563,Komal Pandey,M,2002-08-24,63,Chennai,Tamil Nadu,India
SYN_P_0564,Harsh Nair,M,1991-06-07,53,Bengaluru,Karnataka,India
SYN_P_0565,Deepak Kohli,F,1982-08-05,31,Kanpur,Uttar Pradesh,India
SYN_P_0566,Ananya Kapoor,M,1986-01-27,68,Chennai,Tamil Nadu,India
SYN_P_0567,Sameer Iyer,F,2013-05-18,23,Indore,Madhya Pradesh,India
SYN_P_0568,Priya Sethi,F,1989-08-19,35,Noida,Uttar Pradesh,India
SYN_P_0569,Harsh Reddy,F,1975-08-22,44,Hyderabad,Telangana,India
SYN_P_0570,Pallavi Iyer,M,1990-12-30,63,Noida,Uttar Pradesh,India
SYN_P_0571,Shubham Jadhav,F,1988-07-20,45,Ghaziabad,Uttar Pradesh,India
SYN_P_0572,Yash Saxena,F,2012-02-20,23,Patna,Bihar,India
SYN_P_0573,Divya Tiwari,F,1973-07-31,27,Noida,Uttar Pradesh,India
SYN_P_0574,Sneha Khanna,F,2016-10-10,68,Delhi,Delhi,India
SYN_P_0575,Anurag Singh,M,1993-08-16,45,Ahmedabad,Gujarat,India
SYN_P_0576,Yash Ahuja,F,2003-12-17,58,Lucknow,Uttar Pradesh,India
SYN_P_0577,Priya Sarkar,F,1976-12-25,45,Indore,Madhya Pradesh,India
SYN_P_0578,Shubham Khanna,F,1989-12-30,43,Chandigarh,Chandigarh,India
SYN_P_0579,Meera Ghosh,F,2000-12-15,51,Ghaziabad,Uttar Pradesh,India
SYN_P_0580,Aditya Malhotra,M,1970-08-05,49,Ranchi,Jharkhand,India
SYN_P_0581,Aditi Naidu,M,1984-11-09,25,Lucknow,Uttar Pradesh,India
SYN_P_0582,Harsh Agarwal,F,2016-02-29,34,Delhi,Delhi,India
SYN_P_0583,Sameer Agarwal,M,1983-06-25,31,Jaipur,Rajasthan,India
SYN_P_0584,Neha Jadhav,M,2002-07-01,63,Hyderabad,Telangana,India
SYN_P_0585,Manish Pandey,F,1990-08-31,42,Surat,Gujarat,India
SYN_P_0586,Shreya Kapoor,F,1980-03-02,64,Pune,Maharashtra,India
SYN_P_0587,Rohan Patil,F,2012-12-15,34,Noida,Uttar Pradesh,India
SYN_P_0588,Simran Bose,F,1984-06-19,22,Bhopal,Madhya Pradesh,India
SYN_P_0589,Ayush Ghosh,M,1991-11-11,29,Indore,Madhya Pradesh,India
SYN_P_0590,Rahul Bhatia,M,1984-06-15,61,Patna,Bihar,India
SYN_P_0591,Shubham Joshi,M,2015-12-29,57,Bhopal,Madhya Pradesh,India
SYN_P_0592,Nisha Sarkar,M,1983-03-06,31,Bengaluru,Karnataka,India
SYN_P_0593,Simran Gupta,M,1993-03-03,54,Patna,Bihar,India
SYN_P_0594,Raj Banerjee,M,2006-05-17,67,Bengaluru,Karnataka,India
SYN_P_0595,Tanvi Chauhan,M,1995-06-07,34,Delhi,Delhi,India
SYN_P_0596,Amit Ahuja,F,2010-04-20,51,Delhi,Delhi,India
SYN_P_0597,Rahul Shukla,M,1985-04-21,47,Chennai,Tamil Nadu,India
SYN_P_0598,Ankit Wadhwa,M,1982-10-21,60,Chennai,Tamil Nadu,India
SYN_P_0599,Ankit Dubey,F,2015-10-30,31,Ahmedabad,Gujarat,India
SYN_P_0600,Pranav Verma,F,2000-09-28,59,Delhi,Delhi,India
SYN_P_0601,Aditya Joshi,M,1976-03-05,45,Delhi,Delhi,India
SYN_P_0602,Arjun Chauhan,M,2004-07-31,27,Hyderabad,Telangana,India
SYN_P_0603,Abhishek Arora,M,1971-06-27,54,Bhubaneswar,Odisha,India
SYN_P_0604,Gaurav Kapoor,F,2015-04-01,30,Dehradun,Uttarakhand,India
SYN_P_0605,Raj Menon,M,1978-08-22,51,Chennai,Tamil Nadu,India
SYN_P_0606,Anurag Rao,M,1973-07-03,26,Haridwar,Uttarakhand,India
SYN_P_0607,Tanvi Chopra,M,2013-04-07,59,Delhi,Delhi,India
SYN_P_0608,Rahul Mukherjee,M,2018-05-20,64,Hyderabad,Telangana,India
SYN_P_0609,Shubham Mukherjee,F,2008-09-17,44,Ranchi,Jharkhand,India
SYN_P_0610,Ananya Naidu,F,1973-11-24,35,Patna,Bihar,India
SYN_P_0611,Deepak Chatterjee,F,2013-04-03,43,Ahmedabad,Gujarat,India
SYN_P_0612,Pooja Bansal,F,1978-10-07,29,Kanpur,Uttar Pradesh,India
SYN_P_0613,Abhishek Naidu,F,1992-11-01,35,Meerut,Uttar Pradesh,India
SYN_P_0614,Gaurav Bose,F,1977-07-09,59,Meerut,Uttar Pradesh,India
SYN_P_0615,Pranav Saxena,F,2018-10-12,37,Hyderabad,Telangana,India
SYN_P_0616,Abhishek Rao,M,1986-12-16,66,Lucknow,Uttar Pradesh,India
SYN_P_0617,Deepak Verma,M,1970-08-22,54,Chandigarh,Chandigarh,India
SYN_P_0618,Komal Ahuja,F,1970-08-24,62,Jaipur,Rajasthan,India
SYN_P_0619,Arjun Das,F,1988-06-06,47,Bhopal,Madhya Pradesh,India
SYN_P_0620,Muskan Deshmukh,M,2002-07-02,30,Hyderabad,Telangana,India
SYN_P_0621,Deepak Gill,F,2008-03-23,37,Dehradun,Uttarakhand,India
SYN_P_0622,Amit Das,F,2018-02-05,57,Pune,Maharashtra,India
SYN_P_0623,Abhishek Mishra,F,2002-10-21,64,Dehradun,Uttarakhand,India
SYN_P_0624,Nisha Saxena,M,2005-08-28,47,Nagpur,Maharashtra,India
SYN_P_0625,Simran Tripathi,M,2013-04-14,44,Ghaziabad,Uttar Pradesh,India
SYN_P_0626,Tanvi Wadhwa,F,2013-05-26,40,Pune,Maharashtra,India
SYN_P_0627,Sakshi Gill,F,2000-11-22,68,Nagpur,Maharashtra,India
SYN_P_0628,Pranav Dubey,M,1982-05-22,68,Surat,Gujarat,India
SYN_P_0629,Aditya Naidu,F,1990-08-13,65,Kolkata,West Bengal,India
SYN_P_0630,Rishabh Kohli,M,1984-07-07,34,Chandigarh,Chandigarh,India
SYN_P_0631,Vikram Mehta,F,2015-08-10,42,Ranchi,Jharkhand,India
SYN_P_0632,Deepak Joshi,M,1974-09-02,45,Chandigarh,Chandigarh,India
SYN_P_0633,Muskan Pandey,M,1970-06-23,30,Haridwar,Uttarakhand,India
SYN_P_0634,Saurabh Saxena,F,2012-04-25,26,Patna,Bihar,India
SYN_P_0635,Vikram Iyer,F,1975-10-01,35,Ghaziabad,Uttar Pradesh,India
SYN_P_0636,Rishabh Menon,M,2003-04-09,59,Indore,Madhya Pradesh,India
SYN_P_0637,Aditi Yadav,F,1973-05-22,46,Indore,Madhya Pradesh,India
SYN_P_0638,Nikhil Tripathi,F,2016-09-28,66,Noida,Uttar Pradesh,India
SYN_P_0639,Muskan Bhatia,M,1975-02-26,61,Ghaziabad,Uttar Pradesh,India
SYN_P_0640,Rohan Kapoor,F,2014-05-09,21,Nagpur,Maharashtra,India
SYN_P_0641,Pallavi Mishra,F,1988-02-05,33,Nagpur,Maharashtra,India
SYN_P_0642,Tanvi Sinha,M,1973-01-06,60,Nagpur,Maharashtra,India
SYN_P_0643,Kavya Arora,M,1985-03-16,44,Chennai,Tamil Nadu,India
SYN_P_0644,Rahul Sinha,M,1991-06-19,31,Bengaluru,Karnataka,India
SYN_P_0645,Aarav Tripathi,F,1977-10-16,46,Noida,Uttar Pradesh,India
SYN_P_0646,Pooja Jain,F,2001-09-06,46,Indore,Madhya Pradesh,India
SYN_P_0647,Naveen Arora,M,1987-12-21,68,Delhi,Delhi,India
SYN_P_0648,Tanvi Tripathi,M,1976-02-27,56,Ranchi,Jharkhand,India
SYN_P_0649,Riya Khanna,F,1995-07-11,43,Kanpur,Uttar Pradesh,India
SYN_P_0650,Nisha Arora,M,1994-10-22,59,Ghaziabad,Uttar Pradesh,India
SYN_P_0651,Ankit Chatterjee,F,1987-06-15,46,Bengaluru,Karnataka,India
SYN_P_0652,Amit Patil,F,1970-06-02,32,Ahmedabad,Gujarat,India
SYN_P_0653,Kavya Joshi,M,2006-07-11,56,Indore,Madhya Pradesh,India
SYN_P_0654,Simran Mishra,F,1976-06-29,42,Mumbai,Maharashtra,India
SYN_P_0655,Shreya Gupta,F,1980-07-01,55,Kolkata,West Bengal,India
SYN_P_0656,Nisha Jadhav,F,1992-06-10,45,Meerut,Uttar Pradesh,India
SYN_P_0657,Shreya Pandey,M,2013-05-22,42,Hyderabad,Telangana,India
SYN_P_0658,Karan Malhotra,F,2011-03-02,58,Noida,Uttar Pradesh,India
SYN_P_0659,Aditya Singh,F,1972-06-15,28,Chandigarh,Chandigarh,India
SYN_P_0660,Pranav Deshmukh,M,1993-02-17,45,Jaipur,Rajasthan,India
SYN_P_0661,Raj Iyer,M,1989-10-09,41,Ranchi,Jharkhand,India
SYN_P_0662,Vikram Khanna,F,2007-01-01,54,Kolkata,West Bengal,India
SYN_P_0663,Anurag Naidu,M,2018-01-21,65,Bengaluru,Karnataka,India
SYN_P_0664,Muskan Kohli,M,1993-08-17,39,Dehradun,Uttarakhand,India
SYN_P_0665,Ananya Mukherjee,F,1978-05-06,64,Noida,Uttar Pradesh,India
SYN_P_0666,Anurag Yadav,M,2000-09-06,56,Ghaziabad,Uttar Pradesh,India
SYN_P_0667,Aditya Bose,F,1986-01-05,41,Patna,Bihar,India
SYN_P_0668,Rishabh Srivastava,M,2001-09-19,57,Dehradun,Uttarakhand,India
SYN_P_0669,Raj Arora,M,1994-02-21,68,Chennai,Tamil Nadu,India
SYN_P_0670,Rishabh Iyer,F,1987-01-23,68,Kolkata,West Bengal,India
SYN_P_0671,Shreya Sethi,M,1987-11-30,68,Patna,Bihar,India
SYN_P_0672,Akash Saxena,F,1991-09-19,34,Noida,Uttar Pradesh,India
SYN_P_0673,Rahul Dutta,M,1990-07-25,36,Kanpur,Uttar Pradesh,India
SYN_P_0674,Vivaan Kumar,M,2001-12-10,27,Mumbai,Maharashtra,India
SYN_P_0675,Harsh Tiwari,M,1980-10-03,64,Delhi,Delhi,India
SYN_P_0676,Vikram Rao,M,2014-03-14,55,Jaipur,Rajasthan,India
SYN_P_0677,Varun Naidu,F,1973-10-16,44,Kolkata,West Bengal,India
SYN_P_0678,Varun Mishra,F,1998-04-19,57,Lucknow,Uttar Pradesh,India
SYN_P_0679,Harsh Gill,F,1994-08-25,32,Ranchi,Jharkhand,India
SYN_P_0680,Manish Das,F,2015-11-09,46,Nagpur,Maharashtra,India
SYN_P_0681,Aarav Yadav,M,1989-12-04,24,Ghaziabad,Uttar Pradesh,India
SYN_P_0682,Manish Malhotra,F,2017-03-02,51,Haridwar,Uttarakhand,India
SYN_P_0683,Saurabh Jain,M,2018-07-07,53,Kanpur,Uttar Pradesh,India
SYN_P_0684,Meera Verma,F,2001-02-26,64,Kolkata,West Bengal,India
SYN_P_0685,Vikram Sharma,F,1985-09-06,28,Chandigarh,Chandigarh,India
SYN_P_0686,Abhishek Tiwari,F,2016-06-28,41,Kolkata,West Bengal,India
SYN_P_0687,Riya Joshi,M,1970-10-03,64,Nagpur,Maharashtra,India
SYN_P_0688,Vivaan Chopra,F,1988-11-27,58,Patna,Bihar,India
SYN_P_0689,Rajat Kumar,F,1979-01-15,44,Chennai,Tamil Nadu,India
SYN_P_0690,Vikram Ahuja,M,1993-04-19,56,Mumbai,Maharashtra,India
SYN_P_0691,Anurag Menon,M,1993-08-01,38,Nagpur,Maharashtra,India
SYN_P_0692,Sameer Gill,F,2012-04-15,44,Bhubaneswar,Odisha,India
SYN_P_0693,Rishabh Nair,F,1986-07-02,48,Lucknow,Uttar Pradesh,India
SYN_P_0694,Riya Agarwal,F,1988-11-20,65,Ranchi,Jharkhand,India
SYN_P_0695,Sameer Nair,F,2003-05-27,46,Bhubaneswar,Odisha,India
SYN_P_0696,Amit Mukherjee,F,1995-02-01,32,Ghaziabad,Uttar Pradesh,India
SYN_P_0697,Pranav Jadhav,M,1981-10-07,27,Hyderabad,Telangana,India
SYN_P_0698,Shreya Verma,M,1994-03-21,56,Bhubaneswar,Odisha,India
SYN_P_0699,Arjun Patil,F,2008-10-10,33,Pune,Maharashtra,India
SYN_P_0700,Ayush Shukla,M,1983-02-01,51,Noida,Uttar Pradesh,India
SYN_P_0701,Tanvi Agarwal,M,1970-11-16,47,Meerut,Uttar Pradesh,India
SYN_P_0702,Ananya Sarkar,M,2014-10-27,61,Ahmedabad,Gujarat,India
SYN_P_0703,Sameer Gupta,F,2016-05-20,52,Chandigarh,Chandigarh,India
SYN_P_0704,Isha Kapoor,F,1996-12-01,56,Ghaziabad,Uttar Pradesh,India
SYN_P_0705,Rohan Malhotra,F,1974-04-13,27,Mumbai,Maharashtra,India
SYN_P_0706,Nisha Naidu,M,1984-08-27,34,Bhopal,Madhya Pradesh,India
SYN_P_0707,Kavya Sarkar,F,1992-10-24,61,Bhopal,Madhya Pradesh,India
SYN_P_0708,Yash Khanna,F,1978-08-22,68,Bhopal,Madhya Pradesh,India
SYN_P_0709,Isha Menon,F,2000-01-10,44,Nagpur,Maharashtra,India
SYN_P_0710,Deepak Jadhav,F,2002-04-29,43,Mumbai,Maharashtra,India
SYN_P_0711,Gaurav Agarwal,F,1971-10-12,28,Delhi,Delhi,India
SYN_P_0712,Divya Jain,M,2001-07-01,57,Indore,Madhya Pradesh,India
SYN_P_0713,Shreya Ghosh,M,2018-04-22,39,Dehradun,Uttarakhand,India
SYN_P_0714,Komal Reddy,F,2001-11-10,64,Surat,Gujarat,India
SYN_P_0715,Sakshi Srivastava,F,2015-10-18,68,Bengaluru,Karnataka,India
SYN_P_0716,Gaurav Dubey,M,2010-02-05,45,Chandigarh,Chandigarh,India
SYN_P_0717,Amit Pandey,F,1995-09-15,61,Pune,Maharashtra,India
SYN_P_0718,Harsh Jadhav,M,1982-12-30,61,Chennai,Tamil Nadu,India
SYN_P_0719,Ayush Pandey,F,2000-04-08,61,Nagpur,Maharashtra,India
SYN_P_0720,Sakshi Agarwal,M,2006-04-25,26,Ahmedabad,Gujarat,India
SYN_P_0721,Yash Shukla,F,1984-07-14,35,Kanpur,Uttar Pradesh,India
SYN_P_0722,Rajat Arora,F,1998-02-15,62,Patna,Bihar,India
SYN_P_0723,Manish Chatterjee,F,1996-02-21,59,Kolkata,West Bengal,India
SYN_P_0724,Priya Gupta,F,2005-06-24,49,Patna,Bihar,India
SYN_P_0725,Ankit Ahuja,F,2002-08-01,47,Nagpur,Maharashtra,India
SYN_P_0726,Muskan Arora,M,1985-01-04,22,Ghaziabad,Uttar Pradesh,India
SYN_P_0727,Vikram Reddy,M,1981-03-21,63,Bhopal,Madhya Pradesh,India
SYN_P_0728,Kavya Reddy,M,1992-07-29,34,Haridwar,Uttarakhand,India
SYN_P_0729,Harsh Dutta,F,1984-12-22,27,Chandigarh,Chandigarh,India
SYN_P_0730,Karan Pandey,M,1978-07-29,51,Ranchi,Jharkhand,India
SYN_P_0731,Abhishek Dutta,M,2019-03-16,22,Ghaziabad,Uttar Pradesh,India
SYN_P_0732,Pallavi Shukla,M,2005-08-14,27,Ghaziabad,Uttar Pradesh,India
SYN_P_0733,Pranav Sethi,M,1993-07-19,26,Dehradun,Uttarakhand,India
SYN_P_0734,Ankit Rao,F,2004-12-22,35,Lucknow,Uttar Pradesh,India
SYN_P_0735,Aditi Srivastava,F,1992-03-12,49,Nagpur,Maharashtra,India
SYN_P_0736,Manish Dutta,M,1981-05-05,54,Ranchi,Jharkhand,India
SYN_P_0737,Priya Mishra,M,1985-04-22,23,Indore,Madhya Pradesh,India
SYN_P_0738,Ankit Sethi,F,2002-01-05,51,Lucknow,Uttar Pradesh,India
SYN_P_0739,Karan Wadhwa,F,2011-11-30,56,Bhubaneswar,Odisha,India
SYN_P_0740,Amit Shukla,M,2009-11-28,65,Nagpur,Maharashtra,India
SYN_P_0741,Kavya Gill,M,2018-05-20,58,Mumbai,Maharashtra,India
SYN_P_0742,Simran Mukherjee,F,2010-12-17,54,Pune,Maharashtra,India
SYN_P_0743,Kavya Verma,F,2017-11-21,43,Meerut,Uttar Pradesh,India
SYN_P_0744,Isha Dutta,M,2013-03-18,26,Ghaziabad,Uttar Pradesh,India
SYN_P_0745,Pallavi Rana,F,2009-08-22,44,Delhi,Delhi,India
SYN_P_0746,Aarav Chopra,F,2006-12-25,30,Haridwar,Uttarakhand,India
SYN_P_0747,Muskan Banerjee,M,1997-03-27,21,Surat,Gujarat,India
SYN_P_0748,Muskan Menon,M,2016-12-13,43,Pune,Maharashtra,India
SYN_P_0749,Varun Khanna,F,1995-09-23,55,Dehradun,Uttarakhand,India
SYN_P_0750,Harsh Bansal,F,1970-09-30,51,Meerut,Uttar Pradesh,India
SYN_P_0751,Komal Rao,M,1996-11-17,48,Lucknow,Uttar Pradesh,India
SYN_P_0752,Isha Mehta,M,1996-04-12,21,Ghaziabad,Uttar Pradesh,India
SYN_P_0753,Nikhil Wadhwa,F,2019-03-08,33,Kanpur,Uttar Pradesh,India
SYN_P_0754,Simran Kumar,F,2006-12-09,46,Ahmedabad,Gujarat,India
SYN_P_0755,Tanvi Mehta,M,1992-06-02,66,Surat,Gujarat,India
SYN_P_0756,Ananya Das,F,2004-12-18,35,Chennai,Tamil Nadu,India
SYN_P_0757,Sameer Pandey,M,1993-08-05,48,Chennai,Tamil Nadu,India
SYN_P_0758,Akash Srivastava,F,1991-06-29,39,Hyderabad,Telangana,India
SYN_P_0759,Pallavi Nair,F,2017-09-21,47,Ahmedabad,Gujarat,India
SYN_P_0760,Karan Sethi,M,1986-11-13,32,Meerut,Uttar Pradesh,India
SYN_P_0761,Gaurav Jain,F,1982-04-04,28,Delhi,Delhi,India
SYN_P_0762,Tanvi Naidu,F,2010-11-07,38,Ghaziabad,Uttar Pradesh,India
SYN_P_0763,Ananya Menon,M,2014-02-20,41,Pune,Maharashtra,India
SYN_P_0764,Meera Rana,M,1971-09-28,24,Chennai,Tamil Nadu,India
SYN_P_0765,Ayush Das,M,2017-12-29,32,Ghaziabad,Uttar Pradesh,India
SYN_P_0766,Arjun Sharma,F,1979-03-06,38,Bhopal,Madhya Pradesh,India
SYN_P_0767,Varun Rana,F,1981-03-21,67,Bhopal,Madhya Pradesh,India
SYN_P_0768,Varun Gill,M,1970-09-26,26,Mumbai,Maharashtra,India
SYN_P_0769,Vikram Wadhwa,M,1983-07-09,52,Nagpur,Maharashtra,India
SYN_P_0770,Rajat Chauhan,F,1989-06-26,47,Delhi,Delhi,India
SYN_P_0771,Yash Jain,F,1997-12-14,44,Haridwar,Uttarakhand,India
SYN_P_0772,Aarav Deshmukh,M,2011-08-08,42,Ahmedabad,Gujarat,India
SYN_P_0773,Muskan Shukla,M,1977-03-13,24,Nagpur,Maharashtra,India
SYN_P_0774,Saurabh Malhotra,F,1993-11-28,25,Ghaziabad,Uttar Pradesh,India
SYN_P_0775,Shubham Iyer,F,2018-09-25,32,Bhubaneswar,Odisha,India
SYN_P_0776,Swati Mishra,F,1987-03-30,45,Chennai,Tamil Nadu,India
SYN_P_0777,Aditi Reddy,M,1971-02-18,66,Chandigarh,Chandigarh,India
SYN_P_0778,Meera Sethi,F,1992-05-02,49,Kolkata,West Bengal,India
SYN_P_0779,Rohan Sinha,M,1992-03-05,33,Hyderabad,Telangana,India
SYN_P_0780,Muskan Singh,M,2011-05-06,54,Kanpur,Uttar Pradesh,India
SYN_P_0781,Gaurav Verma,F,1988-09-13,45,Patna,Bihar,India
SYN_P_0782,Yash Rao,F,1998-01-01,31,Nagpur,Maharashtra,India
SYN_P_0783,Gaurav Rao,M,1973-10-14,37,Kanpur,Uttar Pradesh,India
SYN_P_0784,Ayush Sarkar,F,2013-03-04,33,Lucknow,Uttar Pradesh,India
SYN_P_0785,Nisha Pandey,M,2002-05-03,63,Dehradun,Uttarakhand,India
SYN_P_0786,Deepak Jain,M,1989-07-16,36,Haridwar,Uttarakhand,India
SYN_P_0787,Ayush Verma,F,2008-12-13,21,Dehradun,Uttarakhand,India
SYN_P_0788,Yash Bansal,F,1985-01-06,58,Bengaluru,Karnataka,India
SYN_P_0789,Simran Jadhav,F,1980-09-25,36,Lucknow,Uttar Pradesh,India
SYN_P_0790,Divya Arora,M,1970-10-20,58,Ghaziabad,Uttar Pradesh,India
SYN_P_0791,Ayush Menon,M,2012-08-21,44,Kanpur,Uttar Pradesh,India
SYN_P_0792,Pranav Ahuja,M,1978-01-11,31,Ahmedabad,Gujarat,India
SYN_P_0793,Harsh Mishra,M,2014-11-07,64,Dehradun,Uttarakhand,India
SYN_P_0794,Nikhil Gupta,M,2000-05-12,24,Ahmedabad,Gujarat,India
SYN_P_0795,Aditi Banerjee,M,2001-11-23,65,Haridwar,Uttarakhand,India
SYN_P_0796,Karan Menon,M,2018-02-13,29,Bengaluru,Karnataka,India
SYN_P_0797,Aditi Saxena,M,2013-10-07,41,Ghaziabad,Uttar Pradesh,India
SYN_P_0798,Komal Sethi,F,2001-02-27,67,Pune,Maharashtra,India
SYN_P_0799,Abhishek Kohli,M,1987-04-25,65,Dehradun,Uttarakhand,India
SYN_P_0800,Mohit Chopra,F,2003-11-22,67,Chandigarh,Chandigarh,India
SYN_P_0801,Pallavi Wadhwa,F,1982-02-01,23,Bhubaneswar,Odisha,India
SYN_P_0802,Saurabh Gill,F,2013-07-16,56,Indore,Madhya Pradesh,India
SYN_P_0803,Naveen Wadhwa,F,1996-06-10,33,Bengaluru,Karnataka,India
SYN_P_0804,Sneha Wadhwa,F,1986-09-29,41,Bhopal,Madhya Pradesh,India
SYN_P_0805,Riya Dubey,F,2012-01-09,59,Bhopal,Madhya Pradesh,India
SYN_P_0806,Shreya Banerjee,M,1984-05-21,54,Jaipur,Rajasthan,India
SYN_P_0807,Simran Joshi,F,1983-11-28,39,Surat,Gujarat,India
SYN_P_0808,Nisha Joshi,F,1993-08-17,50,Meerut,Uttar Pradesh,India
SYN_P_0809,Manish Dubey,F,1970-01-24,67,Lucknow,Uttar Pradesh,India
SYN_P_0810,Sameer Banerjee,M,1986-08-24,60,Haridwar,Uttarakhand,India
SYN_P_0811,Pranav Yadav,M,2002-08-31,41,Delhi,Delhi,India
SYN_P_0812,Riya Kumar,F,1975-09-07,33,Nagpur,Maharashtra,India
SYN_P_0813,Abhishek Nair,F,2017-01-06,56,Mumbai,Maharashtra,India
SYN_P_0814,Rohan Rana,F,1983-10-30,41,Bhopal,Madhya Pradesh,India
SYN_P_0815,Aditya Kumar,F,2006-10-07,28,Nagpur,Maharashtra,India
SYN_P_0816,Rohan Ghosh,M,1978-08-21,23,Mumbai,Maharashtra,India
SYN_P_0817,Riya Reddy,M,1981-08-23,23,Surat,Gujarat,India
SYN_P_0818,Sameer Rao,M,1988-02-17,52,Mumbai,Maharashtra,India
SYN_P_0819,Shreya Saxena,M,1987-03-11,23,Ahmedabad,Gujarat,India
SYN_P_0820,Manish Kumar,F,2004-11-11,54,Indore,Madhya Pradesh,India
SYN_P_0821,Harsh Sarkar,M,1992-12-17,44,Bhopal,Madhya Pradesh,India
SYN_P_0822,Rahul Nair,M,1989-10-20,21,Lucknow,Uttar Pradesh,India
SYN_P_0823,Shreya Chopra,F,1988-09-22,26,Haridwar,Uttarakhand,India
SYN_P_0824,Swati Dubey,M,2011-12-29,44,Mumbai,Maharashtra,India
SYN_P_0825,Neha Mukherjee,F,2007-04-26,66,Bhopal,Madhya Pradesh,India
SYN_P_0826,Nikhil Arora,F,1975-03-26,54,Ranchi,Jharkhand,India
SYN_P_0827,Komal Bhatia,M,1973-08-25,40,Jaipur,Rajasthan,India
SYN_P_0828,Tanvi Das,M,1976-12-28,54,Bengaluru,Karnataka,India
SYN_P_0829,Arjun Banerjee,M,1978-09-18,67,Mumbai,Maharashtra,India
SYN_P_0830,Shreya Bhatia,F,1990-09-22,33,Kanpur,Uttar Pradesh,India
SYN_P_0831,Ankit Reddy,M,1987-04-30,57,Nagpur,Maharashtra,India
SYN_P_0832,Tanvi Khanna,F,1986-01-19,68,Mumbai,Maharashtra,India
SYN_P_0833,Deepak Tripathi,F,1979-06-20,64,Haridwar,Uttarakhand,India
SYN_P_0834,Sakshi Dutta,F,2011-02-26,27,Bhubaneswar,Odisha,India
SYN_P_0835,Manish Sethi,M,1984-12-19,56,Ranchi,Jharkhand,India
SYN_P_0836,Pranav Ghosh,F,2006-01-10,63,Indore,Madhya Pradesh,India
SYN_P_0837,Divya Dutta,F,1984-03-11,43,Bengaluru,Karnataka,India
SYN_P_0838,Ayush Malhotra,F,1998-04-10,44,Kolkata,West Bengal,India
SYN_P_0839,Isha Sarkar,F,2006-12-29,67,Chandigarh,Chandigarh,India
SYN_P_0840,Rahul Rana,M,1999-01-07,57,Mumbai,Maharashtra,India
SYN_P_0841,Kavya Khanna,M,2018-12-14,45,Nagpur,Maharashtra,India
SYN_P_0842,Divya Ahuja,F,1992-10-17,49,Dehradun,Uttarakhand,India
SYN_P_0843,Tanvi Menon,F,2010-02-23,21,Nagpur,Maharashtra,India
SYN_P_0844,Rahul Ghosh,F,1973-02-09,59,Pune,Maharashtra,India
SYN_P_0845,Aditi Arora,M,1971-06-19,40,Meerut,Uttar Pradesh,India
SYN_P_0846,Vivaan Arora,F,1970-08-04,35,Kolkata,West Bengal,India
SYN_P_0847,Pranav Chopra,F,1989-04-10,22,Jaipur,Rajasthan,India
SYN_P_0848,Varun Bhatia,M,1994-10-04,27,Kolkata,West Bengal,India
SYN_P_0849,Komal Deshmukh,F,1973-05-21,43,Chennai,Tamil Nadu,India
SYN_P_0850,Mohit Mishra,M,1984-01-03,37,Kanpur,Uttar Pradesh,India
SYN_P_0851,Vikram Kapoor,M,2002-12-07,35,Patna,Bihar,India
SYN_P_0852,Rohan Chauhan,F,1992-12-27,26,Chennai,Tamil Nadu,India
SYN_P_0853,Ankit Nair,M,2005-11-13,67,Delhi,Delhi,India
SYN_P_0854,Komal Iyer,F,1976-12-04,51,Bhubaneswar,Odisha,India
SYN_P_0855,Simran Malhotra,F,1985-07-06,65,Surat,Gujarat,India
SYN_P_0856,Isha Khanna,F,1978-07-22,23,Ranchi,Jharkhand,India
SYN_P_0857,Manish Bansal,M,2004-03-25,24,Jaipur,Rajasthan,India
SYN_P_0858,Saurabh Bose,F,2000-01-01,48,Surat,Gujarat,India
SYN_P_0859,Komal Mukherjee,M,2007-05-15,35,Haridwar,Uttarakhand,India
SYN_P_0860,Nikhil Kohli,F,1971-01-10,24,Ranchi,Jharkhand,India
SYN_P_0861,Sameer Singh,M,1997-05-06,41,Ghaziabad,Uttar Pradesh,India
SYN_P_0862,Anurag Arora,M,2018-06-10,41,Ahmedabad,Gujarat,India
SYN_P_0863,Raj Dubey,M,2015-01-27,30,Patna,Bihar,India
SYN_P_0864,Simran Chauhan,F,1974-07-14,49,Bengaluru,Karnataka,India
SYN_P_0865,Pallavi Ahuja,M,2015-04-13,35,Lucknow,Uttar Pradesh,India
SYN_P_0866,Sameer Mishra,F,2008-10-01,46,Indore,Madhya Pradesh,India
SYN_P_0867,Pooja Tiwari,M,1983-04-13,42,Haridwar,Uttarakhand,India
SYN_P_0868,Pranav Patil,F,1977-05-28,57,Chandigarh,Chandigarh,India
SYN_P_0869,Mohit Arora,F,1974-06-04,37,Dehradun,Uttarakhand,India
SYN_P_0870,Sameer Jadhav,F,1977-08-19,53,Patna,Bihar,India
SYN_P_0871,Komal Chauhan,M,2008-12-24,29,Lucknow,Uttar Pradesh,India
SYN_P_0872,Komal Khanna,M,2013-02-22,52,Ranchi,Jharkhand,India
SYN_P_0873,Aditi Menon,M,2005-06-19,56,Ahmedabad,Gujarat,India
SYN_P_0874,Anurag Bansal,M,2017-01-12,36,Nagpur,Maharashtra,India
SYN_P_0875,Mohit Das,F,1976-06-05,48,Ghaziabad,Uttar Pradesh,India
SYN_P_0876,Priya Arora,M,1999-01-06,28,Surat,Gujarat,India
SYN_P_0877,Swati Menon,F,2007-02-08,44,Bhopal,Madhya Pradesh,India
SYN_P_0878,Karan Chauhan,M,2001-04-01,41,Bengaluru,Karnataka,India
SYN_P_0879,Nikhil Yadav,M,2000-11-28,40,Kolkata,West Bengal,India
SYN_P_0880,Sameer Sethi,F,1985-03-09,60,Nagpur,Maharashtra,India
SYN_P_0881,Vivaan Pandey,M,2009-09-03,49,Chennai,Tamil Nadu,India
SYN_P_0882,Raj Khanna,M,1974-01-10,33,Hyderabad,Telangana,India
SYN_P_0883,Rahul Arora,M,2003-07-16,67,Ranchi,Jharkhand,India
SYN_P_0884,Yash Agarwal,M,1977-09-12,68,Ahmedabad,Gujarat,India
SYN_P_0885,Harsh Kapoor,M,1974-11-23,60,Chennai,Tamil Nadu,India
SYN_P_0886,Vikram Singh,F,1983-04-02,21,Noida,Uttar Pradesh,India
SYN_P_0887,Deepak Patil,M,2000-10-18,40,Pune,Maharashtra,India
SYN_P_0888,Divya Malhotra,F,2010-05-18,22,Ranchi,Jharkhand,India
SYN_P_0889,Pallavi Sarkar,M,1999-10-10,68,Chennai,Tamil Nadu,India
SYN_P_0890,Priya Dubey,M,2018-04-08,34,Bhopal,Madhya Pradesh,India
SYN_P_0891,Simran Sharma,F,2019-01-09,56,Indore,Madhya Pradesh,India
SYN_P_0892,Rahul Verma,M,2013-05-02,65,Ghaziabad,Uttar Pradesh,India
SYN_P_0893,Manish Reddy,F,1971-08-26,58,Meerut,Uttar Pradesh,India
SYN_P_0894,Sakshi Das,M,2017-04-06,37,Chandigarh,Chandigarh,India
SYN_P_0895,Neha Shukla,M,1985-04-13,39,Patna,Bihar,India
SYN_P_0896,Pranav Jain,F,1988-01-03,24,Patna,Bihar,India
SYN_P_0897,Arjun Tiwari,M,2011-09-18,25,Pune,Maharashtra,India
SYN_P_0898,Anurag Banerjee,F,2004-11-13,63,Kanpur,Uttar Pradesh,India
SYN_P_0899,Rohan Jain,M,2002-04-26,22,Indore,Madhya Pradesh,India
SYN_P_0900,Nisha Nair,F,1996-03-29,35,Bhopal,Madhya Pradesh,India
SYN_P_0901,Sneha Tiwari,M,2004-02-26,41,Noida,Uttar Pradesh,India
SYN_P_0902,Swati Kapoor,M,2013-06-25,32,Kolkata,West Bengal,India
SYN_P_0903,Aarav Mukherjee,F,1987-11-04,56,Indore,Madhya Pradesh,India
SYN_P_0904,Sneha Pandey,M,1971-12-06,36,Patna,Bihar,India
SYN_P_0905,Saurabh Dutta,F,2017-06-30,42,Indore,Madhya Pradesh,India
SYN_P_0906,Meera Mehta,F,2013-12-15,68,Nagpur,Maharashtra,India
SYN_P_0907,Neha Arora,M,1984-02-01,43,Mumbai,Maharashtra,India
SYN_P_0908,Rohan Menon,F,2001-07-28,61,Ahmedabad,Gujarat,India
SYN_P_0909,Pooja Nair,M,1997-02-14,53,Meerut,Uttar Pradesh,India
SYN_P_0910,Vivaan Khanna,M,1994-10-01,61,Delhi,Delhi,India
SYN_P_0911,Priya Singh,F,1993-02-12,22,Meerut,Uttar Pradesh,India
SYN_P_0912,Nisha Khanna,M,1995-02-20,30,Dehradun,Uttarakhand,India
SYN_P_0913,Rishabh Tripathi,F,2000-08-30,63,Chandigarh,Chandigarh,India
SYN_P_0914,Muskan Verma,M,1982-04-25,67,Hyderabad,Telangana,India
SYN_P_0915,Abhishek Gupta,M,2004-04-16,47,Bhubaneswar,Odisha,India
SYN_P_0916,Nisha Agarwal,M,1991-07-26,48,Hyderabad,Telangana,India
SYN_P_0917,Muskan Wadhwa,F,1998-01-10,49,Chennai,Tamil Nadu,India
SYN_P_0918,Harsh Malhotra,M,2018-08-24,34,Kolkata,West Bengal,India
SYN_P_0919,Aditya Sethi,M,1982-06-07,29,Ranchi,Jharkhand,India
SYN_P_0920,Pooja Bhatia,M,1997-09-21,48,Kolkata,West Bengal,India
SYN_P_0921,Komal Chatterjee,M,1983-01-09,41,Chandigarh,Chandigarh,India
SYN_P_0922,Priya Banerjee,M,1976-02-01,32,Surat,Gujarat,India
SYN_P_0923,Komal Jadhav,M,1998-06-30,67,Pune,Maharashtra,India
SYN_P_0924,Aditya Chauhan,F,1972-08-24,47,Nagpur,Maharashtra,India
SYN_P_0925,Mohit Singh,F,2006-11-23,49,Surat,Gujarat,India
SYN_P_0926,Yash Rana,M,1994-07-25,33,Patna,Bihar,India
SYN_P_0927,Pooja Patil,M,1979-07-31,32,Kolkata,West Bengal,India
SYN_P_0928,Pallavi Ghosh,F,1972-05-08,59,Ranchi,Jharkhand,India
SYN_P_0929,Karan Arora,M,1990-09-19,35,Hyderabad,Telangana,India
SYN_P_0930,Gaurav Sinha,F,1972-05-04,26,Lucknow,Uttar Pradesh,India
SYN_P_0931,Muskan Dubey,M,2012-10-04,53,Pune,Maharashtra,India
SYN_P_0932,Akash Mehta,F,2012-01-21,32,Delhi,Delhi,India
SYN_P_0933,Sakshi Shukla,F,2004-10-05,51,Bengaluru,Karnataka,India
SYN_P_0934,Isha Chopra,M,1982-05-04,33,Meerut,Uttar Pradesh,India
SYN_P_0935,Pooja Chauhan,M,1990-04-20,47,Haridwar,Uttarakhand,India
SYN_P_0936,Meera Chauhan,F,1971-05-07,47,Ahmedabad,Gujarat,India
SYN_P_0937,Gaurav Bansal,M,1989-12-19,34,Ghaziabad,Uttar Pradesh,India
SYN_P_0938,Divya Dubey,M,1975-12-08,49,Meerut,Uttar Pradesh,India
SYN_P_0939,Abhishek Dubey,F,2013-12-15,50,Bhubaneswar,Odisha,India
SYN_P_0940,Abhishek Mukherjee,F,1992-02-21,46,Lucknow,Uttar Pradesh,India
SYN_P_0941,Gaurav Yadav,F,1973-10-02,67,Pune,Maharashtra,India
SYN_P_0942,Nisha Kumar,F,1998-01-27,60,Haridwar,Uttarakhand,India
SYN_P_0943,Nisha Sinha,M,2018-02-06,54,Mumbai,Maharashtra,India
SYN_P_0944,Muskan Chatterjee,F,1979-10-23,50,Surat,Gujarat,India
SYN_P_0945,Nikhil Verma,M,1973-10-21,54,Jaipur,Rajasthan,India
SYN_P_0946,Tanvi Dubey,F,2018-04-03,68,Hyderabad,Telangana,India
SYN_P_0947,Rishabh Arora,F,1973-07-10,54,Bengaluru,Karnataka,India
SYN_P_0948,Aditya Das,M,1974-06-04,39,Pune,Maharashtra,India
SYN_P_0949,Sameer Arora,F,2009-06-08,40,Bengaluru,Karnataka,India
SYN_P_0950,Rishabh Dubey,F,1995-08-26,31,Meerut,Uttar Pradesh,India
SYN_P_0951,Sneha Malhotra,F,2007-11-26,60,Surat,Gujarat,India
SYN_P_0952,Ayush Joshi,M,1974-11-23,50,Bhubaneswar,Odisha,India
SYN_P_0953,Shreya Yadav,M,2010-07-11,67,Ranchi,Jharkhand,India
SYN_P_0954,Kavya Jain,M,2014-12-01,32,Surat,Gujarat,India
SYN_P_0955,Rajat Sarkar,M,2019-01-08,46,Mumbai,Maharashtra,India
SYN_P_0956,Sameer Srivastava,F,2007-02-07,49,Ghaziabad,Uttar Pradesh,India
SYN_P_0957,Mohit Jain,M,1972-03-27,50,Haridwar,Uttarakhand,India
SYN_P_0958,Vikram Gupta,F,1988-02-12,26,Noida,Uttar Pradesh,India
SYN_P_0959,Sameer Chopra,F,1992-06-08,65,Ranchi,Jharkhand,India
SYN_P_0960,Rahul Chatterjee,M,1984-09-17,26,Meerut,Uttar Pradesh,India
SYN_P_0961,Abhishek Sarkar,F,1980-03-29,61,Delhi,Delhi,India
SYN_P_0962,Rohan Reddy,M,2002-07-24,54,Mumbai,Maharashtra,India
SYN_P_0963,Pranav Bansal,M,2004-06-16,45,Indore,Madhya Pradesh,India
SYN_P_0964,Swati Sarkar,M,2004-02-23,31,Meerut,Uttar Pradesh,India
SYN_P_0965,Saurabh Arora,M,2000-01-27,31,Patna,Bihar,India
SYN_P_0966,Aditi Mishra,M,1982-12-22,66,Kanpur,Uttar Pradesh,India
SYN_P_0967,Karan Saxena,F,1974-08-09,40,Bhubaneswar,Odisha,India
SYN_P_0968,Rishabh Reddy,F,1997-10-08,39,Chandigarh,Chandigarh,India
SYN_P_0969,Sneha Arora,M,1986-03-19,29,Hyderabad,Telangana,India
SYN_P_0970,Naveen Reddy,M,1988-03-14,60,Kanpur,Uttar Pradesh,India
SYN_P_0971,Rahul Gupta,M,1992-09-15,50,Chennai,Tamil Nadu,India
SYN_P_0972,Swati Kohli,F,2014-08-24,55,Kanpur,Uttar Pradesh,India
SYN_P_0973,Anurag Gill,F,1970-07-08,36,Mumbai,Maharashtra,India
SYN_P_0974,Yash Ghosh,F,1989-06-16,50,Chennai,Tamil Nadu,India
SYN_P_0975,Naveen Chatterjee,F,2006-10-18,26,Ahmedabad,Gujarat,India
SYN_P_0976,Neha Sethi,M,1970-08-04,56,Surat,Gujarat,India
SYN_P_0977,Vikram Gill,M,1994-12-14,24,Chandigarh,Chandigarh,India
SYN_P_0978,Kavya Banerjee,M,1986-08-01,24,Nagpur,Maharashtra,India
SYN_P_0979,Riya Chopra,M,2001-04-24,30,Indore,Madhya Pradesh,India
SYN_P_0980,Gaurav Nair,F,1972-11-28,42,Kanpur,Uttar Pradesh,India
SYN_P_0981,Neha Kapoor,M,1977-11-13,27,Kanpur,Uttar Pradesh,India
SYN_P_0982,Nikhil Joshi,M,2007-05-29,31,Indore,Madhya Pradesh,India
SYN_P_0983,Abhishek Menon,M,1995-07-07,50,Patna,Bihar,India
SYN_P_0984,Rajat Saxena,M,2002-04-25,26,Ahmedabad,Gujarat,India
SYN_P_0985,Nisha Reddy,F,1996-11-07,44,Nagpur,Maharashtra,India
SYN_P_0986,Akash Malhotra,M,2003-12-31,48,Delhi,Delhi,India
SYN_P_0987,Nisha Rana,F,1975-10-29,51,Bhubaneswar,Odisha,India
SYN_P_0988,Simran Iyer,M,1982-01-26,65,Bhopal,Madhya Pradesh,India
SYN_P_0989,Shreya Bansal,F,1994-08-15,54,Jaipur,Rajasthan,India
SYN_P_0990,Riya Naidu,M,2007-02-14,65,Surat,Gujarat,India
SYN_P_0991,Meera Mukherjee,M,1988-10-03,27,Kolkata,West Bengal,India
SYN_P_0992,Harsh Rao,M,2017-06-15,51,Ahmedabad,Gujarat,India
SYN_P_0993,Rahul Singh,F,1995-10-07,59,Nagpur,Maharashtra,India
SYN_P_0994,Shreya Gill,F,1998-05-24,54,Delhi,Delhi,India
SYN_P_0995,Sneha Tripathi,M,2001-09-30,60,Ranchi,Jharkhand,India
SYN_P_0996,Shreya Srivastava,F,2014-07-14,52,Jaipur,Rajasthan,India
SYN_P_0997,Anurag Mukherjee,M,1986-02-21,66,Jaipur,Rajasthan,India
SYN_P_0998,Nisha Verma,M,1996-01-23,21,Dehradun,Uttarakhand,India
SYN_P_0999,Ananya Banerjee,M,1980-08-09,50,Ranchi,Jharkhand,India
SYN_P_1000,Priya Tiwari,M,1980-07-31,60,Ghaziabad,Uttar Pradesh,India
SYN_P_1001,Rohan Bose,F,2007-03-14,23,Kolkata,West Bengal,India
SYN_P_1002,Yash Sarkar,F,1999-12-12,56,Meerut,Uttar Pradesh,India
SYN_P_1003,Yash Kohli,M,1989-01-18,61,Chennai,Tamil Nadu,India
SYN_P_1004,Abhishek Sinha,F,1988-01-19,37,Kanpur,Uttar Pradesh,India
SYN_P_1005,Naveen Jain,F,1976-02-01,40,Pune,Maharashtra,India
SYN_P_1006,Ankit Kumar,F,2015-06-17,21,Mumbai,Maharashtra,India
SYN_P_1007,Deepak Khanna,F,1980-03-19,42,Jaipur,Rajasthan,India
SYN_P_1008,Simran Pandey,M,2005-07-13,32,Surat,Gujarat,India
SYN_P_1009,Mohit Wadhwa,F,1987-05-29,42,Meerut,Uttar Pradesh,India
SYN_P_1010,Nikhil Deshmukh,F,2012-12-25,23,Dehradun,Uttarakhand,India
SYN_P_1011,Aditi Jadhav,F,1982-03-07,30,Patna,Bihar,India
SYN_P_1012,Ananya Rana,F,2011-04-29,50,Bengaluru,Karnataka,India
SYN_P_1013,Raj Srivastava,M,2007-02-20,54,Hyderabad,Telangana,India
SYN_P_1014,Riya Sethi,F,1996-11-08,56,Indore,Madhya Pradesh,India
SYN_P_1015,Arjun Kumar,M,2018-01-28,34,Mumbai,Maharashtra,India
SYN_P_1016,Deepak Deshmukh,F,1999-10-05,25,Bhopal,Madhya Pradesh,India
SYN_P_1017,Isha Ghosh,F,1983-05-25,22,Nagpur,Maharashtra,India
SYN_P_1018,Tanvi Patil,F,2000-06-05,61,Bhopal,Madhya Pradesh,India
SYN_P_1019,Deepak Iyer,M,2017-12-07,57,Nagpur,Maharashtra,India
SYN_P_1020,Aarav Agarwal,M,2004-12-13,59,Kolkata,West Bengal,India
SYN_P_1021,Rajat Kohli,F,1980-06-25,66,Meerut,Uttar Pradesh,India
SYN_P_1022,Aditya Sinha,M,1998-03-20,38,Pune,Maharashtra,India
SYN_P_1023,Arjun Rao,M,2007-02-17,52,Pune,Maharashtra,India
SYN_P_1024,Deepak Gupta,F,1991-04-28,49,Surat,Gujarat,India
SYN_P_1025,Shubham Nair,M,1997-02-24,54,Bhopal,Madhya Pradesh,India
SYN_P_1026,Sameer Wadhwa,M,1997-02-14,28,Kanpur,Uttar Pradesh,India
SYN_P_1027,Kavya Yadav,M,2003-07-29,33,Patna,Bihar,India
SYN_P_1028,Simran Chatterjee,F,1978-04-23,53,Ranchi,Jharkhand,India
SYN_P_1029,Simran Jain,F,1972-03-28,53,Haridwar,Uttarakhand,India
SYN_P_1030,Vikram Agarwal,M,1983-10-28,42,Bhopal,Madhya Pradesh,India
SYN_P_1031,Swati Bhatia,F,2013-05-17,41,Kolkata,West Bengal,India
SYN_P_1032,Naveen Kapoor,M,1982-11-09,54,Ghaziabad,Uttar Pradesh,India
SYN_P_1033,Vikram Joshi,M,1981-11-27,67,Patna,Bihar,India
SYN_P_1034,Nikhil Sinha,F,1973-04-12,45,Lucknow,Uttar Pradesh,India
SYN_P_1035,Aditi Iyer,M,2016-11-11,21,Mumbai,Maharashtra,India
SYN_P_1036,Sneha Rana,M,1997-11-25,64,Meerut,Uttar Pradesh,India
SYN_P_1037,Rishabh Bhatia,F,1977-10-24,50,Chandigarh,Chandigarh,India
SYN_P_1038,Tanvi Jain,M,1974-02-20,54,Haridwar,Uttarakhand,India
SYN_P_1039,Pranav Kohli,M,1998-01-13,57,Meerut,Uttar Pradesh,India
SYN_P_1040,Vivaan Das,M,1998-01-02,41,Kanpur,Uttar Pradesh,India
